threat_id,threat_name,threat_category,indicator_type,indicator_value,source_name,source_reliability,confidence_score,severity,risk_score,status,first_seen,last_seen,description,mitre_tactic,mitre_technique
THR-2026-00001,Synthetic Malware Observation,MALWARE,IP ADDRESS,192.0.2.2,Security Vendor,B,63,HIGH,63.1,CLOSED,2025-11-18,2025-12-06,SYNTHETIC / DEMO ONLY. Defensive analytics record.,Initial Access,Phishing
THR-2026-00002,Synthetic Malware Observation,MALWARE,DOMAIN,example.net,Community Submission,C,38,LOW,48.15,CLOSED,2025-06-01,2025-06-08,SYNTHETIC / DEMO ONLY. Defensive analytics record.,Exfiltration,Network Service Discovery
THR-2026-00003,Synthetic Phishing Observation,PHISHING,DOMAIN,demo.invalid,Public Threat Feed,B,70,HIGH,64.35,CLOSED,2025-11-10,2025-11-12,SYNTHETIC / DEMO ONLY. Defensive analytics record.,Initial Access,Network Service Discovery
THR-2026-00004,Synthetic Network Threats Observation,NETWORK THREATS,EMAIL/SENDER DOMAIN,example.com,Internal SOC,A,93,MEDIUM,68.8,MONITORING,2025-11-22,2025-12-09,SYNTHETIC / DEMO ONLY. Defensive analytics record.,Exfiltration,Network Service Discovery
THR-2026-00005,Synthetic Account Security Observation,ACCOUNT SECURITY,DOMAIN,example.org,Internal SOC,A,64,HIGH,62.4,MONITORING,2025-11-11,2025-11-23,SYNTHETIC / DEMO ONLY. Defensive analytics record.,Command and Control,Network Service Discovery
THR-2026-00006,Synthetic Ransomware Observation,RANSOMWARE,URL,https://example.com/demo/6,Unknown Source,D,69,MEDIUM,60.3,FALSE_POSITIVE,2025-02-10,2025-02-15,SYNTHETIC / DEMO ONLY. Defensive analytics record.,Credential Access,Valid Accounts
THR-2026-00007,Synthetic Social Engineering Observation,SOCIAL ENGINEERING,FILE HASH,08494d5c79a3c48cf2ed137ff9f1a3db997ed9622475d74560f377c0d1f7977b,Unknown Source,D,63,MEDIUM,56.6,NEW,2025-09-06,2025-10-02,SYNTHETIC / DEMO ONLY. Defensive analytics record.,Discovery,Application Layer Protocol
THR-2026-00008,Synthetic Web Threats Observation,WEB THREATS,IP ADDRESS,192.0.2.9,Community Submission,C,75,LOW,56.2,UNDER_REVIEW,2025-02-06,2025-02-20,SYNTHETIC / DEMO ONLY. Defensive analytics record.,Discovery,Valid Accounts
THR-2026-00009,Synthetic Credential Threats Observation,CREDENTIAL THREATS,CVE ID,CVE-2026-1009,Public Threat Feed,B,89,MEDIUM,72.5,FALSE_POSITIVE,2025-09-11,2025-09-15,SYNTHETIC / DEMO ONLY. Defensive analytics record.,Command and Control,Phishing
THR-2026-00010,Synthetic Phishing Observation,PHISHING,IP ADDRESS,192.0.2.11,Security Vendor,B,89,LOW,58.85,CLOSED,2025-06-20,2025-07-09,SYNTHETIC / DEMO ONLY. Defensive analytics record.,Exfiltration,Network Service Discovery
THR-2026-00011,Synthetic Data Exposure Observation,DATA EXPOSURE,IP ADDRESS,192.0.2.12,Internal SOC,A,69,HIGH,72.1,UNDER_REVIEW,2025-08-04,2025-08-17,SYNTHETIC / DEMO ONLY. Defensive analytics record.,Command and Control,Phishing
THR-2026-00012,Synthetic Web Threats Observation,WEB THREATS,EMAIL/SENDER DOMAIN,example.com,Community Submission,C,48,HIGH,68.1,UNDER_REVIEW,2025-02-24,2025-03-02,SYNTHETIC / DEMO ONLY. Defensive analytics record.,Discovery,Valid Accounts
THR-2026-00013,Synthetic Data Exposure Observation,DATA EXPOSURE,EMAIL/SENDER DOMAIN,example.org,Community Submission,C,76,CRITICAL,68.7,MONITORING,2025-06-30,2025-07-28,SYNTHETIC / DEMO ONLY. Defensive analytics record.,Credential Access,Phishing
THR-2026-00014,Synthetic Credential Threats Observation,CREDENTIAL THREATS,EMAIL/SENDER DOMAIN,example.com,Internal SOC,A,97,CRITICAL,81.05,CLOSED,2025-10-28,2025-11-18,SYNTHETIC / DEMO ONLY. Defensive analytics record.,Exfiltration,Valid Accounts
THR-2026-00015,Synthetic Web Threats Observation,WEB THREATS,EMAIL/SENDER DOMAIN,example.org,Research Report,C,62,HIGH,66.15,MONITORING,2025-06-11,2025-07-02,SYNTHETIC / DEMO ONLY. Defensive analytics record.,Command and Control,Data from Local System
THR-2026-00016,Synthetic Social Engineering Observation,SOCIAL ENGINEERING,IP ADDRESS,192.0.2.17,Internal SOC,A,78,LOW,60.75,UNDER_REVIEW,2025-09-06,2025-09-24,SYNTHETIC / DEMO ONLY. Defensive analytics record.,Initial Access,Phishing
THR-2026-00017,Synthetic Phishing Observation,PHISHING,DOMAIN,example.org,Internal SOC,A,77,LOW,56.0,CLOSED,2025-08-12,2025-09-02,SYNTHETIC / DEMO ONLY. Defensive analytics record.,Credential Access,Data from Local System
THR-2026-00018,Synthetic Ransomware Observation,RANSOMWARE,CVE ID,CVE-2026-1018,Community Submission,C,95,CRITICAL,81.95,NEW,2025-09-26,2025-09-29,SYNTHETIC / DEMO ONLY. Defensive analytics record.,Command and Control,Network Service Discovery
THR-2026-00019,Synthetic Vulnerability Exposure Observation,VULNERABILITY EXPOSURE,FILE HASH,e1bc81204100fabbf2e35f752b1e6cb709b70243801afe92695774033d7e57d3,Unknown Source,D,41,MEDIUM,46.75,MONITORING,2025-06-09,2025-07-02,SYNTHETIC / DEMO ONLY. Defensive analytics record.,Initial Access,Valid Accounts
THR-2026-00020,Synthetic Credential Threats Observation,CREDENTIAL THREATS,DOMAIN,example.com,Security Vendor,B,89,MEDIUM,64.4,NEW,2025-08-27,2025-09-23,SYNTHETIC / DEMO ONLY. Defensive analytics record.,Command and Control,Data from Local System
THR-2026-00021,Synthetic Malware Observation,MALWARE,IP ADDRESS,192.0.2.22,Community Submission,C,36,HIGH,51.6,CLOSED,2025-06-07,2025-06-22,SYNTHETIC / DEMO ONLY. Defensive analytics record.,Credential Access,Application Layer Protocol
THR-2026-00022,Synthetic Phishing Observation,PHISHING,DOMAIN,example.net,Research Report,C,68,MEDIUM,62.3,FALSE_POSITIVE,2025-01-10,2025-02-09,SYNTHETIC / DEMO ONLY. Defensive analytics record.,Command and Control,Valid Accounts
THR-2026-00023,Synthetic Credential Threats Observation,CREDENTIAL THREATS,URL,https://example.com/demo/23,Internal SOC,A,42,LOW,49.2,CLOSED,2025-12-07,2025-12-25,SYNTHETIC / DEMO ONLY. Defensive analytics record.,Exfiltration,Data from Local System
THR-2026-00024,Synthetic Ransomware Observation,RANSOMWARE,IP ADDRESS,192.0.2.25,Internal SOC,A,58,CRITICAL,71.7,UNDER_REVIEW,2025-01-21,2025-02-17,SYNTHETIC / DEMO ONLY. Defensive analytics record.,Command and Control,Phishing
THR-2026-00025,Synthetic Account Security Observation,ACCOUNT SECURITY,DOMAIN,example.org,Internal SOC,A,45,MEDIUM,66.05,MONITORING,2025-04-09,2025-04-19,SYNTHETIC / DEMO ONLY. Defensive analytics record.,Credential Access,Network Service Discovery
THR-2026-00026,Synthetic Credential Threats Observation,CREDENTIAL THREATS,URL,https://example.com/demo/26,Unknown Source,D,73,MEDIUM,57.15,FALSE_POSITIVE,2025-12-28,2026-01-11,SYNTHETIC / DEMO ONLY. Defensive analytics record.,Exfiltration,Phishing
THR-2026-00027,Synthetic Malware Observation,MALWARE,EMAIL/SENDER DOMAIN,example.org,Public Threat Feed,B,51,LOW,43.55,UNDER_REVIEW,2025-06-26,2025-07-05,SYNTHETIC / DEMO ONLY. Defensive analytics record.,Command and Control,Data from Local System
THR-2026-00028,Synthetic Web Threats Observation,WEB THREATS,EMAIL/SENDER DOMAIN,example.com,Unknown Source,D,36,CRITICAL,70.8,UNDER_REVIEW,2025-01-27,2025-01-30,SYNTHETIC / DEMO ONLY. Defensive analytics record.,Discovery,Phishing
THR-2026-00029,Synthetic Malware Observation,MALWARE,CVE ID,CVE-2026-1029,Public Threat Feed,B,71,MEDIUM,63.95,MONITORING,2025-09-19,2025-10-10,SYNTHETIC / DEMO ONLY. Defensive analytics record.,Exfiltration,Application Layer Protocol
THR-2026-00030,Synthetic Web Threats Observation,WEB THREATS,IP ADDRESS,192.0.2.31,Research Report,C,70,LOW,41.7,MONITORING,2025-10-27,2025-11-16,SYNTHETIC / DEMO ONLY. Defensive analytics record.,Credential Access,Application Layer Protocol
THR-2026-00031,Synthetic Data Exposure Observation,DATA EXPOSURE,CVE ID,CVE-2026-1031,Internal SOC,A,49,MEDIUM,53.5,MONITORING,2025-12-14,2026-01-09,SYNTHETIC / DEMO ONLY. Defensive analytics record.,Exfiltration,Data from Local System
THR-2026-00032,Synthetic Ransomware Observation,RANSOMWARE,FILE HASH,7f627feea102a85c01fb37a1a42c5f031be7310ec2768ba116168dc758b77403,Public Threat Feed,B,81,LOW,51.1,NEW,2025-01-17,2025-01-24,SYNTHETIC / DEMO ONLY. Defensive analytics record.,Discovery,Data from Local System
THR-2026-00033,Synthetic Vulnerability Exposure Observation,VULNERABILITY EXPOSURE,EMAIL/SENDER DOMAIN,example.org,Security Vendor,B,55,HIGH,60.35,MONITORING,2025-10-02,2025-10-25,SYNTHETIC / DEMO ONLY. Defensive analytics record.,Command and Control,Valid Accounts
THR-2026-00034,Synthetic Web Threats Observation,WEB THREATS,DOMAIN,example.net,Internal SOC,A,83,HIGH,70.55,CLOSED,2025-09-21,2025-10-17,SYNTHETIC / DEMO ONLY. Defensive analytics record.,Discovery,Network Service Discovery
THR-2026-00035,Synthetic Credential Threats Observation,CREDENTIAL THREATS,DOMAIN,demo.invalid,Security Vendor,B,86,INFORMATIONAL,49.55,FALSE_POSITIVE,2025-08-12,2025-08-23,SYNTHETIC / DEMO ONLY. Defensive analytics record.,Command and Control,Data from Local System
THR-2026-00036,Synthetic Network Threats Observation,NETWORK THREATS,IP ADDRESS,192.0.2.37,Public Threat Feed,B,57,LOW,50.1,CLOSED,2025-11-07,2025-11-26,SYNTHETIC / DEMO ONLY. Defensive analytics record.,Discovery,Network Service Discovery
THR-2026-00037,Synthetic Vulnerability Exposure Observation,VULNERABILITY EXPOSURE,EMAIL/SENDER DOMAIN,example.org,Internal SOC,A,84,CRITICAL,80.8,CLOSED,2025-12-10,2026-01-01,SYNTHETIC / DEMO ONLY. Defensive analytics record.,Initial Access,Data from Local System
THR-2026-00038,Synthetic Data Exposure Observation,DATA EXPOSURE,CVE ID,CVE-2026-1038,Unknown Source,D,60,HIGH,61.55,MONITORING,2025-01-26,2025-02-24,SYNTHETIC / DEMO ONLY. Defensive analytics record.,Exfiltration,Network Service Discovery
THR-2026-00039,Synthetic Malware Observation,MALWARE,CVE ID,CVE-2026-1039,Community Submission,C,74,CRITICAL,80.4,MONITORING,2025-06-09,2025-07-01,SYNTHETIC / DEMO ONLY. Defensive analytics record.,Exfiltration,Valid Accounts
THR-2026-00040,Synthetic Credential Threats Observation,CREDENTIAL THREATS,FILE HASH,8d1e494a2ec8b47453e3b27dd5f85a388a826eff92d785b44fb3694f47a28db9,Research Report,C,57,HIGH,72.85,NEW,2025-06-08,2025-06-25,SYNTHETIC / DEMO ONLY. Defensive analytics record.,Discovery,Network Service Discovery
THR-2026-00041,Synthetic Credential Threats Observation,CREDENTIAL THREATS,FILE HASH,a01eefee2824020617ecc078be82e1c8d48be5d1c22caa56897eb8015dd4ee32,Community Submission,C,76,HIGH,75.0,FALSE_POSITIVE,2025-01-21,2025-01-27,SYNTHETIC / DEMO ONLY. Defensive analytics record.,Command and Control,Valid Accounts
THR-2026-00042,Synthetic Malware Observation,MALWARE,URL,https://example.com/demo/42,Unknown Source,D,77,MEDIUM,53.65,UNDER_REVIEW,2025-09-08,2025-10-03,SYNTHETIC / DEMO ONLY. Defensive analytics record.,Credential Access,Phishing
THR-2026-00043,Synthetic Phishing Observation,PHISHING,DOMAIN,demo.invalid,Community Submission,C,44,CRITICAL,74.95,CLOSED,2025-03-13,2025-03-19,SYNTHETIC / DEMO ONLY. Defensive analytics record.,Command and Control,Application Layer Protocol
THR-2026-00044,Synthetic Credential Threats Observation,CREDENTIAL THREATS,DOMAIN,example.com,Internal SOC,A,48,HIGH,62.4,CLOSED,2025-01-10,2025-01-26,SYNTHETIC / DEMO ONLY. Defensive analytics record.,Initial Access,Data from Local System
THR-2026-00045,Synthetic Credential Threats Observation,CREDENTIAL THREATS,IP ADDRESS,192.0.2.46,Research Report,C,75,MEDIUM,71.35,FALSE_POSITIVE,2025-05-28,2025-06-23,SYNTHETIC / DEMO ONLY. Defensive analytics record.,Command and Control,Valid Accounts
THR-2026-00046,Synthetic Social Engineering Observation,SOCIAL ENGINEERING,FILE HASH,410e6e4654deff120ed56c1ca700389150025b648cfa87e759ee4adbb910e1b6,Security Vendor,B,70,MEDIUM,71.8,CLOSED,2025-09-01,2025-09-09,SYNTHETIC / DEMO ONLY. Defensive analytics record.,Initial Access,Network Service Discovery
THR-2026-00047,Synthetic Credential Threats Observation,CREDENTIAL THREATS,URL,https://example.com/demo/47,Community Submission,C,45,MEDIUM,46.5,UNDER_REVIEW,2025-06-19,2025-07-11,SYNTHETIC / DEMO ONLY. Defensive analytics record.,Credential Access,Phishing
THR-2026-00048,Synthetic Vulnerability Exposure Observation,VULNERABILITY EXPOSURE,FILE HASH,2f1a85f4cead2b2f9074dd24c605b94fd8364c09c4be2a5f55191afd3555579f,Research Report,C,88,MEDIUM,58.7,FALSE_POSITIVE,2025-06-16,2025-07-14,SYNTHETIC / DEMO ONLY. Defensive analytics record.,Initial Access,Data from Local System
THR-2026-00049,Synthetic Vulnerability Exposure Observation,VULNERABILITY EXPOSURE,FILE HASH,d9ec4a45decfd3ed9a829684c31d0f7ac0227f5726b7e1f45bb66c3807dd8c64,Public Threat Feed,B,73,INFORMATIONAL,56.0,FALSE_POSITIVE,2025-03-28,2025-04-22,SYNTHETIC / DEMO ONLY. Defensive analytics record.,Credential Access,Application Layer Protocol
THR-2026-00050,Synthetic Credential Threats Observation,CREDENTIAL THREATS,URL,https://example.com/demo/50,Internal SOC,A,84,MEDIUM,66.25,UNDER_REVIEW,2025-05-07,2025-06-05,SYNTHETIC / DEMO ONLY. Defensive analytics record.,Exfiltration,Data from Local System
THR-2026-00051,Synthetic Phishing Observation,PHISHING,FILE HASH,b37e1d5783fe795b562015c76ab8cdab64e28570e4996ea832d0eb2a034a9670,Unknown Source,D,38,MEDIUM,45.3,NEW,2025-05-10,2025-05-15,SYNTHETIC / DEMO ONLY. Defensive analytics record.,Discovery,Application Layer Protocol
THR-2026-00052,Synthetic Network Threats Observation,NETWORK THREATS,DOMAIN,example.com,Public Threat Feed,B,83,MEDIUM,64.9,NEW,2025-11-21,2025-12-06,SYNTHETIC / DEMO ONLY. Defensive analytics record.,Exfiltration,Phishing
THR-2026-00053,Synthetic Network Threats Observation,NETWORK THREATS,DOMAIN,example.org,Unknown Source,D,40,HIGH,49.65,UNDER_REVIEW,2025-12-22,2026-01-10,SYNTHETIC / DEMO ONLY. Defensive analytics record.,Credential Access,Valid Accounts
THR-2026-00054,Synthetic Social Engineering Observation,SOCIAL ENGINEERING,CVE ID,CVE-2026-1054,Security Vendor,B,94,LOW,63.5,FALSE_POSITIVE,2025-10-08,2025-10-27,SYNTHETIC / DEMO ONLY. Defensive analytics record.,Initial Access,Valid Accounts
THR-2026-00055,Synthetic Web Threats Observation,WEB THREATS,IP ADDRESS,192.0.2.56,Public Threat Feed,B,83,MEDIUM,60.4,UNDER_REVIEW,2025-03-04,2025-03-26,SYNTHETIC / DEMO ONLY. Defensive analytics record.,Initial Access,Network Service Discovery
THR-2026-00056,Synthetic Account Security Observation,ACCOUNT SECURITY,IP ADDRESS,192.0.2.57,Community Submission,C,40,HIGH,65.6,NEW,2025-01-28,2025-02-08,SYNTHETIC / DEMO ONLY. Defensive analytics record.,Exfiltration,Network Service Discovery
THR-2026-00057,Synthetic Phishing Observation,PHISHING,FILE HASH,eb9d492c2aaca142a329e328acc09deec9505b1b91f5528f0c13e77bc2905a79,Internal SOC,A,90,HIGH,76.1,FALSE_POSITIVE,2025-05-24,2025-05-29,SYNTHETIC / DEMO ONLY. Defensive analytics record.,Discovery,Data from Local System
THR-2026-00058,Synthetic Data Exposure Observation,DATA EXPOSURE,FILE HASH,ed15c9a1249999ab10676113fb5aa54d64ee0b46b4fb4b50aab85821f1fa93c1,Unknown Source,D,69,MEDIUM,53.0,CLOSED,2025-08-12,2025-09-09,SYNTHETIC / DEMO ONLY. Defensive analytics record.,Credential Access,Application Layer Protocol
THR-2026-00059,Synthetic Account Security Observation,ACCOUNT SECURITY,EMAIL/SENDER DOMAIN,example.org,Public Threat Feed,B,38,HIGH,61.45,MONITORING,2025-04-27,2025-05-03,SYNTHETIC / DEMO ONLY. Defensive analytics record.,Discovery,Network Service Discovery
THR-2026-00060,Synthetic Web Threats Observation,WEB THREATS,EMAIL/SENDER DOMAIN,example.com,Public Threat Feed,B,36,HIGH,58.1,CLOSED,2025-08-31,2025-09-23,SYNTHETIC / DEMO ONLY. Defensive analytics record.,Command and Control,Data from Local System
THR-2026-00061,Synthetic Credential Threats Observation,CREDENTIAL THREATS,CVE ID,CVE-2026-1061,Unknown Source,D,97,MEDIUM,57.65,CLOSED,2025-08-04,2025-08-11,SYNTHETIC / DEMO ONLY. Defensive analytics record.,Credential Access,Network Service Discovery
THR-2026-00062,Synthetic Account Security Observation,ACCOUNT SECURITY,URL,https://example.com/demo/62,Community Submission,C,79,MEDIUM,67.95,CLOSED,2025-07-05,2025-07-27,SYNTHETIC / DEMO ONLY. Defensive analytics record.,Discovery,Network Service Discovery
THR-2026-00063,Synthetic Web Threats Observation,WEB THREATS,DOMAIN,demo.invalid,Security Vendor,B,75,LOW,53.75,CLOSED,2025-09-25,2025-10-01,SYNTHETIC / DEMO ONLY. Defensive analytics record.,Discovery,Data from Local System
THR-2026-00064,Synthetic Data Exposure Observation,DATA EXPOSURE,EMAIL/SENDER DOMAIN,example.com,Internal SOC,A,59,MEDIUM,58.2,NEW,2025-10-02,2025-10-11,SYNTHETIC / DEMO ONLY. Defensive analytics record.,Exfiltration,Valid Accounts
THR-2026-00065,Synthetic Web Threats Observation,WEB THREATS,IP ADDRESS,192.0.2.66,Community Submission,C,72,CRITICAL,76.6,NEW,2025-11-10,2025-12-07,SYNTHETIC / DEMO ONLY. Defensive analytics record.,Exfiltration,Network Service Discovery
THR-2026-00066,Synthetic Social Engineering Observation,SOCIAL ENGINEERING,FILE HASH,be891c7f5d908883f7beeabd435b2e96ef430beb771b2cd426f7d804af58b96e,Security Vendor,B,41,MEDIUM,53.8,CLOSED,2025-11-29,2025-12-11,SYNTHETIC / DEMO ONLY. Defensive analytics record.,Initial Access,Data from Local System
THR-2026-00067,Synthetic Phishing Observation,PHISHING,DOMAIN,demo.invalid,Community Submission,C,73,LOW,45.4,CLOSED,2025-03-22,2025-04-15,SYNTHETIC / DEMO ONLY. Defensive analytics record.,Exfiltration,Data from Local System
THR-2026-00068,Synthetic Account Security Observation,ACCOUNT SECURITY,DOMAIN,example.com,Research Report,C,92,HIGH,78.2,FALSE_POSITIVE,2025-05-27,2025-06-05,SYNTHETIC / DEMO ONLY. Defensive analytics record.,Exfiltration,Phishing
THR-2026-00069,Synthetic Account Security Observation,ACCOUNT SECURITY,CVE ID,CVE-2026-1069,Security Vendor,B,62,LOW,44.5,FALSE_POSITIVE,2025-09-01,2025-09-06,SYNTHETIC / DEMO ONLY. Defensive analytics record.,Initial Access,Valid Accounts
THR-2026-00070,Synthetic Phishing Observation,PHISHING,FILE HASH,d59c5ad2daabae09a9fb6d3782bdb1456fd7f22c37c4b23910ac84ffb0698c72,Community Submission,C,95,MEDIUM,58.75,MONITORING,2025-08-07,2025-08-29,SYNTHETIC / DEMO ONLY. Defensive analytics record.,Command and Control,Phishing
THR-2026-00071,Synthetic Credential Threats Observation,CREDENTIAL THREATS,URL,https://example.com/demo/71,Unknown Source,D,60,HIGH,62.5,UNDER_REVIEW,2025-09-08,2025-09-28,SYNTHETIC / DEMO ONLY. Defensive analytics record.,Discovery,Valid Accounts
THR-2026-00072,Synthetic Malware Observation,MALWARE,IP ADDRESS,192.0.2.73,Public Threat Feed,B,71,LOW,54.4,CLOSED,2025-01-14,2025-01-23,SYNTHETIC / DEMO ONLY. Defensive analytics record.,Discovery,Data from Local System
THR-2026-00073,Synthetic Data Exposure Observation,DATA EXPOSURE,FILE HASH,f301acfe0a9baf258aa3dca59b617af41db01d291d1d6cd4510fffdfb6727101,Community Submission,C,40,MEDIUM,57.35,NEW,2025-08-26,2025-08-26,SYNTHETIC / DEMO ONLY. Defensive analytics record.,Credential Access,Data from Local System
THR-2026-00074,Synthetic Account Security Observation,ACCOUNT SECURITY,IP ADDRESS,192.0.2.75,Unknown Source,D,69,CRITICAL,67.7,CLOSED,2025-05-06,2025-05-22,SYNTHETIC / DEMO ONLY. Defensive analytics record.,Discovery,Valid Accounts
THR-2026-00075,Synthetic Account Security Observation,ACCOUNT SECURITY,FILE HASH,d19d2c3b64a64143cab2cc5bdc383c410d9f472f91dbb80aa26545c0f721deb3,Research Report,C,46,HIGH,65.3,NEW,2025-07-15,2025-07-25,SYNTHETIC / DEMO ONLY. Defensive analytics record.,Credential Access,Network Service Discovery
THR-2026-00076,Synthetic Vulnerability Exposure Observation,VULNERABILITY EXPOSURE,CVE ID,CVE-2026-1076,Unknown Source,D,86,MEDIUM,60.9,MONITORING,2025-11-17,2025-11-27,SYNTHETIC / DEMO ONLY. Defensive analytics record.,Discovery,Phishing
THR-2026-00077,Synthetic Vulnerability Exposure Observation,VULNERABILITY EXPOSURE,EMAIL/SENDER DOMAIN,example.org,Internal SOC,A,94,HIGH,70.8,FALSE_POSITIVE,2025-04-11,2025-04-22,SYNTHETIC / DEMO ONLY. Defensive analytics record.,Command and Control,Application Layer Protocol
THR-2026-00078,Synthetic Phishing Observation,PHISHING,DOMAIN,example.net,Security Vendor,B,71,MEDIUM,64.55,FALSE_POSITIVE,2025-12-18,2026-01-07,SYNTHETIC / DEMO ONLY. Defensive analytics record.,Credential Access,Valid Accounts
THR-2026-00079,Synthetic Web Threats Observation,WEB THREATS,EMAIL/SENDER DOMAIN,example.org,Research Report,C,46,INFORMATIONAL,38.0,UNDER_REVIEW,2025-11-02,2025-11-22,SYNTHETIC / DEMO ONLY. Defensive analytics record.,Command and Control,Network Service Discovery
THR-2026-00080,Synthetic Data Exposure Observation,DATA EXPOSURE,CVE ID,CVE-2026-1080,Research Report,C,95,MEDIUM,69.95,UNDER_REVIEW,2025-10-19,2025-10-31,SYNTHETIC / DEMO ONLY. Defensive analytics record.,Exfiltration,Data from Local System
THR-2026-00081,Synthetic Ransomware Observation,RANSOMWARE,IP ADDRESS,192.0.2.82,Research Report,C,78,MEDIUM,60.1,MONITORING,2025-08-10,2025-09-02,SYNTHETIC / DEMO ONLY. Defensive analytics record.,Exfiltration,Data from Local System
THR-2026-00082,Synthetic Social Engineering Observation,SOCIAL ENGINEERING,DOMAIN,example.net,Research Report,C,79,MEDIUM,69.65,MONITORING,2025-06-22,2025-07-06,SYNTHETIC / DEMO ONLY. Defensive analytics record.,Credential Access,Valid Accounts
THR-2026-00083,Synthetic Account Security Observation,ACCOUNT SECURITY,FILE HASH,7ec7ac3433e68aec3fe144c41df3004295e8ea2e59242ddb145c1603a0d3799a,Research Report,C,40,LOW,48.8,UNDER_REVIEW,2025-06-18,2025-07-09,SYNTHETIC / DEMO ONLY. Defensive analytics record.,Command and Control,Phishing
THR-2026-00084,Synthetic Ransomware Observation,RANSOMWARE,EMAIL/SENDER DOMAIN,example.com,Public Threat Feed,B,47,CRITICAL,69.75,UNDER_REVIEW,2025-05-13,2025-05-13,SYNTHETIC / DEMO ONLY. Defensive analytics record.,Command and Control,Valid Accounts
THR-2026-00085,Synthetic Malware Observation,MALWARE,FILE HASH,e82e69cd6756c630a2b3d6ece66c6cbb94ae5485ab9e3a2e9a556cfd8e91b3f7,Public Threat Feed,B,78,HIGH,73.5,FALSE_POSITIVE,2025-07-17,2025-08-13,SYNTHETIC / DEMO ONLY. Defensive analytics record.,Command and Control,Network Service Discovery
THR-2026-00086,Synthetic Social Engineering Observation,SOCIAL ENGINEERING,EMAIL/SENDER DOMAIN,example.com,Internal SOC,A,65,INFORMATIONAL,52.05,NEW,2025-11-16,2025-11-29,SYNTHETIC / DEMO ONLY. Defensive analytics record.,Initial Access,Application Layer Protocol
THR-2026-00087,Synthetic Ransomware Observation,RANSOMWARE,CVE ID,CVE-2026-1087,Internal SOC,A,40,MEDIUM,50.25,CLOSED,2025-07-02,2025-07-13,SYNTHETIC / DEMO ONLY. Defensive analytics record.,Credential Access,Valid Accounts
THR-2026-00088,Synthetic Data Exposure Observation,DATA EXPOSURE,FILE HASH,fc06e9d21c9445b69babf263b2946dfa14aed297b1cfd429fd0d930b345ef33e,Security Vendor,B,56,MEDIUM,54.3,UNDER_REVIEW,2025-06-20,2025-07-09,SYNTHETIC / DEMO ONLY. Defensive analytics record.,Command and Control,Data from Local System
THR-2026-00089,Synthetic Ransomware Observation,RANSOMWARE,DOMAIN,example.org,Public Threat Feed,B,93,MEDIUM,62.3,FALSE_POSITIVE,2025-08-07,2025-08-28,SYNTHETIC / DEMO ONLY. Defensive analytics record.,Credential Access,Phishing
THR-2026-00090,Synthetic Social Engineering Observation,SOCIAL ENGINEERING,URL,https://example.com/demo/90,Public Threat Feed,B,89,CRITICAL,84.35,CLOSED,2025-07-31,2025-08-06,SYNTHETIC / DEMO ONLY. Defensive analytics record.,Command and Control,Phishing
THR-2026-00091,Synthetic Credential Threats Observation,CREDENTIAL THREATS,FILE HASH,c57086ba3acd03536e22c6960664952b45df8017cd3a0a31277854223dbfc8d0,Community Submission,C,72,MEDIUM,60.25,MONITORING,2025-01-29,2025-02-10,SYNTHETIC / DEMO ONLY. Defensive analytics record.,Initial Access,Data from Local System
THR-2026-00092,Synthetic Phishing Observation,PHISHING,EMAIL/SENDER DOMAIN,example.com,Public Threat Feed,B,64,HIGH,71.05,FALSE_POSITIVE,2025-02-10,2025-02-16,SYNTHETIC / DEMO ONLY. Defensive analytics record.,Discovery,Valid Accounts
THR-2026-00093,Synthetic Malware Observation,MALWARE,CVE ID,CVE-2026-1093,Public Threat Feed,B,91,HIGH,74.95,MONITORING,2025-10-26,2025-10-28,SYNTHETIC / DEMO ONLY. Defensive analytics record.,Discovery,Application Layer Protocol
THR-2026-00094,Synthetic Ransomware Observation,RANSOMWARE,DOMAIN,example.net,Community Submission,C,81,LOW,61.25,CLOSED,2025-10-09,2025-10-17,SYNTHETIC / DEMO ONLY. Defensive analytics record.,Discovery,Network Service Discovery
THR-2026-00095,Synthetic Malware Observation,MALWARE,FILE HASH,5ca271d6350fdd0ad53373af4a833faf960187826446c2f7b1d59c8717dea43d,Security Vendor,B,63,CRITICAL,81.85,CLOSED,2025-06-28,2025-06-30,SYNTHETIC / DEMO ONLY. Defensive analytics record.,Initial Access,Network Service Discovery
THR-2026-00096,Synthetic Data Exposure Observation,DATA EXPOSURE,IP ADDRESS,192.0.2.97,Unknown Source,D,68,MEDIUM,62.9,UNDER_REVIEW,2025-11-07,2025-11-28,SYNTHETIC / DEMO ONLY. Defensive analytics record.,Command and Control,Phishing
THR-2026-00097,Synthetic Account Security Observation,ACCOUNT SECURITY,EMAIL/SENDER DOMAIN,example.org,Community Submission,C,63,MEDIUM,59.35,CLOSED,2025-01-08,2025-01-17,SYNTHETIC / DEMO ONLY. Defensive analytics record.,Initial Access,Valid Accounts
THR-2026-00098,Synthetic Phishing Observation,PHISHING,IP ADDRESS,192.0.2.99,Research Report,C,49,MEDIUM,52.05,CLOSED,2025-10-24,2025-11-05,SYNTHETIC / DEMO ONLY. Defensive analytics record.,Discovery,Data from Local System
THR-2026-00099,Synthetic Vulnerability Exposure Observation,VULNERABILITY EXPOSURE,EMAIL/SENDER DOMAIN,example.org,Security Vendor,B,88,HIGH,75.5,MONITORING,2025-02-20,2025-03-05,SYNTHETIC / DEMO ONLY. Defensive analytics record.,Initial Access,Network Service Discovery
THR-2026-00100,Synthetic Credential Threats Observation,CREDENTIAL THREATS,FILE HASH,300623a02175caf09e1a45f582638c6d8afbc7d6876c14268f201c58fcca03e2,Security Vendor,B,81,MEDIUM,64.2,NEW,2025-02-05,2025-02-16,SYNTHETIC / DEMO ONLY. Defensive analytics record.,Command and Control,Network Service Discovery
THR-2026-00101,Synthetic Credential Threats Observation,CREDENTIAL THREATS,IP ADDRESS,192.0.2.102,Research Report,C,46,CRITICAL,73.15,MONITORING,2025-12-22,2025-12-23,SYNTHETIC / DEMO ONLY. Defensive analytics record.,Credential Access,Valid Accounts
THR-2026-00102,Synthetic Account Security Observation,ACCOUNT SECURITY,DOMAIN,example.net,Community Submission,C,61,LOW,51.2,UNDER_REVIEW,2025-07-17,2025-08-10,SYNTHETIC / DEMO ONLY. Defensive analytics record.,Exfiltration,Phishing
THR-2026-00103,Synthetic Web Threats Observation,WEB THREATS,DOMAIN,demo.invalid,Community Submission,C,67,CRITICAL,62.15,MONITORING,2025-10-26,2025-10-26,SYNTHETIC / DEMO ONLY. Defensive analytics record.,Credential Access,Data from Local System
THR-2026-00104,Synthetic Network Threats Observation,NETWORK THREATS,IP ADDRESS,192.0.2.105,Internal SOC,A,51,LOW,59.4,NEW,2025-11-04,2025-11-27,SYNTHETIC / DEMO ONLY. Defensive analytics record.,Command and Control,Application Layer Protocol
THR-2026-00105,Synthetic Network Threats Observation,NETWORK THREATS,EMAIL/SENDER DOMAIN,example.org,Research Report,C,63,MEDIUM,59.6,NEW,2025-07-31,2025-08-14,SYNTHETIC / DEMO ONLY. Defensive analytics record.,Initial Access,Application Layer Protocol
THR-2026-00106,Synthetic Vulnerability Exposure Observation,VULNERABILITY EXPOSURE,FILE HASH,ae5e4220291d726dad5e433499c0475b382ff0ff8e21a753e8918f7825216c21,Research Report,C,91,HIGH,64.35,NEW,2025-02-24,2025-02-28,SYNTHETIC / DEMO ONLY. Defensive analytics record.,Credential Access,Network Service Discovery
THR-2026-00107,Synthetic Account Security Observation,ACCOUNT SECURITY,CVE ID,CVE-2026-1107,Unknown Source,D,76,MEDIUM,68.1,FALSE_POSITIVE,2025-08-04,2025-08-18,SYNTHETIC / DEMO ONLY. Defensive analytics record.,Exfiltration,Application Layer Protocol
THR-2026-00108,Synthetic Malware Observation,MALWARE,CVE ID,CVE-2026-1108,Unknown Source,D,62,LOW,50.45,CLOSED,2025-06-04,2025-06-14,SYNTHETIC / DEMO ONLY. Defensive analytics record.,Command and Control,Application Layer Protocol
THR-2026-00109,Synthetic Malware Observation,MALWARE,URL,https://example.com/demo/109,Unknown Source,D,67,MEDIUM,55.6,NEW,2025-11-28,2025-11-30,SYNTHETIC / DEMO ONLY. Defensive analytics record.,Initial Access,Application Layer Protocol
THR-2026-00110,Synthetic Malware Observation,MALWARE,CVE ID,CVE-2026-1110,Security Vendor,B,42,HIGH,73.75,NEW,2025-07-17,2025-08-07,SYNTHETIC / DEMO ONLY. Defensive analytics record.,Command and Control,Network Service Discovery
THR-2026-00111,Synthetic Vulnerability Exposure Observation,VULNERABILITY EXPOSURE,CVE ID,CVE-2026-1111,Public Threat Feed,B,74,LOW,54.25,UNDER_REVIEW,2025-04-17,2025-04-23,SYNTHETIC / DEMO ONLY. Defensive analytics record.,Command and Control,Valid Accounts
THR-2026-00112,Synthetic Malware Observation,MALWARE,URL,https://example.com/demo/112,Public Threat Feed,B,49,HIGH,66.5,FALSE_POSITIVE,2025-05-27,2025-06-23,SYNTHETIC / DEMO ONLY. Defensive analytics record.,Exfiltration,Data from Local System
THR-2026-00113,Synthetic Data Exposure Observation,DATA EXPOSURE,IP ADDRESS,192.0.2.114,Unknown Source,D,69,HIGH,56.6,MONITORING,2025-01-07,2025-01-31,SYNTHETIC / DEMO ONLY. Defensive analytics record.,Discovery,Network Service Discovery
THR-2026-00114,Synthetic Phishing Observation,PHISHING,DOMAIN,example.net,Community Submission,C,86,HIGH,60.5,FALSE_POSITIVE,2025-11-16,2025-12-09,SYNTHETIC / DEMO ONLY. Defensive analytics record.,Credential Access,Application Layer Protocol
THR-2026-00115,Synthetic Vulnerability Exposure Observation,VULNERABILITY EXPOSURE,FILE HASH,87d74c1a538b2a35f340857151e83d1454c64fba3a3997818dfe989eee6e0dce,Public Threat Feed,B,74,MEDIUM,69.85,NEW,2025-03-02,2025-03-04,SYNTHETIC / DEMO ONLY. Defensive analytics record.,Credential Access,Valid Accounts
THR-2026-00116,Synthetic Account Security Observation,ACCOUNT SECURITY,IP ADDRESS,192.0.2.117,Public Threat Feed,B,91,HIGH,82.55,CLOSED,2025-02-25,2025-03-11,SYNTHETIC / DEMO ONLY. Defensive analytics record.,Discovery,Valid Accounts
THR-2026-00117,Synthetic Data Exposure Observation,DATA EXPOSURE,IP ADDRESS,192.0.2.118,Internal SOC,A,71,MEDIUM,74.7,MONITORING,2025-04-07,2025-04-28,SYNTHETIC / DEMO ONLY. Defensive analytics record.,Initial Access,Valid Accounts
THR-2026-00118,Synthetic Vulnerability Exposure Observation,VULNERABILITY EXPOSURE,EMAIL/SENDER DOMAIN,example.com,Security Vendor,B,73,LOW,48.5,NEW,2025-08-06,2025-08-16,SYNTHETIC / DEMO ONLY. Defensive analytics record.,Initial Access,Application Layer Protocol
THR-2026-00119,Synthetic Vulnerability Exposure Observation,VULNERABILITY EXPOSURE,DOMAIN,demo.invalid,Community Submission,C,64,LOW,59.15,NEW,2025-11-26,2025-12-08,SYNTHETIC / DEMO ONLY. Defensive analytics record.,Command and Control,Phishing
THR-2026-00120,Synthetic Social Engineering Observation,SOCIAL ENGINEERING,IP ADDRESS,192.0.2.121,Community Submission,C,89,HIGH,79.2,CLOSED,2025-08-06,2025-08-09,SYNTHETIC / DEMO ONLY. Defensive analytics record.,Initial Access,Network Service Discovery
THR-2026-00121,Synthetic Ransomware Observation,RANSOMWARE,EMAIL/SENDER DOMAIN,example.org,Unknown Source,D,81,MEDIUM,55.8,FALSE_POSITIVE,2025-08-30,2025-09-12,SYNTHETIC / DEMO ONLY. Defensive analytics record.,Command and Control,Data from Local System
THR-2026-00122,Synthetic Malware Observation,MALWARE,FILE HASH,547c22d93602fd51847393e02bf7a13f88f0bf008573c666c10317b18b2bac7c,Unknown Source,D,78,HIGH,63.4,NEW,2025-11-23,2025-12-09,SYNTHETIC / DEMO ONLY. Defensive analytics record.,Exfiltration,Data from Local System
THR-2026-00123,Synthetic Credential Threats Observation,CREDENTIAL THREATS,URL,https://example.com/demo/123,Unknown Source,D,53,MEDIUM,45.0,UNDER_REVIEW,2025-08-23,2025-08-29,SYNTHETIC / DEMO ONLY. Defensive analytics record.,Exfiltration,Valid Accounts
THR-2026-00124,Synthetic Malware Observation,MALWARE,DOMAIN,example.com,Unknown Source,D,98,CRITICAL,88.2,FALSE_POSITIVE,2025-05-17,2025-06-07,SYNTHETIC / DEMO ONLY. Defensive analytics record.,Exfiltration,Network Service Discovery
THR-2026-00125,Synthetic Network Threats Observation,NETWORK THREATS,DOMAIN,example.org,Research Report,C,91,MEDIUM,68.45,MONITORING,2025-03-05,2025-03-06,SYNTHETIC / DEMO ONLY. Defensive analytics record.,Exfiltration,Phishing
THR-2026-00126,Synthetic Web Threats Observation,WEB THREATS,FILE HASH,32d5d2a23dcc916e5b4350e3ef9a61212d4ec4412cc0044a7845c15579f89bbf,Internal SOC,A,82,MEDIUM,57.45,FALSE_POSITIVE,2025-02-21,2025-03-12,SYNTHETIC / DEMO ONLY. Defensive analytics record.,Command and Control,Application Layer Protocol
THR-2026-00127,Synthetic Account Security Observation,ACCOUNT SECURITY,EMAIL/SENDER DOMAIN,example.org,Unknown Source,D,40,CRITICAL,68.85,CLOSED,2025-07-21,2025-08-09,SYNTHETIC / DEMO ONLY. Defensive analytics record.,Exfiltration,Valid Accounts
THR-2026-00128,Synthetic Phishing Observation,PHISHING,FILE HASH,69c94949117dd05db5a21c60a0c72e1374b13c22c15c31ca110694c090a33462,Public Threat Feed,B,45,LOW,44.55,CLOSED,2025-08-28,2025-09-19,SYNTHETIC / DEMO ONLY. Defensive analytics record.,Command and Control,Data from Local System
THR-2026-00129,Synthetic Data Exposure Observation,DATA EXPOSURE,EMAIL/SENDER DOMAIN,example.org,Public Threat Feed,B,71,LOW,57.35,NEW,2025-01-19,2025-02-07,SYNTHETIC / DEMO ONLY. Defensive analytics record.,Discovery,Phishing
THR-2026-00130,Synthetic Network Threats Observation,NETWORK THREATS,IP ADDRESS,192.0.2.131,Research Report,C,71,MEDIUM,62.7,FALSE_POSITIVE,2025-07-15,2025-07-17,SYNTHETIC / DEMO ONLY. Defensive analytics record.,Credential Access,Network Service Discovery
THR-2026-00131,Synthetic Web Threats Observation,WEB THREATS,CVE ID,CVE-2026-1131,Research Report,C,51,HIGH,62.15,MONITORING,2025-03-21,2025-04-02,SYNTHETIC / DEMO ONLY. Defensive analytics record.,Credential Access,Data from Local System
THR-2026-00132,Synthetic Malware Observation,MALWARE,CVE ID,CVE-2026-1132,Community Submission,C,81,HIGH,66.05,UNDER_REVIEW,2025-10-01,2025-10-31,SYNTHETIC / DEMO ONLY. Defensive analytics record.,Discovery,Application Layer Protocol
THR-2026-00133,Synthetic Credential Threats Observation,CREDENTIAL THREATS,DOMAIN,example.org,Security Vendor,B,44,CRITICAL,65.7,FALSE_POSITIVE,2025-03-31,2025-04-26,SYNTHETIC / DEMO ONLY. Defensive analytics record.,Initial Access,Network Service Discovery
THR-2026-00134,Synthetic Account Security Observation,ACCOUNT SECURITY,DOMAIN,example.net,Security Vendor,B,55,MEDIUM,58.7,CLOSED,2025-05-22,2025-05-23,SYNTHETIC / DEMO ONLY. Defensive analytics record.,Discovery,Valid Accounts
THR-2026-00135,Synthetic Social Engineering Observation,SOCIAL ENGINEERING,EMAIL/SENDER DOMAIN,example.org,Unknown Source,D,92,MEDIUM,64.2,CLOSED,2025-07-27,2025-08-26,SYNTHETIC / DEMO ONLY. Defensive analytics record.,Credential Access,Network Service Discovery
THR-2026-00136,Synthetic Account Security Observation,ACCOUNT SECURITY,FILE HASH,3e810a79b58f6d036040e377d0533fa7dd98757c251da37b7b81eec3a56ed2e3,Public Threat Feed,B,83,MEDIUM,73.1,UNDER_REVIEW,2025-10-11,2025-11-06,SYNTHETIC / DEMO ONLY. Defensive analytics record.,Exfiltration,Valid Accounts
THR-2026-00137,Synthetic Web Threats Observation,WEB THREATS,IP ADDRESS,192.0.2.138,Public Threat Feed,B,48,HIGH,68.9,UNDER_REVIEW,2025-08-09,2025-08-11,SYNTHETIC / DEMO ONLY. Defensive analytics record.,Discovery,Application Layer Protocol
THR-2026-00138,Synthetic Data Exposure Observation,DATA EXPOSURE,DOMAIN,example.net,Internal SOC,A,63,HIGH,67.65,CLOSED,2025-06-03,2025-06-04,SYNTHETIC / DEMO ONLY. Defensive analytics record.,Exfiltration,Network Service Discovery
THR-2026-00139,Synthetic Credential Threats Observation,CREDENTIAL THREATS,FILE HASH,5cac9c35f9612f188d73457e395dcdf26eb5669abaac9312c3ddeb0604870838,Public Threat Feed,B,63,CRITICAL,65.45,MONITORING,2025-01-01,2025-01-21,SYNTHETIC / DEMO ONLY. Defensive analytics record.,Credential Access,Valid Accounts
THR-2026-00140,Synthetic Phishing Observation,PHISHING,URL,https://example.com/demo/140,Research Report,C,52,CRITICAL,77.7,NEW,2025-02-20,2025-02-20,SYNTHETIC / DEMO ONLY. Defensive analytics record.,Initial Access,Network Service Discovery
THR-2026-00141,Synthetic Credential Threats Observation,CREDENTIAL THREATS,DOMAIN,example.org,Unknown Source,D,89,MEDIUM,56.65,NEW,2025-07-31,2025-08-03,SYNTHETIC / DEMO ONLY. Defensive analytics record.,Credential Access,Application Layer Protocol
THR-2026-00142,Synthetic Account Security Observation,ACCOUNT SECURITY,FILE HASH,ccbd43cc80a1fe03052067b29328437e04404d7ba950b805b1bd88bd4a42d4a7,Research Report,C,37,LOW,55.3,UNDER_REVIEW,2025-08-31,2025-09-22,SYNTHETIC / DEMO ONLY. Defensive analytics record.,Discovery,Application Layer Protocol
THR-2026-00143,Synthetic Phishing Observation,PHISHING,EMAIL/SENDER DOMAIN,example.org,Community Submission,C,88,MEDIUM,59.7,FALSE_POSITIVE,2025-07-01,2025-07-03,SYNTHETIC / DEMO ONLY. Defensive analytics record.,Exfiltration,Data from Local System
THR-2026-00144,Synthetic Data Exposure Observation,DATA EXPOSURE,EMAIL/SENDER DOMAIN,example.com,Research Report,C,40,INFORMATIONAL,46.55,NEW,2025-08-25,2025-09-17,SYNTHETIC / DEMO ONLY. Defensive analytics record.,Discovery,Phishing
THR-2026-00145,Synthetic Network Threats Observation,NETWORK THREATS,DOMAIN,example.org,Unknown Source,D,48,HIGH,61.5,FALSE_POSITIVE,2025-12-10,2025-12-21,SYNTHETIC / DEMO ONLY. Defensive analytics record.,Discovery,Valid Accounts
THR-2026-00146,Synthetic Social Engineering Observation,SOCIAL ENGINEERING,CVE ID,CVE-2026-1146,Security Vendor,B,52,MEDIUM,52.1,NEW,2025-08-04,2025-08-10,SYNTHETIC / DEMO ONLY. Defensive analytics record.,Credential Access,Phishing
THR-2026-00147,Synthetic Network Threats Observation,NETWORK THREATS,URL,https://example.com/demo/147,Community Submission,C,95,MEDIUM,58.25,NEW,2025-08-08,2025-08-19,SYNTHETIC / DEMO ONLY. Defensive analytics record.,Discovery,Network Service Discovery
THR-2026-00148,Synthetic Malware Observation,MALWARE,URL,https://example.com/demo/148,Research Report,C,91,MEDIUM,65.0,CLOSED,2025-04-22,2025-05-14,SYNTHETIC / DEMO ONLY. Defensive analytics record.,Discovery,Data from Local System
THR-2026-00149,Synthetic Web Threats Observation,WEB THREATS,IP ADDRESS,192.0.2.150,Internal SOC,A,90,HIGH,79.85,NEW,2025-08-04,2025-08-14,SYNTHETIC / DEMO ONLY. Defensive analytics record.,Initial Access,Network Service Discovery
THR-2026-00150,Synthetic Web Threats Observation,WEB THREATS,URL,https://example.com/demo/150,Unknown Source,D,89,MEDIUM,62.05,MONITORING,2025-05-18,2025-05-19,SYNTHETIC / DEMO ONLY. Defensive analytics record.,Exfiltration,Application Layer Protocol
THR-2026-00151,Synthetic Web Threats Observation,WEB THREATS,CVE ID,CVE-2026-1151,Internal SOC,A,44,CRITICAL,76.25,UNDER_REVIEW,2025-04-14,2025-05-09,SYNTHETIC / DEMO ONLY. Defensive analytics record.,Initial Access,Valid Accounts
THR-2026-00152,Synthetic Account Security Observation,ACCOUNT SECURITY,CVE ID,CVE-2026-1152,Internal SOC,A,51,HIGH,60.85,FALSE_POSITIVE,2025-06-30,2025-07-12,SYNTHETIC / DEMO ONLY. Defensive analytics record.,Initial Access,Data from Local System
THR-2026-00153,Synthetic Ransomware Observation,RANSOMWARE,CVE ID,CVE-2026-1153,Public Threat Feed,B,82,MEDIUM,65.15,MONITORING,2025-10-23,2025-11-08,SYNTHETIC / DEMO ONLY. Defensive analytics record.,Command and Control,Network Service Discovery
THR-2026-00154,Synthetic Web Threats Observation,WEB THREATS,DOMAIN,example.net,Internal SOC,A,58,CRITICAL,80.3,MONITORING,2025-03-20,2025-03-23,SYNTHETIC / DEMO ONLY. Defensive analytics record.,Discovery,Application Layer Protocol
THR-2026-00155,Synthetic Credential Threats Observation,CREDENTIAL THREATS,EMAIL/SENDER DOMAIN,example.org,Research Report,C,60,MEDIUM,46.95,CLOSED,2025-05-15,2025-05-20,SYNTHETIC / DEMO ONLY. Defensive analytics record.,Initial Access,Network Service Discovery
THR-2026-00156,Synthetic Network Threats Observation,NETWORK THREATS,CVE ID,CVE-2026-1156,Community Submission,C,72,LOW,47.2,UNDER_REVIEW,2025-06-30,2025-07-16,SYNTHETIC / DEMO ONLY. Defensive analytics record.,Initial Access,Valid Accounts
THR-2026-00157,Synthetic Ransomware Observation,RANSOMWARE,DOMAIN,example.org,Internal SOC,A,81,HIGH,81.9,FALSE_POSITIVE,2025-05-07,2025-06-01,SYNTHETIC / DEMO ONLY. Defensive analytics record.,Credential Access,Data from Local System
THR-2026-00158,Synthetic Malware Observation,MALWARE,IP ADDRESS,192.0.2.159,Unknown Source,D,96,MEDIUM,70.0,UNDER_REVIEW,2025-03-13,2025-03-15,SYNTHETIC / DEMO ONLY. Defensive analytics record.,Discovery,Phishing
THR-2026-00159,Synthetic Social Engineering Observation,SOCIAL ENGINEERING,FILE HASH,fc24eed50fc74b86ace7ed964bbdaa085fbb52889cef5eb0cc587913c2513674,Public Threat Feed,B,51,HIGH,70.8,FALSE_POSITIVE,2025-10-27,2025-11-09,SYNTHETIC / DEMO ONLY. Defensive analytics record.,Initial Access,Phishing
THR-2026-00160,Synthetic Data Exposure Observation,DATA EXPOSURE,DOMAIN,example.com,Security Vendor,B,76,MEDIUM,65.6,MONITORING,2025-04-11,2025-05-09,SYNTHETIC / DEMO ONLY. Defensive analytics record.,Initial Access,Network Service Discovery
THR-2026-00161,Synthetic Credential Threats Observation,CREDENTIAL THREATS,CVE ID,CVE-2026-1161,Public Threat Feed,B,51,CRITICAL,77.75,FALSE_POSITIVE,2025-04-03,2025-04-05,SYNTHETIC / DEMO ONLY. Defensive analytics record.,Credential Access,Data from Local System
THR-2026-00162,Synthetic Account Security Observation,ACCOUNT SECURITY,DOMAIN,example.net,Community Submission,C,78,LOW,49.55,FALSE_POSITIVE,2025-11-21,2025-11-22,SYNTHETIC / DEMO ONLY. Defensive analytics record.,Discovery,Valid Accounts
THR-2026-00163,Synthetic Account Security Observation,ACCOUNT SECURITY,FILE HASH,abb414e54f1daba8dbffc8594efdc03c52537556fdc02949e616292c08e649a0,Internal SOC,A,98,HIGH,85.55,MONITORING,2025-02-07,2025-03-09,SYNTHETIC / DEMO ONLY. Defensive analytics record.,Command and Control,Valid Accounts
THR-2026-00164,Synthetic Vulnerability Exposure Observation,VULNERABILITY EXPOSURE,URL,https://example.com/demo/164,Unknown Source,D,42,MEDIUM,51.2,UNDER_REVIEW,2025-04-29,2025-05-13,SYNTHETIC / DEMO ONLY. Defensive analytics record.,Discovery,Data from Local System
THR-2026-00165,Synthetic Ransomware Observation,RANSOMWARE,URL,https://example.com/demo/165,Public Threat Feed,B,79,HIGH,69.35,NEW,2025-04-13,2025-04-30,SYNTHETIC / DEMO ONLY. Defensive analytics record.,Discovery,Valid Accounts
THR-2026-00166,Synthetic Social Engineering Observation,SOCIAL ENGINEERING,IP ADDRESS,192.0.2.167,Security Vendor,B,53,MEDIUM,47.85,FALSE_POSITIVE,2025-06-19,2025-07-16,SYNTHETIC / DEMO ONLY. Defensive analytics record.,Command and Control,Valid Accounts
THR-2026-00167,Synthetic Ransomware Observation,RANSOMWARE,URL,https://example.com/demo/167,Unknown Source,D,75,CRITICAL,69.55,CLOSED,2025-04-13,2025-04-27,SYNTHETIC / DEMO ONLY. Defensive analytics record.,Discovery,Application Layer Protocol
THR-2026-00168,Synthetic Phishing Observation,PHISHING,IP ADDRESS,192.0.2.169,Community Submission,C,93,CRITICAL,78.7,NEW,2025-07-05,2025-07-06,SYNTHETIC / DEMO ONLY. Defensive analytics record.,Discovery,Application Layer Protocol
THR-2026-00169,Synthetic Account Security Observation,ACCOUNT SECURITY,CVE ID,CVE-2026-1169,Public Threat Feed,B,36,HIGH,56.45,MONITORING,2025-08-19,2025-09-11,SYNTHETIC / DEMO ONLY. Defensive analytics record.,Command and Control,Network Service Discovery
THR-2026-00170,Synthetic Phishing Observation,PHISHING,FILE HASH,bc4ea8053cc3b57bfb14458b1495d059b473b479038d4134fc01e8979572dcf5,Community Submission,C,59,LOW,53.85,FALSE_POSITIVE,2025-11-25,2025-12-07,SYNTHETIC / DEMO ONLY. Defensive analytics record.,Command and Control,Data from Local System
THR-2026-00171,Synthetic Web Threats Observation,WEB THREATS,EMAIL/SENDER DOMAIN,example.org,Internal SOC,A,51,HIGH,63.95,MONITORING,2025-07-12,2025-07-29,SYNTHETIC / DEMO ONLY. Defensive analytics record.,Credential Access,Valid Accounts
THR-2026-00172,Synthetic Account Security Observation,ACCOUNT SECURITY,EMAIL/SENDER DOMAIN,example.com,Internal SOC,A,40,MEDIUM,47.25,CLOSED,2025-05-04,2025-05-20,SYNTHETIC / DEMO ONLY. Defensive analytics record.,Credential Access,Data from Local System
THR-2026-00173,Synthetic Data Exposure Observation,DATA EXPOSURE,DOMAIN,example.org,Community Submission,C,75,MEDIUM,63.55,MONITORING,2025-08-01,2025-08-19,SYNTHETIC / DEMO ONLY. Defensive analytics record.,Exfiltration,Data from Local System
THR-2026-00174,Synthetic Data Exposure Observation,DATA EXPOSURE,FILE HASH,190113d4d631b8241a252bd1346c4b7f4781fc33c815ae93d8ce90a527e03cee,Public Threat Feed,B,95,HIGH,71.5,CLOSED,2025-01-22,2025-01-25,SYNTHETIC / DEMO ONLY. Defensive analytics record.,Exfiltration,Network Service Discovery
THR-2026-00175,Synthetic Phishing Observation,PHISHING,EMAIL/SENDER DOMAIN,example.org,Unknown Source,D,64,MEDIUM,58.3,FALSE_POSITIVE,2025-05-01,2025-05-06,SYNTHETIC / DEMO ONLY. Defensive analytics record.,Exfiltration,Application Layer Protocol
THR-2026-00176,Synthetic Ransomware Observation,RANSOMWARE,CVE ID,CVE-2026-1176,Community Submission,C,49,LOW,41.15,UNDER_REVIEW,2025-07-25,2025-08-07,SYNTHETIC / DEMO ONLY. Defensive analytics record.,Command and Control,Valid Accounts
THR-2026-00177,Synthetic Vulnerability Exposure Observation,VULNERABILITY EXPOSURE,EMAIL/SENDER DOMAIN,example.org,Research Report,C,42,HIGH,63.65,MONITORING,2025-09-17,2025-10-04,SYNTHETIC / DEMO ONLY. Defensive analytics record.,Command and Control,Data from Local System
THR-2026-00178,Synthetic Vulnerability Exposure Observation,VULNERABILITY EXPOSURE,URL,https://example.com/demo/178,Research Report,C,78,CRITICAL,78.55,UNDER_REVIEW,2025-02-23,2025-03-10,SYNTHETIC / DEMO ONLY. Defensive analytics record.,Credential Access,Network Service Discovery
THR-2026-00179,Synthetic Data Exposure Observation,DATA EXPOSURE,URL,https://example.com/demo/179,Public Threat Feed,B,71,LOW,58.35,MONITORING,2025-07-23,2025-08-07,SYNTHETIC / DEMO ONLY. Defensive analytics record.,Exfiltration,Network Service Discovery
THR-2026-00180,Synthetic Web Threats Observation,WEB THREATS,IP ADDRESS,192.0.2.181,Community Submission,C,83,MEDIUM,62.65,MONITORING,2025-08-06,2025-08-07,SYNTHETIC / DEMO ONLY. Defensive analytics record.,Initial Access,Network Service Discovery
THR-2026-00181,Synthetic Social Engineering Observation,SOCIAL ENGINEERING,CVE ID,CVE-2026-1181,Research Report,C,62,MEDIUM,59.6,MONITORING,2025-03-20,2025-04-11,SYNTHETIC / DEMO ONLY. Defensive analytics record.,Credential Access,Phishing
THR-2026-00182,Synthetic Account Security Observation,ACCOUNT SECURITY,CVE ID,CVE-2026-1182,Security Vendor,B,41,MEDIUM,61.1,NEW,2025-02-09,2025-02-16,SYNTHETIC / DEMO ONLY. Defensive analytics record.,Initial Access,Application Layer Protocol
THR-2026-00183,Synthetic Network Threats Observation,NETWORK THREATS,CVE ID,CVE-2026-1183,Unknown Source,D,52,MEDIUM,50.5,CLOSED,2025-06-07,2025-06-27,SYNTHETIC / DEMO ONLY. Defensive analytics record.,Command and Control,Valid Accounts
THR-2026-00184,Synthetic Web Threats Observation,WEB THREATS,URL,https://example.com/demo/184,Internal SOC,A,46,MEDIUM,64.85,NEW,2025-04-03,2025-04-26,SYNTHETIC / DEMO ONLY. Defensive analytics record.,Credential Access,Application Layer Protocol
THR-2026-00185,Synthetic Ransomware Observation,RANSOMWARE,IP ADDRESS,192.0.2.186,Research Report,C,98,CRITICAL,73.45,FALSE_POSITIVE,2025-12-28,2026-01-06,SYNTHETIC / DEMO ONLY. Defensive analytics record.,Exfiltration,Phishing
THR-2026-00186,Synthetic Network Threats Observation,NETWORK THREATS,URL,https://example.com/demo/186,Unknown Source,D,98,MEDIUM,67.0,NEW,2025-08-15,2025-08-21,SYNTHETIC / DEMO ONLY. Defensive analytics record.,Discovery,Valid Accounts
THR-2026-00187,Synthetic Social Engineering Observation,SOCIAL ENGINEERING,CVE ID,CVE-2026-1187,Security Vendor,B,36,MEDIUM,57.15,UNDER_REVIEW,2025-03-17,2025-04-07,SYNTHETIC / DEMO ONLY. Defensive analytics record.,Credential Access,Data from Local System
THR-2026-00188,Synthetic Vulnerability Exposure Observation,VULNERABILITY EXPOSURE,FILE HASH,89d6f147fe9e189368ceb9fe8fcf6e52110fd74755809309d8dcc84849b63397,Internal SOC,A,86,MEDIUM,65.1,MONITORING,2025-10-22,2025-11-06,SYNTHETIC / DEMO ONLY. Defensive analytics record.,Credential Access,Phishing
THR-2026-00189,Synthetic Web Threats Observation,WEB THREATS,FILE HASH,51fe11ba2c12798b93d12fd6a5cd83af3fdbe2c58d69341e43da37e7f0c5cc10,Public Threat Feed,B,77,LOW,63.15,MONITORING,2025-12-27,2026-01-04,SYNTHETIC / DEMO ONLY. Defensive analytics record.,Credential Access,Phishing
THR-2026-00190,Synthetic Malware Observation,MALWARE,FILE HASH,9ee20a76697c400e707fddcf246250be72eb9699bd512ce72e25d65be7dcd234,Research Report,C,74,MEDIUM,60.95,UNDER_REVIEW,2025-06-27,2025-07-16,SYNTHETIC / DEMO ONLY. Defensive analytics record.,Credential Access,Valid Accounts
THR-2026-00191,Synthetic Social Engineering Observation,SOCIAL ENGINEERING,DOMAIN,demo.invalid,Community Submission,C,82,MEDIUM,70.5,UNDER_REVIEW,2025-04-01,2025-04-26,SYNTHETIC / DEMO ONLY. Defensive analytics record.,Credential Access,Data from Local System
THR-2026-00192,Synthetic Malware Observation,MALWARE,EMAIL/SENDER DOMAIN,example.com,Unknown Source,D,81,MEDIUM,58.45,FALSE_POSITIVE,2025-12-01,2025-12-27,SYNTHETIC / DEMO ONLY. Defensive analytics record.,Exfiltration,Valid Accounts
THR-2026-00193,Synthetic Account Security Observation,ACCOUNT SECURITY,EMAIL/SENDER DOMAIN,example.org,Public Threat Feed,B,91,LOW,56.55,FALSE_POSITIVE,2025-04-26,2025-04-28,SYNTHETIC / DEMO ONLY. Defensive analytics record.,Command and Control,Phishing
THR-2026-00194,Synthetic Social Engineering Observation,SOCIAL ENGINEERING,DOMAIN,example.net,Research Report,C,42,MEDIUM,58.75,MONITORING,2025-12-21,2026-01-02,SYNTHETIC / DEMO ONLY. Defensive analytics record.,Initial Access,Valid Accounts
THR-2026-00195,Synthetic Account Security Observation,ACCOUNT SECURITY,IP ADDRESS,192.0.2.196,Public Threat Feed,B,43,INFORMATIONAL,37.6,MONITORING,2025-05-05,2025-05-06,SYNTHETIC / DEMO ONLY. Defensive analytics record.,Command and Control,Valid Accounts
THR-2026-00196,Synthetic Ransomware Observation,RANSOMWARE,CVE ID,CVE-2026-1196,Unknown Source,D,88,CRITICAL,78.4,NEW,2025-06-22,2025-07-04,SYNTHETIC / DEMO ONLY. Defensive analytics record.,Exfiltration,Valid Accounts
THR-2026-00197,Synthetic Network Threats Observation,NETWORK THREATS,IP ADDRESS,192.0.2.198,Community Submission,C,85,LOW,54.45,NEW,2025-12-31,2026-01-24,SYNTHETIC / DEMO ONLY. Defensive analytics record.,Discovery,Application Layer Protocol
THR-2026-00198,Synthetic Data Exposure Observation,DATA EXPOSURE,FILE HASH,6f11158a6dca5fd18ae0c466f8997823336ecc292cddd0b7c340b3471968f4b4,Security Vendor,B,66,MEDIUM,61.0,NEW,2025-08-13,2025-08-19,SYNTHETIC / DEMO ONLY. Defensive analytics record.,Initial Access,Application Layer Protocol
THR-2026-00199,Synthetic Account Security Observation,ACCOUNT SECURITY,IP ADDRESS,192.0.2.200,Internal SOC,A,47,LOW,50.05,NEW,2025-03-01,2025-03-22,SYNTHETIC / DEMO ONLY. Defensive analytics record.,Credential Access,Phishing
THR-2026-00200,Synthetic Vulnerability Exposure Observation,VULNERABILITY EXPOSURE,FILE HASH,dce5fabdaaba5ea3268e2b29733a4a18d0767bb8ec2350ca5ef64e7a97401edd,Security Vendor,B,42,LOW,47.3,FALSE_POSITIVE,2025-09-04,2025-09-30,SYNTHETIC / DEMO ONLY. Defensive analytics record.,Discovery,Data from Local System
THR-2026-00201,Synthetic Account Security Observation,ACCOUNT SECURITY,CVE ID,CVE-2026-1201,Security Vendor,B,73,HIGH,69.45,MONITORING,2025-06-04,2025-06-13,SYNTHETIC / DEMO ONLY. Defensive analytics record.,Initial Access,Data from Local System
THR-2026-00202,Synthetic Account Security Observation,ACCOUNT SECURITY,CVE ID,CVE-2026-1202,Unknown Source,D,89,CRITICAL,78.8,CLOSED,2025-07-09,2025-08-08,SYNTHETIC / DEMO ONLY. Defensive analytics record.,Exfiltration,Network Service Discovery
THR-2026-00203,Synthetic Vulnerability Exposure Observation,VULNERABILITY EXPOSURE,FILE HASH,3d4e8398f1f05ac54b190eaed96459145f64efb6ca3e7e2319f771f206470f63,Research Report,C,58,LOW,54.5,UNDER_REVIEW,2025-09-08,2025-09-17,SYNTHETIC / DEMO ONLY. Defensive analytics record.,Command and Control,Phishing
THR-2026-00204,Synthetic Data Exposure Observation,DATA EXPOSURE,FILE HASH,55fa610f5d01d3c58665e2fc61dfbe0b8cdd939b8af2b8ef868e4cc5b14c546c,Community Submission,C,52,CRITICAL,67.85,NEW,2025-09-19,2025-09-29,SYNTHETIC / DEMO ONLY. Defensive analytics record.,Command and Control,Network Service Discovery
THR-2026-00205,Synthetic Malware Observation,MALWARE,EMAIL/SENDER DOMAIN,example.org,Security Vendor,B,41,HIGH,65.65,NEW,2025-02-27,2025-02-28,SYNTHETIC / DEMO ONLY. Defensive analytics record.,Credential Access,Data from Local System
THR-2026-00206,Synthetic Data Exposure Observation,DATA EXPOSURE,DOMAIN,example.net,Public Threat Feed,B,73,MEDIUM,53.7,CLOSED,2025-11-02,2025-11-25,SYNTHETIC / DEMO ONLY. Defensive analytics record.,Credential Access,Data from Local System
THR-2026-00207,Synthetic Credential Threats Observation,CREDENTIAL THREATS,FILE HASH,4d734cbcc3e34f0f8f65f8f684e31d777f5318ec83a9d37c6ec874b3bdc0105c,Community Submission,C,76,CRITICAL,77.1,MONITORING,2025-04-03,2025-04-23,SYNTHETIC / DEMO ONLY. Defensive analytics record.,Discovery,Network Service Discovery
THR-2026-00208,Synthetic Network Threats Observation,NETWORK THREATS,EMAIL/SENDER DOMAIN,example.com,Research Report,C,47,HIGH,68.75,MONITORING,2025-09-19,2025-09-30,SYNTHETIC / DEMO ONLY. Defensive analytics record.,Command and Control,Phishing
THR-2026-00209,Synthetic Account Security Observation,ACCOUNT SECURITY,DOMAIN,example.org,Internal SOC,A,68,HIGH,81.5,UNDER_REVIEW,2025-06-02,2025-06-11,SYNTHETIC / DEMO ONLY. Defensive analytics record.,Credential Access,Network Service Discovery
THR-2026-00210,Synthetic Credential Threats Observation,CREDENTIAL THREATS,FILE HASH,6c3a9a595aa5451a11b24fbc41ae2b17d82dfdf503e4d3f5bfd16be7bbbecebf,Security Vendor,B,98,MEDIUM,71.15,CLOSED,2025-04-26,2025-05-26,SYNTHETIC / DEMO ONLY. Defensive analytics record.,Command and Control,Valid Accounts
THR-2026-00211,Synthetic Network Threats Observation,NETWORK THREATS,DOMAIN,demo.invalid,Community Submission,C,97,LOW,57.3,NEW,2025-04-08,2025-04-09,SYNTHETIC / DEMO ONLY. Defensive analytics record.,Initial Access,Phishing
THR-2026-00212,Synthetic Vulnerability Exposure Observation,VULNERABILITY EXPOSURE,DOMAIN,example.com,Security Vendor,B,43,HIGH,59.2,CLOSED,2025-09-12,2025-09-28,SYNTHETIC / DEMO ONLY. Defensive analytics record.,Discovery,Phishing
THR-2026-00213,Synthetic Account Security Observation,ACCOUNT SECURITY,CVE ID,CVE-2026-1213,Community Submission,C,96,HIGH,77.5,FALSE_POSITIVE,2025-12-29,2026-01-15,SYNTHETIC / DEMO ONLY. Defensive analytics record.,Command and Control,Phishing
THR-2026-00214,Synthetic Phishing Observation,PHISHING,EMAIL/SENDER DOMAIN,example.com,Community Submission,C,71,HIGH,67.85,NEW,2025-10-02,2025-10-05,SYNTHETIC / DEMO ONLY. Defensive analytics record.,Exfiltration,Valid Accounts
THR-2026-00215,Synthetic Credential Threats Observation,CREDENTIAL THREATS,DOMAIN,demo.invalid,Public Threat Feed,B,80,HIGH,69.0,CLOSED,2025-06-24,2025-07-24,SYNTHETIC / DEMO ONLY. Defensive analytics record.,Command and Control,Data from Local System
THR-2026-00216,Synthetic Credential Threats Observation,CREDENTIAL THREATS,CVE ID,CVE-2026-1216,Unknown Source,D,45,LOW,39.45,CLOSED,2025-06-08,2025-06-20,SYNTHETIC / DEMO ONLY. Defensive analytics record.,Exfiltration,Application Layer Protocol
THR-2026-00217,Synthetic Phishing Observation,PHISHING,CVE ID,CVE-2026-1217,Security Vendor,B,45,INFORMATIONAL,47.7,NEW,2025-03-18,2025-04-14,SYNTHETIC / DEMO ONLY. Defensive analytics record.,Exfiltration,Phishing
THR-2026-00218,Synthetic Credential Threats Observation,CREDENTIAL THREATS,DOMAIN,example.net,Unknown Source,D,95,CRITICAL,67.9,MONITORING,2025-01-16,2025-02-14,SYNTHETIC / DEMO ONLY. Defensive analytics record.,Exfiltration,Data from Local System
THR-2026-00219,Synthetic Phishing Observation,PHISHING,DOMAIN,demo.invalid,Public Threat Feed,B,37,CRITICAL,67.8,CLOSED,2025-01-02,2025-01-28,SYNTHETIC / DEMO ONLY. Defensive analytics record.,Initial Access,Network Service Discovery
THR-2026-00220,Synthetic Ransomware Observation,RANSOMWARE,EMAIL/SENDER DOMAIN,example.com,Research Report,C,77,LOW,48.8,MONITORING,2025-04-20,2025-05-13,SYNTHETIC / DEMO ONLY. Defensive analytics record.,Initial Access,Phishing
THR-2026-00221,Synthetic Vulnerability Exposure Observation,VULNERABILITY EXPOSURE,DOMAIN,example.org,Public Threat Feed,B,85,HIGH,66.6,UNDER_REVIEW,2025-05-16,2025-05-31,SYNTHETIC / DEMO ONLY. Defensive analytics record.,Discovery,Data from Local System
THR-2026-00222,Synthetic Vulnerability Exposure Observation,VULNERABILITY EXPOSURE,FILE HASH,9fb8528e1396f81f8ed213543272eb49da3a15ce9c4722ec2f11a6aeb2e9fc38,Community Submission,C,83,LOW,57.3,NEW,2025-08-28,2025-09-19,SYNTHETIC / DEMO ONLY. Defensive analytics record.,Initial Access,Network Service Discovery
THR-2026-00223,Synthetic Ransomware Observation,RANSOMWARE,FILE HASH,7f23c95218582b5123d7068eb91be444d92cad74d68974d8c7f891411d94b241,Unknown Source,D,54,HIGH,66.35,NEW,2025-07-01,2025-07-04,SYNTHETIC / DEMO ONLY. Defensive analytics record.,Initial Access,Network Service Discovery
THR-2026-00224,Synthetic Social Engineering Observation,SOCIAL ENGINEERING,URL,https://example.com/demo/224,Internal SOC,A,51,HIGH,60.7,FALSE_POSITIVE,2025-05-17,2025-06-03,SYNTHETIC / DEMO ONLY. Defensive analytics record.,Exfiltration,Application Layer Protocol
THR-2026-00225,Synthetic Malware Observation,MALWARE,IP ADDRESS,192.0.2.226,Community Submission,C,46,LOW,56.0,MONITORING,2025-06-18,2025-06-18,SYNTHETIC / DEMO ONLY. Defensive analytics record.,Command and Control,Application Layer Protocol
THR-2026-00226,Synthetic Malware Observation,MALWARE,CVE ID,CVE-2026-1226,Security Vendor,B,56,CRITICAL,74.8,MONITORING,2025-10-22,2025-10-30,SYNTHETIC / DEMO ONLY. Defensive analytics record.,Discovery,Application Layer Protocol
THR-2026-00227,Synthetic Ransomware Observation,RANSOMWARE,IP ADDRESS,192.0.2.228,Public Threat Feed,B,88,LOW,57.55,UNDER_REVIEW,2025-07-01,2025-07-09,SYNTHETIC / DEMO ONLY. Defensive analytics record.,Command and Control,Data from Local System
THR-2026-00228,Synthetic Account Security Observation,ACCOUNT SECURITY,DOMAIN,example.com,Security Vendor,B,73,MEDIUM,58.95,MONITORING,2025-02-18,2025-03-02,SYNTHETIC / DEMO ONLY. Defensive analytics record.,Command and Control,Network Service Discovery
THR-2026-00229,Synthetic Vulnerability Exposure Observation,VULNERABILITY EXPOSURE,CVE ID,CVE-2026-1229,Security Vendor,B,73,CRITICAL,79.8,UNDER_REVIEW,2025-05-01,2025-05-11,SYNTHETIC / DEMO ONLY. Defensive analytics record.,Command and Control,Network Service Discovery
THR-2026-00230,Synthetic Web Threats Observation,WEB THREATS,CVE ID,CVE-2026-1230,Research Report,C,66,HIGH,67.2,NEW,2025-06-14,2025-06-25,SYNTHETIC / DEMO ONLY. Defensive analytics record.,Exfiltration,Valid Accounts
THR-2026-00231,Synthetic Account Security Observation,ACCOUNT SECURITY,EMAIL/SENDER DOMAIN,example.org,Community Submission,C,38,LOW,49.95,MONITORING,2025-05-22,2025-06-16,SYNTHETIC / DEMO ONLY. Defensive analytics record.,Initial Access,Application Layer Protocol
THR-2026-00232,Synthetic Social Engineering Observation,SOCIAL ENGINEERING,DOMAIN,example.com,Security Vendor,B,67,HIGH,70.5,CLOSED,2025-06-22,2025-06-24,SYNTHETIC / DEMO ONLY. Defensive analytics record.,Exfiltration,Application Layer Protocol
THR-2026-00233,Synthetic Account Security Observation,ACCOUNT SECURITY,FILE HASH,bbeb73a27a708dcaaf7e87a4f60b80f90e0090c0b5b170af709751426074c4f2,Unknown Source,D,88,MEDIUM,60.2,FALSE_POSITIVE,2025-01-07,2025-02-04,SYNTHETIC / DEMO ONLY. Defensive analytics record.,Exfiltration,Phishing
THR-2026-00234,Synthetic Malware Observation,MALWARE,DOMAIN,example.net,Public Threat Feed,B,56,HIGH,71.7,CLOSED,2025-03-19,2025-04-08,SYNTHETIC / DEMO ONLY. Defensive analytics record.,Discovery,Application Layer Protocol
THR-2026-00235,Synthetic Malware Observation,MALWARE,IP ADDRESS,192.0.2.236,Security Vendor,B,63,LOW,56.3,FALSE_POSITIVE,2025-05-09,2025-06-02,SYNTHETIC / DEMO ONLY. Defensive analytics record.,Exfiltration,Valid Accounts
THR-2026-00236,Synthetic Network Threats Observation,NETWORK THREATS,IP ADDRESS,192.0.2.237,Public Threat Feed,B,88,MEDIUM,55.9,MONITORING,2025-07-07,2025-07-16,SYNTHETIC / DEMO ONLY. Defensive analytics record.,Command and Control,Valid Accounts
THR-2026-00237,Synthetic Data Exposure Observation,DATA EXPOSURE,FILE HASH,4610c4a23338c147b04e45a7b18dec8112ec883911889a41f6f673c065749887,Internal SOC,A,91,MEDIUM,74.8,NEW,2025-11-28,2025-12-07,SYNTHETIC / DEMO ONLY. Defensive analytics record.,Initial Access,Phishing
THR-2026-00238,Synthetic Network Threats Observation,NETWORK THREATS,CVE ID,CVE-2026-1238,Security Vendor,B,66,LOW,56.3,FALSE_POSITIVE,2025-10-12,2025-10-22,SYNTHETIC / DEMO ONLY. Defensive analytics record.,Command and Control,Application Layer Protocol
THR-2026-00239,Synthetic Credential Threats Observation,CREDENTIAL THREATS,FILE HASH,0c0ade8a90215253aeac7019495ce6c51606b33325dd69a46e3f261270ede6a3,Security Vendor,B,90,HIGH,73.25,FALSE_POSITIVE,2025-09-22,2025-10-06,SYNTHETIC / DEMO ONLY. Defensive analytics record.,Command and Control,Application Layer Protocol
THR-2026-00240,Synthetic Phishing Observation,PHISHING,CVE ID,CVE-2026-1240,Public Threat Feed,B,43,LOW,50.0,MONITORING,2025-09-28,2025-10-09,SYNTHETIC / DEMO ONLY. Defensive analytics record.,Credential Access,Application Layer Protocol
THR-2026-00241,Synthetic Malware Observation,MALWARE,URL,https://example.com/demo/241,Research Report,C,75,HIGH,77.9,NEW,2025-06-15,2025-07-03,SYNTHETIC / DEMO ONLY. Defensive analytics record.,Discovery,Network Service Discovery
THR-2026-00242,Synthetic Social Engineering Observation,SOCIAL ENGINEERING,EMAIL/SENDER DOMAIN,example.com,Unknown Source,D,73,LOW,57.0,MONITORING,2025-01-22,2025-01-26,SYNTHETIC / DEMO ONLY. Defensive analytics record.,Initial Access,Valid Accounts
THR-2026-00243,Synthetic Web Threats Observation,WEB THREATS,IP ADDRESS,192.0.2.244,Unknown Source,D,53,LOW,51.4,FALSE_POSITIVE,2025-03-02,2025-03-06,SYNTHETIC / DEMO ONLY. Defensive analytics record.,Command and Control,Application Layer Protocol
THR-2026-00244,Synthetic Ransomware Observation,RANSOMWARE,FILE HASH,22723762c2b5b646fe4fbad7ae8e78dbcc4e32e9e9708dc26413d283b49ae449,Unknown Source,D,57,HIGH,64.1,UNDER_REVIEW,2025-08-07,2025-08-11,SYNTHETIC / DEMO ONLY. Defensive analytics record.,Discovery,Application Layer Protocol
THR-2026-00245,Synthetic Account Security Observation,ACCOUNT SECURITY,IP ADDRESS,192.0.2.246,Internal SOC,A,97,HIGH,72.75,CLOSED,2025-03-20,2025-04-05,SYNTHETIC / DEMO ONLY. Defensive analytics record.,Command and Control,Application Layer Protocol
THR-2026-00246,Synthetic Vulnerability Exposure Observation,VULNERABILITY EXPOSURE,CVE ID,CVE-2026-1246,Research Report,C,56,HIGH,61.1,NEW,2025-09-11,2025-09-20,SYNTHETIC / DEMO ONLY. Defensive analytics record.,Discovery,Valid Accounts
THR-2026-00247,Synthetic Data Exposure Observation,DATA EXPOSURE,URL,https://example.com/demo/247,Research Report,C,98,LOW,63.65,MONITORING,2025-03-14,2025-03-17,SYNTHETIC / DEMO ONLY. Defensive analytics record.,Exfiltration,Network Service Discovery
THR-2026-00248,Synthetic Data Exposure Observation,DATA EXPOSURE,IP ADDRESS,192.0.2.249,Research Report,C,62,HIGH,61.55,NEW,2025-08-02,2025-08-29,SYNTHETIC / DEMO ONLY. Defensive analytics record.,Command and Control,Network Service Discovery
THR-2026-00249,Synthetic Network Threats Observation,NETWORK THREATS,IP ADDRESS,192.0.2.250,Internal SOC,A,65,MEDIUM,65.4,CLOSED,2025-01-03,2025-01-22,SYNTHETIC / DEMO ONLY. Defensive analytics record.,Credential Access,Data from Local System
THR-2026-00250,Synthetic Ransomware Observation,RANSOMWARE,DOMAIN,example.net,Internal SOC,A,79,HIGH,78.6,MONITORING,2025-04-01,2025-04-06,SYNTHETIC / DEMO ONLY. Defensive analytics record.,Discovery,Network Service Discovery
THR-2026-00251,Synthetic Account Security Observation,ACCOUNT SECURITY,URL,https://example.com/demo/251,Community Submission,C,47,CRITICAL,63.25,UNDER_REVIEW,2025-08-13,2025-09-09,SYNTHETIC / DEMO ONLY. Defensive analytics record.,Credential Access,Valid Accounts
THR-2026-00252,Synthetic Ransomware Observation,RANSOMWARE,CVE ID,CVE-2026-1252,Security Vendor,B,85,MEDIUM,67.25,CLOSED,2025-02-12,2025-02-20,SYNTHETIC / DEMO ONLY. Defensive analytics record.,Command and Control,Application Layer Protocol
THR-2026-00253,Synthetic Malware Observation,MALWARE,CVE ID,CVE-2026-1253,Internal SOC,A,86,HIGH,77.45,CLOSED,2025-05-14,2025-06-13,SYNTHETIC / DEMO ONLY. Defensive analytics record.,Discovery,Data from Local System
THR-2026-00254,Synthetic Phishing Observation,PHISHING,CVE ID,CVE-2026-1254,Research Report,C,80,LOW,56.2,CLOSED,2025-09-12,2025-10-12,SYNTHETIC / DEMO ONLY. Defensive analytics record.,Credential Access,Application Layer Protocol
THR-2026-00255,Synthetic Web Threats Observation,WEB THREATS,URL,https://example.com/demo/255,Public Threat Feed,B,51,HIGH,71.85,NEW,2025-01-17,2025-02-10,SYNTHETIC / DEMO ONLY. Defensive analytics record.,Initial Access,Phishing
THR-2026-00256,Synthetic Social Engineering Observation,SOCIAL ENGINEERING,IP ADDRESS,192.0.2.3,Security Vendor,B,91,LOW,56.65,UNDER_REVIEW,2025-09-20,2025-10-12,SYNTHETIC / DEMO ONLY. Defensive analytics record.,Discovery,Valid Accounts
THR-2026-00257,Synthetic Web Threats Observation,WEB THREATS,IP ADDRESS,192.0.2.4,Public Threat Feed,B,45,HIGH,56.5,MONITORING,2025-06-13,2025-07-03,SYNTHETIC / DEMO ONLY. Defensive analytics record.,Credential Access,Application Layer Protocol
THR-2026-00258,Synthetic Malware Observation,MALWARE,CVE ID,CVE-2026-1258,Security Vendor,B,96,LOW,56.4,CLOSED,2025-09-08,2025-09-24,SYNTHETIC / DEMO ONLY. Defensive analytics record.,Initial Access,Phishing
THR-2026-00259,Synthetic Network Threats Observation,NETWORK THREATS,IP ADDRESS,192.0.2.6,Research Report,C,51,CRITICAL,65.0,NEW,2025-06-19,2025-06-21,SYNTHETIC / DEMO ONLY. Defensive analytics record.,Initial Access,Network Service Discovery
THR-2026-00260,Synthetic Network Threats Observation,NETWORK THREATS,URL,https://example.com/demo/260,Security Vendor,B,53,LOW,53.0,UNDER_REVIEW,2025-12-28,2026-01-16,SYNTHETIC / DEMO ONLY. Defensive analytics record.,Command and Control,Network Service Discovery
THR-2026-00261,Synthetic Credential Threats Observation,CREDENTIAL THREATS,CVE ID,CVE-2026-1261,Research Report,C,91,HIGH,63.6,NEW,2025-10-22,2025-11-15,SYNTHETIC / DEMO ONLY. Defensive analytics record.,Exfiltration,Application Layer Protocol
THR-2026-00262,Synthetic Network Threats Observation,NETWORK THREATS,FILE HASH,f1d9a98f1dae94b19ba6bb96e5d5716913786be9d505269f8bac35e01bebe585,Security Vendor,B,66,MEDIUM,54.1,FALSE_POSITIVE,2025-03-24,2025-04-12,SYNTHETIC / DEMO ONLY. Defensive analytics record.,Exfiltration,Network Service Discovery
THR-2026-00263,Synthetic Phishing Observation,PHISHING,CVE ID,CVE-2026-1263,Security Vendor,B,59,HIGH,71.45,UNDER_REVIEW,2025-02-05,2025-02-06,SYNTHETIC / DEMO ONLY. Defensive analytics record.,Command and Control,Application Layer Protocol
THR-2026-00264,Synthetic Malware Observation,MALWARE,DOMAIN,example.com,Community Submission,C,44,MEDIUM,51.25,CLOSED,2025-07-23,2025-07-27,SYNTHETIC / DEMO ONLY. Defensive analytics record.,Exfiltration,Application Layer Protocol
THR-2026-00265,Synthetic Network Threats Observation,NETWORK THREATS,EMAIL/SENDER DOMAIN,example.org,Research Report,C,44,HIGH,58.05,UNDER_REVIEW,2025-12-25,2026-01-02,SYNTHETIC / DEMO ONLY. Defensive analytics record.,Initial Access,Phishing
THR-2026-00266,Synthetic Vulnerability Exposure Observation,VULNERABILITY EXPOSURE,EMAIL/SENDER DOMAIN,example.com,Unknown Source,D,88,MEDIUM,61.65,FALSE_POSITIVE,2025-02-08,2025-02-25,SYNTHETIC / DEMO ONLY. Defensive analytics record.,Exfiltration,Valid Accounts
THR-2026-00267,Synthetic Web Threats Observation,WEB THREATS,IP ADDRESS,192.0.2.14,Community Submission,C,61,MEDIUM,59.05,NEW,2025-06-15,2025-07-03,SYNTHETIC / DEMO ONLY. Defensive analytics record.,Discovery,Application Layer Protocol
THR-2026-00268,Synthetic Credential Threats Observation,CREDENTIAL THREATS,IP ADDRESS,192.0.2.15,Research Report,C,49,LOW,58.65,UNDER_REVIEW,2025-12-04,2025-12-13,SYNTHETIC / DEMO ONLY. Defensive analytics record.,Initial Access,Phishing
THR-2026-00269,Synthetic Ransomware Observation,RANSOMWARE,CVE ID,CVE-2026-1269,Research Report,C,79,INFORMATIONAL,56.45,UNDER_REVIEW,2025-10-08,2025-10-19,SYNTHETIC / DEMO ONLY. Defensive analytics record.,Discovery,Phishing
THR-2026-00270,Synthetic Phishing Observation,PHISHING,URL,https://example.com/demo/270,Public Threat Feed,B,43,HIGH,70.2,CLOSED,2025-11-23,2025-12-08,SYNTHETIC / DEMO ONLY. Defensive analytics record.,Exfiltration,Network Service Discovery
THR-2026-00271,Synthetic Phishing Observation,PHISHING,FILE HASH,b6e70fd27db346c51648a65ab9ad6a077d9a814a36b6a775f12d86420d41914d,Security Vendor,B,82,HIGH,65.1,NEW,2025-03-14,2025-04-04,SYNTHETIC / DEMO ONLY. Defensive analytics record.,Credential Access,Data from Local System
THR-2026-00272,Synthetic Phishing Observation,PHISHING,IP ADDRESS,192.0.2.19,Internal SOC,A,66,HIGH,68.1,UNDER_REVIEW,2025-06-19,2025-07-18,SYNTHETIC / DEMO ONLY. Defensive analytics record.,Credential Access,Phishing
THR-2026-00273,Synthetic Data Exposure Observation,DATA EXPOSURE,CVE ID,CVE-2026-1273,Research Report,C,63,HIGH,65.7,NEW,2025-07-22,2025-07-30,SYNTHETIC / DEMO ONLY. Defensive analytics record.,Exfiltration,Network Service Discovery
THR-2026-00274,Synthetic Malware Observation,MALWARE,EMAIL/SENDER DOMAIN,example.com,Internal SOC,A,57,HIGH,65.65,CLOSED,2025-06-10,2025-06-12,SYNTHETIC / DEMO ONLY. Defensive analytics record.,Discovery,Network Service Discovery
THR-2026-00275,Synthetic Network Threats Observation,NETWORK THREATS,IP ADDRESS,192.0.2.22,Internal SOC,A,82,MEDIUM,66.75,FALSE_POSITIVE,2025-07-30,2025-08-22,SYNTHETIC / DEMO ONLY. Defensive analytics record.,Credential Access,Application Layer Protocol
THR-2026-00276,Synthetic Network Threats Observation,NETWORK THREATS,EMAIL/SENDER DOMAIN,example.com,Security Vendor,B,66,CRITICAL,66.2,FALSE_POSITIVE,2025-12-20,2025-12-27,SYNTHETIC / DEMO ONLY. Defensive analytics record.,Discovery,Phishing
THR-2026-00277,Synthetic Network Threats Observation,NETWORK THREATS,IP ADDRESS,192.0.2.24,Research Report,C,74,HIGH,65.1,CLOSED,2025-09-02,2025-09-15,SYNTHETIC / DEMO ONLY. Defensive analytics record.,Initial Access,Valid Accounts
THR-2026-00278,Synthetic Web Threats Observation,WEB THREATS,IP ADDRESS,192.0.2.25,Security Vendor,B,87,INFORMATIONAL,60.6,NEW,2025-11-19,2025-12-07,SYNTHETIC / DEMO ONLY. Defensive analytics record.,Exfiltration,Valid Accounts
THR-2026-00279,Synthetic Vulnerability Exposure Observation,VULNERABILITY EXPOSURE,IP ADDRESS,192.0.2.26,Internal SOC,A,90,MEDIUM,67.4,MONITORING,2025-08-05,2025-08-13,SYNTHETIC / DEMO ONLY. Defensive analytics record.,Command and Control,Network Service Discovery
THR-2026-00280,Synthetic Network Threats Observation,NETWORK THREATS,FILE HASH,206bd896d31b1164331a2c019581f00a1197342ce847a45a5679d2658521d177,Internal SOC,A,60,MEDIUM,59.9,UNDER_REVIEW,2025-10-14,2025-10-17,SYNTHETIC / DEMO ONLY. Defensive analytics record.,Command and Control,Application Layer Protocol
THR-2026-00281,Synthetic Network Threats Observation,NETWORK THREATS,FILE HASH,d0cc9e59ea4a0fa0a845befc94928e75041dbd378f5ebfb0cd51f13e75eae7e3,Public Threat Feed,B,61,LOW,55.5,NEW,2025-08-19,2025-09-15,SYNTHETIC / DEMO ONLY. Defensive analytics record.,Initial Access,Valid Accounts
THR-2026-00282,Synthetic Web Threats Observation,WEB THREATS,CVE ID,CVE-2026-1282,Internal SOC,A,62,HIGH,62.3,MONITORING,2025-01-02,2025-01-09,SYNTHETIC / DEMO ONLY. Defensive analytics record.,Command and Control,Data from Local System
THR-2026-00283,Synthetic Phishing Observation,PHISHING,CVE ID,CVE-2026-1283,Security Vendor,B,38,MEDIUM,60.15,NEW,2025-03-26,2025-04-02,SYNTHETIC / DEMO ONLY. Defensive analytics record.,Command and Control,Phishing
THR-2026-00284,Synthetic Ransomware Observation,RANSOMWARE,IP ADDRESS,192.0.2.31,Security Vendor,B,51,INFORMATIONAL,45.1,NEW,2025-01-15,2025-02-04,SYNTHETIC / DEMO ONLY. Defensive analytics record.,Exfiltration,Data from Local System
THR-2026-00285,Synthetic Web Threats Observation,WEB THREATS,IP ADDRESS,192.0.2.32,Internal SOC,A,60,INFORMATIONAL,52.5,MONITORING,2025-11-15,2025-12-13,SYNTHETIC / DEMO ONLY. Defensive analytics record.,Initial Access,Phishing
THR-2026-00286,Synthetic Social Engineering Observation,SOCIAL ENGINEERING,IP ADDRESS,192.0.2.33,Community Submission,C,90,LOW,65.3,CLOSED,2025-12-17,2025-12-29,SYNTHETIC / DEMO ONLY. Defensive analytics record.,Credential Access,Network Service Discovery
THR-2026-00287,Synthetic Credential Threats Observation,CREDENTIAL THREATS,DOMAIN,demo.invalid,Research Report,C,54,MEDIUM,60.6,MONITORING,2025-02-20,2025-02-27,SYNTHETIC / DEMO ONLY. Defensive analytics record.,Command and Control,Application Layer Protocol
THR-2026-00288,Synthetic Data Exposure Observation,DATA EXPOSURE,FILE HASH,52e4315c0e9af9c22e14c10e1f813a2dc8a94de7b6ef8877a828d749f9bd7734,Public Threat Feed,B,84,LOW,54.95,FALSE_POSITIVE,2025-02-06,2025-03-06,SYNTHETIC / DEMO ONLY. Defensive analytics record.,Credential Access,Data from Local System
THR-2026-00289,Synthetic Phishing Observation,PHISHING,FILE HASH,506f4623594bb022f9912c6e64bd51f3912360ec91a0626d53026e1f50f99ec6,Public Threat Feed,B,96,HIGH,82.2,MONITORING,2025-03-18,2025-04-03,SYNTHETIC / DEMO ONLY. Defensive analytics record.,Command and Control,Network Service Discovery
THR-2026-00290,Synthetic Ransomware Observation,RANSOMWARE,IP ADDRESS,192.0.2.37,Security Vendor,B,38,MEDIUM,49.55,FALSE_POSITIVE,2025-04-05,2025-04-16,SYNTHETIC / DEMO ONLY. Defensive analytics record.,Credential Access,Valid Accounts
THR-2026-00291,Synthetic Malware Observation,MALWARE,DOMAIN,demo.invalid,Public Threat Feed,B,42,HIGH,65.85,UNDER_REVIEW,2025-07-04,2025-08-02,SYNTHETIC / DEMO ONLY. Defensive analytics record.,Credential Access,Valid Accounts
THR-2026-00292,Synthetic Account Security Observation,ACCOUNT SECURITY,URL,https://example.com/demo/292,Unknown Source,D,80,HIGH,66.45,UNDER_REVIEW,2025-03-17,2025-04-04,SYNTHETIC / DEMO ONLY. Defensive analytics record.,Exfiltration,Valid Accounts
THR-2026-00293,Synthetic Social Engineering Observation,SOCIAL ENGINEERING,EMAIL/SENDER DOMAIN,example.org,Research Report,C,39,MEDIUM,42.2,NEW,2025-02-27,2025-03-06,SYNTHETIC / DEMO ONLY. Defensive analytics record.,Exfiltration,Application Layer Protocol
THR-2026-00294,Synthetic Phishing Observation,PHISHING,URL,https://example.com/demo/294,Security Vendor,B,51,CRITICAL,67.65,UNDER_REVIEW,2025-12-02,2025-12-02,SYNTHETIC / DEMO ONLY. Defensive analytics record.,Exfiltration,Valid Accounts
THR-2026-00295,Synthetic Malware Observation,MALWARE,EMAIL/SENDER DOMAIN,example.org,Internal SOC,A,82,HIGH,82.5,MONITORING,2025-11-11,2025-11-21,SYNTHETIC / DEMO ONLY. Defensive analytics record.,Discovery,Valid Accounts
THR-2026-00296,Synthetic Ransomware Observation,RANSOMWARE,CVE ID,CVE-2026-1296,Unknown Source,D,97,CRITICAL,79.95,FALSE_POSITIVE,2025-01-04,2025-02-03,SYNTHETIC / DEMO ONLY. Defensive analytics record.,Exfiltration,Network Service Discovery
THR-2026-00297,Synthetic Credential Threats Observation,CREDENTIAL THREATS,CVE ID,CVE-2026-1297,Security Vendor,B,83,MEDIUM,60.9,NEW,2025-10-03,2025-10-26,SYNTHETIC / DEMO ONLY. Defensive analytics record.,Exfiltration,Application Layer Protocol
THR-2026-00298,Synthetic Account Security Observation,ACCOUNT SECURITY,IP ADDRESS,192.0.2.45,Public Threat Feed,B,63,LOW,58.35,MONITORING,2025-04-22,2025-04-26,SYNTHETIC / DEMO ONLY. Defensive analytics record.,Initial Access,Valid Accounts
THR-2026-00299,Synthetic Network Threats Observation,NETWORK THREATS,URL,https://example.com/demo/299,Internal SOC,A,77,LOW,52.7,NEW,2025-09-16,2025-09-23,SYNTHETIC / DEMO ONLY. Defensive analytics record.,Discovery,Network Service Discovery
THR-2026-00300,Synthetic Malware Observation,MALWARE,CVE ID,CVE-2026-1300,Research Report,C,91,INFORMATIONAL,57.3,CLOSED,2025-06-04,2025-06-19,SYNTHETIC / DEMO ONLY. Defensive analytics record.,Discovery,Data from Local System
THR-2026-00301,Synthetic Vulnerability Exposure Observation,VULNERABILITY EXPOSURE,IP ADDRESS,192.0.2.48,Community Submission,C,63,HIGH,62.2,NEW,2025-12-15,2025-12-24,SYNTHETIC / DEMO ONLY. Defensive analytics record.,Discovery,Network Service Discovery
THR-2026-00302,Synthetic Malware Observation,MALWARE,IP ADDRESS,192.0.2.49,Research Report,C,55,MEDIUM,58.6,FALSE_POSITIVE,2025-11-15,2025-11-25,SYNTHETIC / DEMO ONLY. Defensive analytics record.,Exfiltration,Application Layer Protocol
THR-2026-00303,Synthetic Phishing Observation,PHISHING,FILE HASH,df75974f3d78e562020cdb41952d1754621265db558045ac79b0419df09677d3,Security Vendor,B,90,CRITICAL,69.1,UNDER_REVIEW,2025-07-16,2025-07-22,SYNTHETIC / DEMO ONLY. Defensive analytics record.,Command and Control,Data from Local System
THR-2026-00304,Synthetic Data Exposure Observation,DATA EXPOSURE,URL,https://example.com/demo/304,Public Threat Feed,B,65,HIGH,59.65,CLOSED,2025-03-15,2025-04-01,SYNTHETIC / DEMO ONLY. Defensive analytics record.,Credential Access,Phishing
THR-2026-00305,Synthetic Network Threats Observation,NETWORK THREATS,IP ADDRESS,192.0.2.52,Public Threat Feed,B,96,MEDIUM,58.1,MONITORING,2025-09-18,2025-09-23,SYNTHETIC / DEMO ONLY. Defensive analytics record.,Initial Access,Application Layer Protocol
THR-2026-00306,Synthetic Malware Observation,MALWARE,URL,https://example.com/demo/306,Research Report,C,97,HIGH,74.3,CLOSED,2025-02-07,2025-02-24,SYNTHETIC / DEMO ONLY. Defensive analytics record.,Credential Access,Network Service Discovery
THR-2026-00307,Synthetic Vulnerability Exposure Observation,VULNERABILITY EXPOSURE,URL,https://example.com/demo/307,Internal SOC,A,68,LOW,59.15,MONITORING,2025-09-08,2025-10-04,SYNTHETIC / DEMO ONLY. Defensive analytics record.,Exfiltration,Phishing
THR-2026-00308,Synthetic Ransomware Observation,RANSOMWARE,CVE ID,CVE-2026-1308,Internal SOC,A,79,HIGH,81.05,NEW,2025-09-07,2025-09-24,SYNTHETIC / DEMO ONLY. Defensive analytics record.,Command and Control,Data from Local System
THR-2026-00309,Synthetic Vulnerability Exposure Observation,VULNERABILITY EXPOSURE,EMAIL/SENDER DOMAIN,example.org,Research Report,C,65,HIGH,64.95,NEW,2025-06-13,2025-07-11,SYNTHETIC / DEMO ONLY. Defensive analytics record.,Exfiltration,Data from Local System
THR-2026-00310,Synthetic Data Exposure Observation,DATA EXPOSURE,EMAIL/SENDER DOMAIN,example.com,Community Submission,C,53,HIGH,60.0,UNDER_REVIEW,2025-10-08,2025-10-14,SYNTHETIC / DEMO ONLY. Defensive analytics record.,Credential Access,Phishing
THR-2026-00311,Synthetic Vulnerability Exposure Observation,VULNERABILITY EXPOSURE,IP ADDRESS,192.0.2.58,Research Report,C,60,CRITICAL,75.3,NEW,2025-08-22,2025-09-01,SYNTHETIC / DEMO ONLY. Defensive analytics record.,Initial Access,Application Layer Protocol
THR-2026-00312,Synthetic Data Exposure Observation,DATA EXPOSURE,FILE HASH,a27d4a0e10f4530aab18f9f1a5712fb22db1fa79aea6605976f34cf0ef2b8938,Public Threat Feed,B,93,MEDIUM,71.6,CLOSED,2025-04-09,2025-05-04,SYNTHETIC / DEMO ONLY. Defensive analytics record.,Initial Access,Application Layer Protocol
THR-2026-00313,Synthetic Ransomware Observation,RANSOMWARE,DOMAIN,example.org,Community Submission,C,47,MEDIUM,52.25,FALSE_POSITIVE,2025-08-08,2025-09-04,SYNTHETIC / DEMO ONLY. Defensive analytics record.,Discovery,Application Layer Protocol
THR-2026-00314,Synthetic Web Threats Observation,WEB THREATS,FILE HASH,5984b6156d87b6c797456378d700de0b23ec0ec88e256419d3d618c02904383f,Community Submission,C,95,HIGH,65.55,FALSE_POSITIVE,2025-06-09,2025-06-13,SYNTHETIC / DEMO ONLY. Defensive analytics record.,Exfiltration,Application Layer Protocol
THR-2026-00315,Synthetic Phishing Observation,PHISHING,FILE HASH,df095084b6d9d42ca24c31357da7651828c558598179447e65fd45e37c28e278,Public Threat Feed,B,65,HIGH,65.15,MONITORING,2025-06-25,2025-06-25,SYNTHETIC / DEMO ONLY. Defensive analytics record.,Discovery,Network Service Discovery
THR-2026-00316,Synthetic Web Threats Observation,WEB THREATS,FILE HASH,016e72718f648f8772716a74d612c3828baaf5d7d2015e63e8c910b6771723a9,Unknown Source,D,47,HIGH,53.6,MONITORING,2025-05-20,2025-06-13,SYNTHETIC / DEMO ONLY. Defensive analytics record.,Discovery,Application Layer Protocol
THR-2026-00317,Synthetic Account Security Observation,ACCOUNT SECURITY,CVE ID,CVE-2026-1317,Research Report,C,62,LOW,57.4,NEW,2025-06-24,2025-07-20,SYNTHETIC / DEMO ONLY. Defensive analytics record.,Exfiltration,Valid Accounts
THR-2026-00318,Synthetic Malware Observation,MALWARE,URL,https://example.com/demo/318,Research Report,C,52,HIGH,67.1,UNDER_REVIEW,2025-10-05,2025-10-11,SYNTHETIC / DEMO ONLY. Defensive analytics record.,Initial Access,Valid Accounts
THR-2026-00319,Synthetic Phishing Observation,PHISHING,FILE HASH,d0c6aac466d3551d36fa9a99316dcd11f18ab0519d08cf1c1e55d5f396b49c98,Public Threat Feed,B,60,LOW,53.45,NEW,2025-04-18,2025-04-30,SYNTHETIC / DEMO ONLY. Defensive analytics record.,Initial Access,Valid Accounts
THR-2026-00320,Synthetic Network Threats Observation,NETWORK THREATS,FILE HASH,1a2ec0bacdf234c915dbc8fee9da17234bf5d26991f6eb3e93c372ae9c19e953,Security Vendor,B,95,MEDIUM,76.65,MONITORING,2025-07-09,2025-07-14,SYNTHETIC / DEMO ONLY. Defensive analytics record.,Initial Access,Network Service Discovery
THR-2026-00321,Synthetic Phishing Observation,PHISHING,FILE HASH,47d66825f53639a1a43a71fdd761ae654a8bed0e35bc1d9cc9ddd86338156f43,Community Submission,C,62,INFORMATIONAL,40.8,CLOSED,2025-08-17,2025-09-06,SYNTHETIC / DEMO ONLY. Defensive analytics record.,Exfiltration,Phishing
THR-2026-00322,Synthetic Phishing Observation,PHISHING,FILE HASH,ed7c277e036cbdaeabe9a153e94b6139dd2b579923630220a82c84944f551c59,Unknown Source,D,57,CRITICAL,64.7,MONITORING,2025-08-25,2025-09-13,SYNTHETIC / DEMO ONLY. Defensive analytics record.,Discovery,Application Layer Protocol
THR-2026-00323,Synthetic Vulnerability Exposure Observation,VULNERABILITY EXPOSURE,URL,https://example.com/demo/323,Security Vendor,B,94,MEDIUM,74.3,NEW,2025-06-12,2025-06-30,SYNTHETIC / DEMO ONLY. Defensive analytics record.,Initial Access,Data from Local System
THR-2026-00324,Synthetic Network Threats Observation,NETWORK THREATS,EMAIL/SENDER DOMAIN,example.com,Community Submission,C,71,HIGH,64.8,MONITORING,2025-11-30,2025-12-10,SYNTHETIC / DEMO ONLY. Defensive analytics record.,Discovery,Network Service Discovery
THR-2026-00325,Synthetic Web Threats Observation,WEB THREATS,CVE ID,CVE-2026-1325,Unknown Source,D,73,HIGH,63.2,NEW,2025-08-31,2025-09-28,SYNTHETIC / DEMO ONLY. Defensive analytics record.,Exfiltration,Application Layer Protocol
THR-2026-00326,Synthetic Network Threats Observation,NETWORK THREATS,CVE ID,CVE-2026-1326,Internal SOC,A,98,LOW,61.75,NEW,2025-06-08,2025-06-20,SYNTHETIC / DEMO ONLY. Defensive analytics record.,Exfiltration,Data from Local System
THR-2026-00327,Synthetic Credential Threats Observation,CREDENTIAL THREATS,URL,https://example.com/demo/327,Security Vendor,B,95,HIGH,82.4,UNDER_REVIEW,2025-08-01,2025-08-28,SYNTHETIC / DEMO ONLY. Defensive analytics record.,Exfiltration,Valid Accounts
THR-2026-00328,Synthetic Web Threats Observation,WEB THREATS,IP ADDRESS,192.0.2.75,Unknown Source,D,68,MEDIUM,63.95,MONITORING,2025-01-18,2025-02-15,SYNTHETIC / DEMO ONLY. Defensive analytics record.,Initial Access,Valid Accounts
THR-2026-00329,Synthetic Network Threats Observation,NETWORK THREATS,DOMAIN,example.org,Public Threat Feed,B,88,HIGH,73.85,CLOSED,2025-03-08,2025-03-17,SYNTHETIC / DEMO ONLY. Defensive analytics record.,Initial Access,Application Layer Protocol
THR-2026-00330,Synthetic Phishing Observation,PHISHING,CVE ID,CVE-2026-1330,Community Submission,C,44,MEDIUM,55.5,CLOSED,2025-11-01,2025-11-28,SYNTHETIC / DEMO ONLY. Defensive analytics record.,Exfiltration,Network Service Discovery
THR-2026-00331,Synthetic Vulnerability Exposure Observation,VULNERABILITY EXPOSURE,IP ADDRESS,192.0.2.78,Security Vendor,B,52,HIGH,64.15,CLOSED,2025-03-16,2025-04-13,SYNTHETIC / DEMO ONLY. Defensive analytics record.,Credential Access,Network Service Discovery
THR-2026-00332,Synthetic Ransomware Observation,RANSOMWARE,IP ADDRESS,192.0.2.79,Unknown Source,D,57,MEDIUM,45.3,UNDER_REVIEW,2025-05-15,2025-05-23,SYNTHETIC / DEMO ONLY. Defensive analytics record.,Credential Access,Data from Local System
THR-2026-00333,Synthetic Ransomware Observation,RANSOMWARE,FILE HASH,30f7d290dec2771adb18b108b7f894f0e1ebc56bbc55b6edf99b877984950685,Internal SOC,A,51,HIGH,73.4,CLOSED,2025-06-09,2025-06-22,SYNTHETIC / DEMO ONLY. Defensive analytics record.,Command and Control,Phishing
THR-2026-00334,Synthetic Phishing Observation,PHISHING,EMAIL/SENDER DOMAIN,example.com,Public Threat Feed,B,36,LOW,47.95,NEW,2025-12-23,2026-01-13,SYNTHETIC / DEMO ONLY. Defensive analytics record.,Credential Access,Valid Accounts
THR-2026-00335,Synthetic Network Threats Observation,NETWORK THREATS,URL,https://example.com/demo/335,Research Report,C,74,LOW,42.2,MONITORING,2025-08-02,2025-09-01,SYNTHETIC / DEMO ONLY. Defensive analytics record.,Command and Control,Data from Local System
THR-2026-00336,Synthetic Account Security Observation,ACCOUNT SECURITY,EMAIL/SENDER DOMAIN,example.com,Unknown Source,D,52,MEDIUM,56.8,CLOSED,2025-09-27,2025-10-02,SYNTHETIC / DEMO ONLY. Defensive analytics record.,Initial Access,Valid Accounts
THR-2026-00337,Synthetic Credential Threats Observation,CREDENTIAL THREATS,CVE ID,CVE-2026-1337,Security Vendor,B,37,CRITICAL,72.45,NEW,2025-10-30,2025-11-10,SYNTHETIC / DEMO ONLY. Defensive analytics record.,Command and Control,Network Service Discovery
THR-2026-00338,Synthetic Data Exposure Observation,DATA EXPOSURE,EMAIL/SENDER DOMAIN,example.com,Internal SOC,A,48,INFORMATIONAL,40.4,CLOSED,2025-01-13,2025-01-16,SYNTHETIC / DEMO ONLY. Defensive analytics record.,Command and Control,Application Layer Protocol
THR-2026-00339,Synthetic Malware Observation,MALWARE,EMAIL/SENDER DOMAIN,example.org,Unknown Source,D,54,MEDIUM,53.6,NEW,2025-07-31,2025-08-13,SYNTHETIC / DEMO ONLY. Defensive analytics record.,Exfiltration,Network Service Discovery
THR-2026-00340,Synthetic Account Security Observation,ACCOUNT SECURITY,EMAIL/SENDER DOMAIN,example.com,Research Report,C,48,HIGH,68.35,NEW,2025-08-10,2025-08-13,SYNTHETIC / DEMO ONLY. Defensive analytics record.,Command and Control,Valid Accounts
THR-2026-00341,Synthetic Account Security Observation,ACCOUNT SECURITY,DOMAIN,example.org,Community Submission,C,60,HIGH,66.5,FALSE_POSITIVE,2025-10-11,2025-10-12,SYNTHETIC / DEMO ONLY. Defensive analytics record.,Command and Control,Valid Accounts
THR-2026-00342,Synthetic Social Engineering Observation,SOCIAL ENGINEERING,URL,https://example.com/demo/342,Internal SOC,A,46,LOW,52.75,NEW,2025-10-17,2025-11-16,SYNTHETIC / DEMO ONLY. Defensive analytics record.,Exfiltration,Phishing
THR-2026-00343,Synthetic Malware Observation,MALWARE,URL,https://example.com/demo/343,Research Report,C,72,HIGH,66.45,UNDER_REVIEW,2025-11-11,2025-12-07,SYNTHETIC / DEMO ONLY. Defensive analytics record.,Initial Access,Network Service Discovery
THR-2026-00344,Synthetic Network Threats Observation,NETWORK THREATS,CVE ID,CVE-2026-1344,Unknown Source,D,49,MEDIUM,39.1,UNDER_REVIEW,2025-10-23,2025-11-13,SYNTHETIC / DEMO ONLY. Defensive analytics record.,Discovery,Network Service Discovery
THR-2026-00345,Synthetic Social Engineering Observation,SOCIAL ENGINEERING,EMAIL/SENDER DOMAIN,example.org,Unknown Source,D,46,MEDIUM,50.25,CLOSED,2025-11-04,2025-11-16,SYNTHETIC / DEMO ONLY. Defensive analytics record.,Command and Control,Network Service Discovery
THR-2026-00346,Synthetic Vulnerability Exposure Observation,VULNERABILITY EXPOSURE,CVE ID,CVE-2026-1346,Research Report,C,56,HIGH,53.1,CLOSED,2025-10-12,2025-10-15,SYNTHETIC / DEMO ONLY. Defensive analytics record.,Exfiltration,Application Layer Protocol
THR-2026-00347,Synthetic Account Security Observation,ACCOUNT SECURITY,CVE ID,CVE-2026-1347,Community Submission,C,83,MEDIUM,65.25,UNDER_REVIEW,2025-01-16,2025-02-13,SYNTHETIC / DEMO ONLY. Defensive analytics record.,Command and Control,Application Layer Protocol
THR-2026-00348,Synthetic Malware Observation,MALWARE,FILE HASH,122d7374bb5d959d09c004b46c24bb6aaab715fe279507a9f61220ce9da6f646,Internal SOC,A,68,MEDIUM,62.6,FALSE_POSITIVE,2025-01-06,2025-02-02,SYNTHETIC / DEMO ONLY. Defensive analytics record.,Exfiltration,Data from Local System
THR-2026-00349,Synthetic Credential Threats Observation,CREDENTIAL THREATS,CVE ID,CVE-2026-1349,Community Submission,C,47,HIGH,63.5,CLOSED,2025-07-08,2025-07-29,SYNTHETIC / DEMO ONLY. Defensive analytics record.,Credential Access,Data from Local System
THR-2026-00350,Synthetic Account Security Observation,ACCOUNT SECURITY,IP ADDRESS,192.0.2.97,Security Vendor,B,95,INFORMATIONAL,51.8,UNDER_REVIEW,2025-04-25,2025-05-05,SYNTHETIC / DEMO ONLY. Defensive analytics record.,Discovery,Network Service Discovery
THR-2026-00351,Synthetic Phishing Observation,PHISHING,EMAIL/SENDER DOMAIN,example.org,Unknown Source,D,83,LOW,49.75,FALSE_POSITIVE,2025-05-11,2025-05-25,SYNTHETIC / DEMO ONLY. Defensive analytics record.,Command and Control,Phishing
THR-2026-00352,Synthetic Social Engineering Observation,SOCIAL ENGINEERING,FILE HASH,16b499f6f97082295c1853be647e54f74decc53c9cbe065fcf3e34aa9340747d,Research Report,C,37,MEDIUM,50.6,FALSE_POSITIVE,2025-12-14,2025-12-31,SYNTHETIC / DEMO ONLY. Defensive analytics record.,Initial Access,Phishing
THR-2026-00353,Synthetic Account Security Observation,ACCOUNT SECURITY,EMAIL/SENDER DOMAIN,example.org,Community Submission,C,61,HIGH,72.25,NEW,2025-06-29,2025-07-25,SYNTHETIC / DEMO ONLY. Defensive analytics record.,Credential Access,Application Layer Protocol
THR-2026-00354,Synthetic Network Threats Observation,NETWORK THREATS,EMAIL/SENDER DOMAIN,example.com,Community Submission,C,95,HIGH,80.35,UNDER_REVIEW,2025-11-04,2025-11-07,SYNTHETIC / DEMO ONLY. Defensive analytics record.,Initial Access,Network Service Discovery
THR-2026-00355,Synthetic Network Threats Observation,NETWORK THREATS,CVE ID,CVE-2026-1355,Public Threat Feed,B,82,CRITICAL,74.45,UNDER_REVIEW,2025-10-09,2025-10-24,SYNTHETIC / DEMO ONLY. Defensive analytics record.,Command and Control,Phishing
THR-2026-00356,Synthetic Web Threats Observation,WEB THREATS,EMAIL/SENDER DOMAIN,example.com,Internal SOC,A,85,LOW,58.35,CLOSED,2025-07-12,2025-07-15,SYNTHETIC / DEMO ONLY. Defensive analytics record.,Initial Access,Data from Local System
THR-2026-00357,Synthetic Malware Observation,MALWARE,FILE HASH,c92b589998c2868f2055e669ba27f2607aee5fd09fc40f1b0e2e34b2923b3f26,Community Submission,C,52,MEDIUM,54.2,CLOSED,2025-12-08,2025-12-25,SYNTHETIC / DEMO ONLY. Defensive analytics record.,Exfiltration,Application Layer Protocol
THR-2026-00358,Synthetic Data Exposure Observation,DATA EXPOSURE,DOMAIN,example.net,Security Vendor,B,51,HIGH,65.2,MONITORING,2025-02-25,2025-03-25,SYNTHETIC / DEMO ONLY. Defensive analytics record.,Exfiltration,Application Layer Protocol
THR-2026-00359,Synthetic Vulnerability Exposure Observation,VULNERABILITY EXPOSURE,EMAIL/SENDER DOMAIN,example.org,Security Vendor,B,70,CRITICAL,76.15,UNDER_REVIEW,2025-05-15,2025-06-09,SYNTHETIC / DEMO ONLY. Defensive analytics record.,Credential Access,Application Layer Protocol
THR-2026-00360,Synthetic Account Security Observation,ACCOUNT SECURITY,CVE ID,CVE-2026-1360,Community Submission,C,73,HIGH,76.75,FALSE_POSITIVE,2025-01-02,2025-01-25,SYNTHETIC / DEMO ONLY. Defensive analytics record.,Credential Access,Valid Accounts
THR-2026-00361,Synthetic Credential Threats Observation,CREDENTIAL THREATS,EMAIL/SENDER DOMAIN,example.org,Unknown Source,D,79,HIGH,65.85,MONITORING,2025-04-19,2025-05-06,SYNTHETIC / DEMO ONLY. Defensive analytics record.,Initial Access,Network Service Discovery
THR-2026-00362,Synthetic Data Exposure Observation,DATA EXPOSURE,FILE HASH,f22282dc89c9d737982de33b3e824faf48e55d091698e25923cc6063b11ed4d8,Unknown Source,D,88,MEDIUM,69.8,NEW,2025-05-30,2025-06-24,SYNTHETIC / DEMO ONLY. Defensive analytics record.,Exfiltration,Phishing
THR-2026-00363,Synthetic Phishing Observation,PHISHING,FILE HASH,f6a1073fc8912bc490907d10a8eb8d1b132cc3abc939d76dedeecff5971715fc,Unknown Source,D,42,LOW,38.1,MONITORING,2025-08-08,2025-08-29,SYNTHETIC / DEMO ONLY. Defensive analytics record.,Credential Access,Phishing
THR-2026-00364,Synthetic Web Threats Observation,WEB THREATS,DOMAIN,example.com,Internal SOC,A,80,HIGH,74.75,FALSE_POSITIVE,2025-01-21,2025-02-13,SYNTHETIC / DEMO ONLY. Defensive analytics record.,Credential Access,Data from Local System
THR-2026-00365,Synthetic Vulnerability Exposure Observation,VULNERABILITY EXPOSURE,DOMAIN,example.org,Unknown Source,D,71,MEDIUM,57.45,MONITORING,2025-06-17,2025-06-30,SYNTHETIC / DEMO ONLY. Defensive analytics record.,Exfiltration,Phishing
THR-2026-00366,Synthetic Phishing Observation,PHISHING,CVE ID,CVE-2026-1366,Community Submission,C,91,MEDIUM,67.8,FALSE_POSITIVE,2025-03-28,2025-04-20,SYNTHETIC / DEMO ONLY. Defensive analytics record.,Credential Access,Valid Accounts
THR-2026-00367,Synthetic Web Threats Observation,WEB THREATS,FILE HASH,ba219c3c9af0bf6c8861c361b10b6fb836253b385e3993660ce6ca4e17497dd9,Unknown Source,D,44,LOW,40.3,NEW,2025-11-01,2025-11-13,SYNTHETIC / DEMO ONLY. Defensive analytics record.,Command and Control,Network Service Discovery
THR-2026-00368,Synthetic Data Exposure Observation,DATA EXPOSURE,URL,https://example.com/demo/368,Community Submission,C,67,LOW,48.95,UNDER_REVIEW,2025-01-03,2025-02-01,SYNTHETIC / DEMO ONLY. Defensive analytics record.,Initial Access,Valid Accounts
THR-2026-00369,Synthetic Network Threats Observation,NETWORK THREATS,EMAIL/SENDER DOMAIN,example.org,Unknown Source,D,73,LOW,60.7,MONITORING,2025-07-02,2025-07-04,SYNTHETIC / DEMO ONLY. Defensive analytics record.,Exfiltration,Valid Accounts
THR-2026-00370,Synthetic Ransomware Observation,RANSOMWARE,EMAIL/SENDER DOMAIN,example.com,Community Submission,C,55,LOW,56.9,MONITORING,2025-06-09,2025-06-11,SYNTHETIC / DEMO ONLY. Defensive analytics record.,Credential Access,Valid Accounts
THR-2026-00371,Synthetic Network Threats Observation,NETWORK THREATS,URL,https://example.com/demo/371,Security Vendor,B,95,MEDIUM,62.3,CLOSED,2025-01-24,2025-02-04,SYNTHETIC / DEMO ONLY. Defensive analytics record.,Credential Access,Data from Local System
THR-2026-00372,Synthetic Account Security Observation,ACCOUNT SECURITY,DOMAIN,example.com,Unknown Source,D,76,CRITICAL,70.5,MONITORING,2025-08-23,2025-09-09,SYNTHETIC / DEMO ONLY. Defensive analytics record.,Initial Access,Data from Local System
THR-2026-00373,Synthetic Network Threats Observation,NETWORK THREATS,EMAIL/SENDER DOMAIN,example.org,Research Report,C,97,HIGH,67.2,NEW,2025-07-21,2025-08-06,SYNTHETIC / DEMO ONLY. Defensive analytics record.,Initial Access,Valid Accounts
THR-2026-00374,Synthetic Data Exposure Observation,DATA EXPOSURE,EMAIL/SENDER DOMAIN,example.com,Internal SOC,A,61,INFORMATIONAL,57.45,NEW,2025-01-16,2025-01-29,SYNTHETIC / DEMO ONLY. Defensive analytics record.,Credential Access,Data from Local System
THR-2026-00375,Synthetic Vulnerability Exposure Observation,VULNERABILITY EXPOSURE,CVE ID,CVE-2026-1375,Internal SOC,A,54,HIGH,64.4,NEW,2025-12-13,2025-12-15,SYNTHETIC / DEMO ONLY. Defensive analytics record.,Initial Access,Valid Accounts
THR-2026-00376,Synthetic Web Threats Observation,WEB THREATS,EMAIL/SENDER DOMAIN,example.com,Security Vendor,B,68,LOW,57.55,CLOSED,2025-02-13,2025-02-25,SYNTHETIC / DEMO ONLY. Defensive analytics record.,Discovery,Phishing
THR-2026-00377,Synthetic Vulnerability Exposure Observation,VULNERABILITY EXPOSURE,CVE ID,CVE-2026-1377,Internal SOC,A,43,LOW,54.35,NEW,2025-01-08,2025-02-04,SYNTHETIC / DEMO ONLY. Defensive analytics record.,Discovery,Data from Local System
THR-2026-00378,Synthetic Malware Observation,MALWARE,URL,https://example.com/demo/378,Public Threat Feed,B,46,HIGH,65.2,NEW,2025-06-13,2025-07-09,SYNTHETIC / DEMO ONLY. Defensive analytics record.,Command and Control,Valid Accounts
THR-2026-00379,Synthetic Data Exposure Observation,DATA EXPOSURE,DOMAIN,demo.invalid,Research Report,C,72,LOW,53.5,MONITORING,2025-01-20,2025-02-17,SYNTHETIC / DEMO ONLY. Defensive analytics record.,Initial Access,Data from Local System
THR-2026-00380,Synthetic Data Exposure Observation,DATA EXPOSURE,DOMAIN,example.com,Internal SOC,A,85,LOW,63.75,MONITORING,2025-07-29,2025-08-04,SYNTHETIC / DEMO ONLY. Defensive analytics record.,Credential Access,Application Layer Protocol
THR-2026-00381,Synthetic Data Exposure Observation,DATA EXPOSURE,DOMAIN,example.org,Security Vendor,B,67,LOW,45.65,FALSE_POSITIVE,2025-01-23,2025-02-17,SYNTHETIC / DEMO ONLY. Defensive analytics record.,Initial Access,Data from Local System
THR-2026-00382,Synthetic Social Engineering Observation,SOCIAL ENGINEERING,CVE ID,CVE-2026-1382,Public Threat Feed,B,43,MEDIUM,48.05,MONITORING,2025-03-10,2025-03-25,SYNTHETIC / DEMO ONLY. Defensive analytics record.,Discovery,Valid Accounts
THR-2026-00383,Synthetic Credential Threats Observation,CREDENTIAL THREATS,IP ADDRESS,192.0.2.130,Internal SOC,A,59,MEDIUM,65.25,MONITORING,2025-07-17,2025-08-05,SYNTHETIC / DEMO ONLY. Defensive analytics record.,Exfiltration,Valid Accounts
THR-2026-00384,Synthetic Account Security Observation,ACCOUNT SECURITY,EMAIL/SENDER DOMAIN,example.com,Public Threat Feed,B,89,MEDIUM,57.25,UNDER_REVIEW,2025-08-28,2025-09-22,SYNTHETIC / DEMO ONLY. Defensive analytics record.,Command and Control,Network Service Discovery
THR-2026-00385,Synthetic Network Threats Observation,NETWORK THREATS,DOMAIN,example.org,Public Threat Feed,B,96,HIGH,80.55,FALSE_POSITIVE,2025-07-29,2025-08-13,SYNTHETIC / DEMO ONLY. Defensive analytics record.,Initial Access,Valid Accounts
THR-2026-00386,Synthetic Account Security Observation,ACCOUNT SECURITY,IP ADDRESS,192.0.2.133,Security Vendor,B,60,HIGH,68.4,NEW,2025-11-24,2025-12-22,SYNTHETIC / DEMO ONLY. Defensive analytics record.,Exfiltration,Phishing
THR-2026-00387,Synthetic Account Security Observation,ACCOUNT SECURITY,EMAIL/SENDER DOMAIN,example.org,Community Submission,C,62,MEDIUM,56.8,FALSE_POSITIVE,2025-03-29,2025-04-26,SYNTHETIC / DEMO ONLY. Defensive analytics record.,Command and Control,Valid Accounts
THR-2026-00388,Synthetic Network Threats Observation,NETWORK THREATS,FILE HASH,134b8b027537fa9ebc26d19e41d7455fc60bcdc822bd2c86fb53ad5d1c80ba70,Community Submission,C,72,LOW,55.25,CLOSED,2025-04-15,2025-04-17,SYNTHETIC / DEMO ONLY. Defensive analytics record.,Discovery,Data from Local System
THR-2026-00389,Synthetic Phishing Observation,PHISHING,CVE ID,CVE-2026-1389,Community Submission,C,56,LOW,50.25,FALSE_POSITIVE,2025-10-12,2025-10-17,SYNTHETIC / DEMO ONLY. Defensive analytics record.,Exfiltration,Valid Accounts
THR-2026-00390,Synthetic Social Engineering Observation,SOCIAL ENGINEERING,URL,https://example.com/demo/390,Research Report,C,64,INFORMATIONAL,42.15,UNDER_REVIEW,2025-09-04,2025-09-05,SYNTHETIC / DEMO ONLY. Defensive analytics record.,Exfiltration,Network Service Discovery
THR-2026-00391,Synthetic Vulnerability Exposure Observation,VULNERABILITY EXPOSURE,FILE HASH,d6d9c00303d37673a806654fd2fde8fe031593b4fd35317a85233c749cae659d,Internal SOC,A,40,CRITICAL,70.45,FALSE_POSITIVE,2025-01-06,2025-02-05,SYNTHETIC / DEMO ONLY. Defensive analytics record.,Discovery,Network Service Discovery
THR-2026-00392,Synthetic Account Security Observation,ACCOUNT SECURITY,EMAIL/SENDER DOMAIN,example.com,Research Report,C,83,MEDIUM,65.4,CLOSED,2025-04-12,2025-04-20,SYNTHETIC / DEMO ONLY. Defensive analytics record.,Credential Access,Data from Local System
THR-2026-00393,Synthetic Vulnerability Exposure Observation,VULNERABILITY EXPOSURE,URL,https://example.com/demo/393,Public Threat Feed,B,97,HIGH,79.3,UNDER_REVIEW,2025-04-20,2025-05-18,SYNTHETIC / DEMO ONLY. Defensive analytics record.,Command and Control,Valid Accounts
THR-2026-00394,Synthetic Credential Threats Observation,CREDENTIAL THREATS,IP ADDRESS,192.0.2.141,Public Threat Feed,B,62,MEDIUM,51.95,NEW,2025-06-30,2025-07-19,SYNTHETIC / DEMO ONLY. Defensive analytics record.,Credential Access,Application Layer Protocol
THR-2026-00395,Synthetic Network Threats Observation,NETWORK THREATS,CVE ID,CVE-2026-1395,Unknown Source,D,96,LOW,59.9,CLOSED,2025-10-11,2025-10-31,SYNTHETIC / DEMO ONLY. Defensive analytics record.,Initial Access,Valid Accounts
THR-2026-00396,Synthetic Phishing Observation,PHISHING,DOMAIN,example.com,Security Vendor,B,52,MEDIUM,61.25,NEW,2025-03-14,2025-03-18,SYNTHETIC / DEMO ONLY. Defensive analytics record.,Credential Access,Network Service Discovery
THR-2026-00397,Synthetic Ransomware Observation,RANSOMWARE,EMAIL/SENDER DOMAIN,example.org,Community Submission,C,37,CRITICAL,65.65,FALSE_POSITIVE,2025-09-13,2025-09-27,SYNTHETIC / DEMO ONLY. Defensive analytics record.,Command and Control,Application Layer Protocol
THR-2026-00398,Synthetic Ransomware Observation,RANSOMWARE,DOMAIN,example.net,Community Submission,C,53,HIGH,68.6,MONITORING,2025-01-29,2025-02-14,SYNTHETIC / DEMO ONLY. Defensive analytics record.,Credential Access,Network Service Discovery
THR-2026-00399,Synthetic Social Engineering Observation,SOCIAL ENGINEERING,EMAIL/SENDER DOMAIN,example.org,Security Vendor,B,83,MEDIUM,59.45,FALSE_POSITIVE,2025-12-24,2025-12-30,SYNTHETIC / DEMO ONLY. Defensive analytics record.,Exfiltration,Application Layer Protocol
THR-2026-00400,Synthetic Ransomware Observation,RANSOMWARE,EMAIL/SENDER DOMAIN,example.com,Research Report,C,39,LOW,48.85,UNDER_REVIEW,2025-11-15,2025-11-30,SYNTHETIC / DEMO ONLY. Defensive analytics record.,Exfiltration,Data from Local System
THR-2026-00401,Synthetic Phishing Observation,PHISHING,CVE ID,CVE-2026-1401,Community Submission,C,88,HIGH,69.45,CLOSED,2025-05-27,2025-06-03,SYNTHETIC / DEMO ONLY. Defensive analytics record.,Command and Control,Network Service Discovery
THR-2026-00402,Synthetic Account Security Observation,ACCOUNT SECURITY,CVE ID,CVE-2026-1402,Unknown Source,D,47,CRITICAL,62.0,UNDER_REVIEW,2025-05-02,2025-05-26,SYNTHETIC / DEMO ONLY. Defensive analytics record.,Initial Access,Network Service Discovery
THR-2026-00403,Synthetic Account Security Observation,ACCOUNT SECURITY,EMAIL/SENDER DOMAIN,example.org,Security Vendor,B,35,MEDIUM,54.05,FALSE_POSITIVE,2025-04-09,2025-04-12,SYNTHETIC / DEMO ONLY. Defensive analytics record.,Initial Access,Application Layer Protocol
THR-2026-00404,Synthetic Credential Threats Observation,CREDENTIAL THREATS,CVE ID,CVE-2026-1404,Research Report,C,81,HIGH,64.5,MONITORING,2025-02-02,2025-02-20,SYNTHETIC / DEMO ONLY. Defensive analytics record.,Discovery,Data from Local System
THR-2026-00405,Synthetic Vulnerability Exposure Observation,VULNERABILITY EXPOSURE,EMAIL/SENDER DOMAIN,example.org,Public Threat Feed,B,85,MEDIUM,68.05,UNDER_REVIEW,2025-03-22,2025-04-06,SYNTHETIC / DEMO ONLY. Defensive analytics record.,Discovery,Data from Local System
THR-2026-00406,Synthetic Data Exposure Observation,DATA EXPOSURE,FILE HASH,05fc242ec6087c8461ef7cc1028314f08cee06d61407dfd9eccdf99189c72df3,Public Threat Feed,B,79,MEDIUM,66.95,UNDER_REVIEW,2025-01-29,2025-02-01,SYNTHETIC / DEMO ONLY. Defensive analytics record.,Command and Control,Valid Accounts
THR-2026-00407,Synthetic Malware Observation,MALWARE,DOMAIN,demo.invalid,Public Threat Feed,B,41,MEDIUM,48.6,UNDER_REVIEW,2025-11-16,2025-12-12,SYNTHETIC / DEMO ONLY. Defensive analytics record.,Command and Control,Data from Local System
THR-2026-00408,Synthetic Vulnerability Exposure Observation,VULNERABILITY EXPOSURE,IP ADDRESS,192.0.2.155,Security Vendor,B,82,LOW,54.95,CLOSED,2025-06-19,2025-07-18,SYNTHETIC / DEMO ONLY. Defensive analytics record.,Exfiltration,Data from Local System
THR-2026-00409,Synthetic Web Threats Observation,WEB THREATS,CVE ID,CVE-2026-1409,Internal SOC,A,57,CRITICAL,82.3,FALSE_POSITIVE,2025-12-27,2026-01-02,SYNTHETIC / DEMO ONLY. Defensive analytics record.,Discovery,Valid Accounts
THR-2026-00410,Synthetic Phishing Observation,PHISHING,EMAIL/SENDER DOMAIN,example.com,Unknown Source,D,64,MEDIUM,53.55,NEW,2025-07-01,2025-07-08,SYNTHETIC / DEMO ONLY. Defensive analytics record.,Credential Access,Phishing
THR-2026-00411,Synthetic Web Threats Observation,WEB THREATS,FILE HASH,f0df94fa73e4fe7e17a9fe71915eb381571898072decee2e4a65536689b2e296,Research Report,C,86,MEDIUM,68.35,NEW,2025-12-25,2026-01-17,SYNTHETIC / DEMO ONLY. Defensive analytics record.,Initial Access,Data from Local System
THR-2026-00412,Synthetic Web Threats Observation,WEB THREATS,CVE ID,CVE-2026-1412,Community Submission,C,79,HIGH,67.8,UNDER_REVIEW,2025-02-25,2025-03-27,SYNTHETIC / DEMO ONLY. Defensive analytics record.,Command and Control,Application Layer Protocol
THR-2026-00413,Synthetic Account Security Observation,ACCOUNT SECURITY,IP ADDRESS,192.0.2.160,Research Report,C,48,MEDIUM,55.25,NEW,2025-08-04,2025-08-14,SYNTHETIC / DEMO ONLY. Defensive analytics record.,Exfiltration,Network Service Discovery
THR-2026-00414,Synthetic Data Exposure Observation,DATA EXPOSURE,EMAIL/SENDER DOMAIN,example.com,Research Report,C,83,MEDIUM,69.5,CLOSED,2025-07-12,2025-08-11,SYNTHETIC / DEMO ONLY. Defensive analytics record.,Command and Control,Data from Local System
THR-2026-00415,Synthetic Phishing Observation,PHISHING,FILE HASH,440ce3b0f701eadabf11d7fae09370688d7f3f6cf476dcbf0d91d09439f70609,Internal SOC,A,83,LOW,59.85,MONITORING,2025-07-24,2025-08-06,SYNTHETIC / DEMO ONLY. Defensive analytics record.,Exfiltration,Data from Local System
THR-2026-00416,Synthetic Phishing Observation,PHISHING,CVE ID,CVE-2026-1416,Security Vendor,B,71,HIGH,67.2,UNDER_REVIEW,2025-11-24,2025-12-11,SYNTHETIC / DEMO ONLY. Defensive analytics record.,Command and Control,Network Service Discovery
THR-2026-00417,Synthetic Network Threats Observation,NETWORK THREATS,DOMAIN,example.org,Public Threat Feed,B,58,HIGH,69.9,UNDER_REVIEW,2025-09-21,2025-09-28,SYNTHETIC / DEMO ONLY. Defensive analytics record.,Discovery,Valid Accounts
THR-2026-00418,Synthetic Credential Threats Observation,CREDENTIAL THREATS,DOMAIN,example.net,Community Submission,C,80,HIGH,60.45,CLOSED,2025-11-22,2025-12-13,SYNTHETIC / DEMO ONLY. Defensive analytics record.,Exfiltration,Phishing
THR-2026-00419,Synthetic Data Exposure Observation,DATA EXPOSURE,IP ADDRESS,192.0.2.166,Public Threat Feed,B,75,HIGH,76.7,FALSE_POSITIVE,2025-04-25,2025-04-30,SYNTHETIC / DEMO ONLY. Defensive analytics record.,Discovery,Application Layer Protocol
THR-2026-00420,Synthetic Credential Threats Observation,CREDENTIAL THREATS,EMAIL/SENDER DOMAIN,example.com,Community Submission,C,89,LOW,60.0,CLOSED,2025-04-19,2025-04-30,SYNTHETIC / DEMO ONLY. Defensive analytics record.,Credential Access,Application Layer Protocol
THR-2026-00421,Synthetic Malware Observation,MALWARE,CVE ID,CVE-2026-1421,Public Threat Feed,B,36,MEDIUM,46.7,MONITORING,2025-03-10,2025-03-13,SYNTHETIC / DEMO ONLY. Defensive analytics record.,Discovery,Data from Local System
THR-2026-00422,Synthetic Web Threats Observation,WEB THREATS,DOMAIN,example.net,Security Vendor,B,69,MEDIUM,69.25,CLOSED,2025-06-28,2025-07-03,SYNTHETIC / DEMO ONLY. Defensive analytics record.,Command and Control,Valid Accounts
THR-2026-00423,Synthetic Vulnerability Exposure Observation,VULNERABILITY EXPOSURE,CVE ID,CVE-2026-1423,Public Threat Feed,B,86,HIGH,72.85,FALSE_POSITIVE,2025-03-15,2025-03-19,SYNTHETIC / DEMO ONLY. Defensive analytics record.,Credential Access,Phishing
THR-2026-00424,Synthetic Web Threats Observation,WEB THREATS,DOMAIN,example.com,Research Report,C,60,MEDIUM,53.35,CLOSED,2025-12-28,2026-01-02,SYNTHETIC / DEMO ONLY. Defensive analytics record.,Command and Control,Valid Accounts
THR-2026-00425,Synthetic Data Exposure Observation,DATA EXPOSURE,EMAIL/SENDER DOMAIN,example.org,Research Report,C,73,HIGH,75.1,NEW,2025-12-08,2025-12-20,SYNTHETIC / DEMO ONLY. Defensive analytics record.,Credential Access,Phishing
THR-2026-00426,Synthetic Credential Threats Observation,CREDENTIAL THREATS,URL,https://example.com/demo/426,Unknown Source,D,47,MEDIUM,53.35,FALSE_POSITIVE,2025-07-01,2025-07-12,SYNTHETIC / DEMO ONLY. Defensive analytics record.,Exfiltration,Network Service Discovery
THR-2026-00427,Synthetic Network Threats Observation,NETWORK THREATS,IP ADDRESS,192.0.2.174,Public Threat Feed,B,60,MEDIUM,70.75,MONITORING,2025-10-04,2025-10-28,SYNTHETIC / DEMO ONLY. Defensive analytics record.,Discovery,Network Service Discovery
THR-2026-00428,Synthetic Data Exposure Observation,DATA EXPOSURE,FILE HASH,a7f0d2070fdfc605fe68d58db66830a1e85d8f43b3c7a28d933cd411f9af36b6,Research Report,C,45,HIGH,67.55,UNDER_REVIEW,2025-05-09,2025-05-29,SYNTHETIC / DEMO ONLY. Defensive analytics record.,Credential Access,Network Service Discovery
THR-2026-00429,Synthetic Vulnerability Exposure Observation,VULNERABILITY EXPOSURE,CVE ID,CVE-2026-1429,Research Report,C,44,HIGH,54.3,MONITORING,2025-09-07,2025-09-17,SYNTHETIC / DEMO ONLY. Defensive analytics record.,Discovery,Network Service Discovery
THR-2026-00430,Synthetic Account Security Observation,ACCOUNT SECURITY,CVE ID,CVE-2026-1430,Research Report,C,81,MEDIUM,74.6,UNDER_REVIEW,2025-05-16,2025-05-29,SYNTHETIC / DEMO ONLY. Defensive analytics record.,Credential Access,Phishing
THR-2026-00431,Synthetic Ransomware Observation,RANSOMWARE,CVE ID,CVE-2026-1431,Public Threat Feed,B,45,LOW,43.9,NEW,2025-11-10,2025-11-13,SYNTHETIC / DEMO ONLY. Defensive analytics record.,Command and Control,Data from Local System
THR-2026-00432,Synthetic Phishing Observation,PHISHING,IP ADDRESS,192.0.2.179,Community Submission,C,45,HIGH,60.1,CLOSED,2025-10-14,2025-10-16,SYNTHETIC / DEMO ONLY. Defensive analytics record.,Discovery,Valid Accounts
THR-2026-00433,Synthetic Credential Threats Observation,CREDENTIAL THREATS,CVE ID,CVE-2026-1433,Unknown Source,D,51,MEDIUM,51.9,MONITORING,2025-12-18,2025-12-19,SYNTHETIC / DEMO ONLY. Defensive analytics record.,Discovery,Application Layer Protocol
THR-2026-00434,Synthetic Social Engineering Observation,SOCIAL ENGINEERING,EMAIL/SENDER DOMAIN,example.com,Community Submission,C,91,CRITICAL,78.3,CLOSED,2025-03-05,2025-03-24,SYNTHETIC / DEMO ONLY. Defensive analytics record.,Exfiltration,Application Layer Protocol
THR-2026-00435,Synthetic Data Exposure Observation,DATA EXPOSURE,CVE ID,CVE-2026-1435,Public Threat Feed,B,79,HIGH,76.5,MONITORING,2025-11-17,2025-12-01,SYNTHETIC / DEMO ONLY. Defensive analytics record.,Discovery,Application Layer Protocol
THR-2026-00436,Synthetic Web Threats Observation,WEB THREATS,DOMAIN,example.com,Internal SOC,A,52,MEDIUM,59.9,CLOSED,2025-04-03,2025-04-03,SYNTHETIC / DEMO ONLY. Defensive analytics record.,Command and Control,Network Service Discovery
THR-2026-00437,Synthetic Phishing Observation,PHISHING,FILE HASH,d88b27bee7e453b923e5d9d28031d12a847e1984764e8a21e91c40f4ff4a8a7e,Community Submission,C,64,HIGH,66.2,FALSE_POSITIVE,2025-09-27,2025-10-10,SYNTHETIC / DEMO ONLY. Defensive analytics record.,Command and Control,Application Layer Protocol
THR-2026-00438,Synthetic Credential Threats Observation,CREDENTIAL THREATS,DOMAIN,example.net,Unknown Source,D,84,HIGH,67.0,UNDER_REVIEW,2025-11-22,2025-12-05,SYNTHETIC / DEMO ONLY. Defensive analytics record.,Exfiltration,Data from Local System
THR-2026-00439,Synthetic Web Threats Observation,WEB THREATS,URL,https://example.com/demo/439,Community Submission,C,69,HIGH,62.65,MONITORING,2025-09-30,2025-10-04,SYNTHETIC / DEMO ONLY. Defensive analytics record.,Initial Access,Application Layer Protocol
THR-2026-00440,Synthetic Account Security Observation,ACCOUNT SECURITY,FILE HASH,b7e97c7a04f1fbafc105abae5d4fdef6b9135f928d544b3842809e44635472b3,Community Submission,C,97,MEDIUM,61.1,FALSE_POSITIVE,2025-10-16,2025-10-17,SYNTHETIC / DEMO ONLY. Defensive analytics record.,Initial Access,Valid Accounts
THR-2026-00441,Synthetic Malware Observation,MALWARE,URL,https://example.com/demo/441,Unknown Source,D,91,MEDIUM,59.8,NEW,2025-11-16,2025-11-20,SYNTHETIC / DEMO ONLY. Defensive analytics record.,Command and Control,Valid Accounts
THR-2026-00442,Synthetic Network Threats Observation,NETWORK THREATS,FILE HASH,f2fb616e414ed7537a3351868ecacde9e287b8b3813b37e931718e580b4b6275,Research Report,C,82,MEDIUM,59.8,UNDER_REVIEW,2025-11-21,2025-12-17,SYNTHETIC / DEMO ONLY. Defensive analytics record.,Initial Access,Network Service Discovery
THR-2026-00443,Synthetic Vulnerability Exposure Observation,VULNERABILITY EXPOSURE,IP ADDRESS,192.0.2.190,Security Vendor,B,59,MEDIUM,55.05,UNDER_REVIEW,2025-10-31,2025-11-24,SYNTHETIC / DEMO ONLY. Defensive analytics record.,Command and Control,Application Layer Protocol
THR-2026-00444,Synthetic Credential Threats Observation,CREDENTIAL THREATS,CVE ID,CVE-2026-1444,Security Vendor,B,93,CRITICAL,83.15,CLOSED,2025-01-26,2025-02-01,SYNTHETIC / DEMO ONLY. Defensive analytics record.,Command and Control,Network Service Discovery
THR-2026-00445,Synthetic Network Threats Observation,NETWORK THREATS,DOMAIN,example.org,Internal SOC,A,50,HIGH,67.45,NEW,2025-09-22,2025-10-03,SYNTHETIC / DEMO ONLY. Defensive analytics record.,Credential Access,Phishing
THR-2026-00446,Synthetic Credential Threats Observation,CREDENTIAL THREATS,CVE ID,CVE-2026-1446,Internal SOC,A,56,MEDIUM,61.1,UNDER_REVIEW,2025-06-13,2025-07-08,SYNTHETIC / DEMO ONLY. Defensive analytics record.,Initial Access,Phishing
THR-2026-00447,Synthetic Account Security Observation,ACCOUNT SECURITY,CVE ID,CVE-2026-1447,Community Submission,C,54,MEDIUM,50.75,NEW,2025-10-13,2025-10-28,SYNTHETIC / DEMO ONLY. Defensive analytics record.,Exfiltration,Network Service Discovery
THR-2026-00448,Synthetic Phishing Observation,PHISHING,IP ADDRESS,192.0.2.195,Security Vendor,B,48,MEDIUM,55.2,MONITORING,2025-07-23,2025-08-09,SYNTHETIC / DEMO ONLY. Defensive analytics record.,Command and Control,Valid Accounts
THR-2026-00449,Synthetic Phishing Observation,PHISHING,CVE ID,CVE-2026-1449,Unknown Source,D,52,MEDIUM,48.95,FALSE_POSITIVE,2025-01-05,2025-01-19,SYNTHETIC / DEMO ONLY. Defensive analytics record.,Discovery,Data from Local System
THR-2026-00450,Synthetic Social Engineering Observation,SOCIAL ENGINEERING,DOMAIN,example.net,Community Submission,C,79,MEDIUM,64.6,FALSE_POSITIVE,2025-03-01,2025-03-30,SYNTHETIC / DEMO ONLY. Defensive analytics record.,Credential Access,Phishing
THR-2026-00451,Synthetic Data Exposure Observation,DATA EXPOSURE,DOMAIN,demo.invalid,Public Threat Feed,B,81,MEDIUM,62.65,UNDER_REVIEW,2025-06-21,2025-07-14,SYNTHETIC / DEMO ONLY. Defensive analytics record.,Initial Access,Data from Local System
THR-2026-00452,Synthetic Network Threats Observation,NETWORK THREATS,EMAIL/SENDER DOMAIN,example.com,Unknown Source,D,43,LOW,52.35,CLOSED,2025-09-26,2025-10-12,SYNTHETIC / DEMO ONLY. Defensive analytics record.,Exfiltration,Valid Accounts
THR-2026-00453,Synthetic Account Security Observation,ACCOUNT SECURITY,URL,https://example.com/demo/453,Unknown Source,D,76,MEDIUM,53.4,NEW,2025-01-29,2025-01-31,SYNTHETIC / DEMO ONLY. Defensive analytics record.,Credential Access,Valid Accounts
THR-2026-00454,Synthetic Phishing Observation,PHISHING,DOMAIN,example.net,Security Vendor,B,47,LOW,49.1,FALSE_POSITIVE,2025-01-30,2025-02-14,SYNTHETIC / DEMO ONLY. Defensive analytics record.,Exfiltration,Data from Local System
THR-2026-00455,Synthetic Web Threats Observation,WEB THREATS,IP ADDRESS,192.0.2.202,Community Submission,C,44,MEDIUM,48.6,NEW,2025-11-22,2025-12-06,SYNTHETIC / DEMO ONLY. Defensive analytics record.,Discovery,Data from Local System
THR-2026-00456,Synthetic Vulnerability Exposure Observation,VULNERABILITY EXPOSURE,URL,https://example.com/demo/456,Internal SOC,A,69,HIGH,64.9,UNDER_REVIEW,2025-07-30,2025-08-01,SYNTHETIC / DEMO ONLY. Defensive analytics record.,Exfiltration,Phishing
THR-2026-00457,Synthetic Malware Observation,MALWARE,CVE ID,CVE-2026-1457,Research Report,C,59,LOW,50.9,UNDER_REVIEW,2025-03-16,2025-04-05,SYNTHETIC / DEMO ONLY. Defensive analytics record.,Exfiltration,Data from Local System
THR-2026-00458,Synthetic Vulnerability Exposure Observation,VULNERABILITY EXPOSURE,CVE ID,CVE-2026-1458,Unknown Source,D,80,LOW,60.6,UNDER_REVIEW,2025-11-09,2025-11-14,SYNTHETIC / DEMO ONLY. Defensive analytics record.,Exfiltration,Application Layer Protocol
THR-2026-00459,Synthetic Data Exposure Observation,DATA EXPOSURE,URL,https://example.com/demo/459,Community Submission,C,91,HIGH,75.75,MONITORING,2025-07-19,2025-08-15,SYNTHETIC / DEMO ONLY. Defensive analytics record.,Command and Control,Application Layer Protocol
THR-2026-00460,Synthetic Network Threats Observation,NETWORK THREATS,EMAIL/SENDER DOMAIN,example.com,Community Submission,C,62,LOW,55.2,CLOSED,2025-07-01,2025-07-31,SYNTHETIC / DEMO ONLY. Defensive analytics record.,Command and Control,Application Layer Protocol
THR-2026-00461,Synthetic Phishing Observation,PHISHING,CVE ID,CVE-2026-1461,Public Threat Feed,B,37,INFORMATIONAL,40.6,UNDER_REVIEW,2025-12-29,2026-01-07,SYNTHETIC / DEMO ONLY. Defensive analytics record.,Credential Access,Network Service Discovery
THR-2026-00462,Synthetic Phishing Observation,PHISHING,CVE ID,CVE-2026-1462,Community Submission,C,54,HIGH,55.9,UNDER_REVIEW,2025-07-03,2025-07-07,SYNTHETIC / DEMO ONLY. Defensive analytics record.,Discovery,Network Service Discovery
THR-2026-00463,Synthetic Account Security Observation,ACCOUNT SECURITY,DOMAIN,demo.invalid,Public Threat Feed,B,46,LOW,56.85,NEW,2025-09-12,2025-10-05,SYNTHETIC / DEMO ONLY. Defensive analytics record.,Discovery,Application Layer Protocol
THR-2026-00464,Synthetic Ransomware Observation,RANSOMWARE,FILE HASH,868ca1635ad02efa373832039bb2677851cc19311992de2bd5caf8bbeddd195e,Unknown Source,D,47,HIGH,59.35,NEW,2025-03-12,2025-03-24,SYNTHETIC / DEMO ONLY. Defensive analytics record.,Initial Access,Network Service Discovery
THR-2026-00465,Synthetic Network Threats Observation,NETWORK THREATS,FILE HASH,aedc9ac25dc091f21d4d67be5bdc717e5aa33767d87efbd5687f12c52322c711,Internal SOC,A,64,MEDIUM,67.15,CLOSED,2025-02-11,2025-03-07,SYNTHETIC / DEMO ONLY. Defensive analytics record.,Initial Access,Network Service Discovery
THR-2026-00466,Synthetic Data Exposure Observation,DATA EXPOSURE,IP ADDRESS,192.0.2.213,Community Submission,C,54,MEDIUM,58.4,CLOSED,2025-10-15,2025-10-16,SYNTHETIC / DEMO ONLY. Defensive analytics record.,Command and Control,Data from Local System
THR-2026-00467,Synthetic Account Security Observation,ACCOUNT SECURITY,EMAIL/SENDER DOMAIN,example.org,Research Report,C,72,LOW,48.3,CLOSED,2025-07-13,2025-07-15,SYNTHETIC / DEMO ONLY. Defensive analytics record.,Exfiltration,Phishing
THR-2026-00468,Synthetic Data Exposure Observation,DATA EXPOSURE,FILE HASH,176d3ba661ed74d5c39425e8a8291086d7de73c094bf15a76c36053078b90d8b,Research Report,C,90,MEDIUM,63.1,UNDER_REVIEW,2025-04-30,2025-05-17,SYNTHETIC / DEMO ONLY. Defensive analytics record.,Command and Control,Application Layer Protocol
THR-2026-00469,Synthetic Account Security Observation,ACCOUNT SECURITY,DOMAIN,example.org,Unknown Source,D,66,MEDIUM,49.25,FALSE_POSITIVE,2025-05-26,2025-06-05,SYNTHETIC / DEMO ONLY. Defensive analytics record.,Initial Access,Phishing
THR-2026-00470,Synthetic Vulnerability Exposure Observation,VULNERABILITY EXPOSURE,FILE HASH,d19e0c0fb566704a7c7d98880d8739e9ee5152758c81201ec9c55fbed653413c,Security Vendor,B,76,MEDIUM,64.7,MONITORING,2025-07-29,2025-08-03,SYNTHETIC / DEMO ONLY. Defensive analytics record.,Exfiltration,Application Layer Protocol
THR-2026-00471,Synthetic Account Security Observation,ACCOUNT SECURITY,DOMAIN,demo.invalid,Security Vendor,B,60,MEDIUM,61.95,NEW,2025-11-19,2025-11-22,SYNTHETIC / DEMO ONLY. Defensive analytics record.,Credential Access,Data from Local System
THR-2026-00472,Synthetic Ransomware Observation,RANSOMWARE,URL,https://example.com/demo/472,Unknown Source,D,49,INFORMATIONAL,43.8,UNDER_REVIEW,2025-12-21,2025-12-31,SYNTHETIC / DEMO ONLY. Defensive analytics record.,Exfiltration,Valid Accounts
THR-2026-00473,Synthetic Credential Threats Observation,CREDENTIAL THREATS,EMAIL/SENDER DOMAIN,example.org,Public Threat Feed,B,96,MEDIUM,64.9,FALSE_POSITIVE,2025-06-23,2025-07-11,SYNTHETIC / DEMO ONLY. Defensive analytics record.,Initial Access,Network Service Discovery
THR-2026-00474,Synthetic Ransomware Observation,RANSOMWARE,IP ADDRESS,192.0.2.221,Unknown Source,D,69,MEDIUM,51.2,MONITORING,2025-11-28,2025-12-10,SYNTHETIC / DEMO ONLY. Defensive analytics record.,Discovery,Phishing
THR-2026-00475,Synthetic Phishing Observation,PHISHING,URL,https://example.com/demo/475,Unknown Source,D,84,HIGH,70.2,MONITORING,2025-01-03,2025-01-06,SYNTHETIC / DEMO ONLY. Defensive analytics record.,Command and Control,Data from Local System
THR-2026-00476,Synthetic Data Exposure Observation,DATA EXPOSURE,IP ADDRESS,192.0.2.223,Community Submission,C,93,LOW,52.05,FALSE_POSITIVE,2025-08-28,2025-09-26,SYNTHETIC / DEMO ONLY. Defensive analytics record.,Discovery,Network Service Discovery
THR-2026-00477,Synthetic Social Engineering Observation,SOCIAL ENGINEERING,FILE HASH,4743bf56f81c70f552f0b64358a0f4672f6ffa420f85259dd77b4b4b8e5ce857,Internal SOC,A,79,HIGH,78.0,UNDER_REVIEW,2025-02-15,2025-02-24,SYNTHETIC / DEMO ONLY. Defensive analytics record.,Exfiltration,Network Service Discovery
THR-2026-00478,Synthetic Phishing Observation,PHISHING,CVE ID,CVE-2026-1478,Research Report,C,38,MEDIUM,53.05,CLOSED,2025-10-16,2025-10-26,SYNTHETIC / DEMO ONLY. Defensive analytics record.,Credential Access,Phishing
THR-2026-00479,Synthetic Vulnerability Exposure Observation,VULNERABILITY EXPOSURE,EMAIL/SENDER DOMAIN,example.org,Community Submission,C,64,CRITICAL,74.8,MONITORING,2025-10-15,2025-10-28,SYNTHETIC / DEMO ONLY. Defensive analytics record.,Exfiltration,Network Service Discovery
THR-2026-00480,Synthetic Social Engineering Observation,SOCIAL ENGINEERING,EMAIL/SENDER DOMAIN,example.com,Unknown Source,D,52,LOW,52.35,FALSE_POSITIVE,2025-10-23,2025-11-01,SYNTHETIC / DEMO ONLY. Defensive analytics record.,Credential Access,Application Layer Protocol
THR-2026-00481,Synthetic Ransomware Observation,RANSOMWARE,CVE ID,CVE-2026-1481,Security Vendor,B,75,CRITICAL,79.7,MONITORING,2025-11-02,2025-11-07,SYNTHETIC / DEMO ONLY. Defensive analytics record.,Credential Access,Phishing
THR-2026-00482,Synthetic Network Threats Observation,NETWORK THREATS,FILE HASH,60e46aa774b3ce5662ba470b0a3b11a55b8d4bb00000de2d6bb3eebd0a9f0243,Public Threat Feed,B,91,CRITICAL,81.4,UNDER_REVIEW,2025-09-27,2025-09-30,SYNTHETIC / DEMO ONLY. Defensive analytics record.,Credential Access,Phishing
THR-2026-00483,Synthetic Account Security Observation,ACCOUNT SECURITY,EMAIL/SENDER DOMAIN,example.org,Community Submission,C,64,MEDIUM,59.75,MONITORING,2025-01-15,2025-01-15,SYNTHETIC / DEMO ONLY. Defensive analytics record.,Initial Access,Application Layer Protocol
THR-2026-00484,Synthetic Ransomware Observation,RANSOMWARE,EMAIL/SENDER DOMAIN,example.com,Research Report,C,82,HIGH,71.05,UNDER_REVIEW,2025-05-04,2025-05-08,SYNTHETIC / DEMO ONLY. Defensive analytics record.,Credential Access,Valid Accounts
THR-2026-00485,Synthetic Phishing Observation,PHISHING,FILE HASH,19b1970b9ed0148b1335975b2c99a83d6cdb951f4f1505241b3ba5a0b6d1b9ca,Internal SOC,A,69,HIGH,67.95,UNDER_REVIEW,2025-09-19,2025-09-21,SYNTHETIC / DEMO ONLY. Defensive analytics record.,Command and Control,Data from Local System
THR-2026-00486,Synthetic Social Engineering Observation,SOCIAL ENGINEERING,CVE ID,CVE-2026-1486,Research Report,C,66,MEDIUM,58.15,CLOSED,2025-02-24,2025-03-19,SYNTHETIC / DEMO ONLY. Defensive analytics record.,Discovery,Application Layer Protocol
THR-2026-00487,Synthetic Account Security Observation,ACCOUNT SECURITY,CVE ID,CVE-2026-1487,Community Submission,C,39,MEDIUM,52.9,NEW,2025-05-13,2025-06-08,SYNTHETIC / DEMO ONLY. Defensive analytics record.,Credential Access,Data from Local System
THR-2026-00488,Synthetic Data Exposure Observation,DATA EXPOSURE,FILE HASH,d1129f997dceb13a384fb5e5db205299f902ba2f51589a37c590ee0c44408cea,Internal SOC,A,84,CRITICAL,85.6,CLOSED,2025-09-26,2025-10-05,SYNTHETIC / DEMO ONLY. Defensive analytics record.,Command and Control,Network Service Discovery
THR-2026-00489,Synthetic Web Threats Observation,WEB THREATS,FILE HASH,449822df05ea42495855f097ef1da6e6ee45c114f8bfc3eb76022a734848f8fd,Public Threat Feed,B,41,LOW,52.45,CLOSED,2025-05-09,2025-06-04,SYNTHETIC / DEMO ONLY. Defensive analytics record.,Initial Access,Data from Local System
THR-2026-00490,Synthetic Malware Observation,MALWARE,DOMAIN,example.net,Unknown Source,D,52,HIGH,63.4,UNDER_REVIEW,2025-05-16,2025-05-16,SYNTHETIC / DEMO ONLY. Defensive analytics record.,Command and Control,Data from Local System
THR-2026-00491,Synthetic Credential Threats Observation,CREDENTIAL THREATS,FILE HASH,5043fc34d0b00bfc1f69b56cb9872cda56dc8677ed7f4d17de3c00e72a48bc26,Public Threat Feed,B,55,LOW,47.6,CLOSED,2025-11-04,2025-11-26,SYNTHETIC / DEMO ONLY. Defensive analytics record.,Discovery,Phishing
THR-2026-00492,Synthetic Data Exposure Observation,DATA EXPOSURE,CVE ID,CVE-2026-1492,Community Submission,C,55,MEDIUM,62.55,UNDER_REVIEW,2025-12-10,2026-01-03,SYNTHETIC / DEMO ONLY. Defensive analytics record.,Discovery,Data from Local System
THR-2026-00493,Synthetic Ransomware Observation,RANSOMWARE,DOMAIN,example.org,Security Vendor,B,41,HIGH,62.5,UNDER_REVIEW,2025-05-18,2025-05-27,SYNTHETIC / DEMO ONLY. Defensive analytics record.,Initial Access,Valid Accounts
THR-2026-00494,Synthetic Credential Threats Observation,CREDENTIAL THREATS,IP ADDRESS,192.0.2.241,Public Threat Feed,B,36,HIGH,68.25,NEW,2025-03-29,2025-04-23,SYNTHETIC / DEMO ONLY. Defensive analytics record.,Exfiltration,Application Layer Protocol
THR-2026-00495,Synthetic Credential Threats Observation,CREDENTIAL THREATS,DOMAIN,demo.invalid,Research Report,C,93,MEDIUM,66.15,NEW,2025-02-28,2025-03-19,SYNTHETIC / DEMO ONLY. Defensive analytics record.,Credential Access,Data from Local System
THR-2026-00496,Synthetic Web Threats Observation,WEB THREATS,EMAIL/SENDER DOMAIN,example.com,Security Vendor,B,41,HIGH,52.15,NEW,2025-02-01,2025-02-12,SYNTHETIC / DEMO ONLY. Defensive analytics record.,Credential Access,Phishing
THR-2026-00497,Synthetic Account Security Observation,ACCOUNT SECURITY,EMAIL/SENDER DOMAIN,example.org,Internal SOC,A,41,MEDIUM,51.9,MONITORING,2025-10-11,2025-11-01,SYNTHETIC / DEMO ONLY. Defensive analytics record.,Exfiltration,Data from Local System
THR-2026-00498,Synthetic Account Security Observation,ACCOUNT SECURITY,EMAIL/SENDER DOMAIN,example.com,Research Report,C,81,LOW,45.7,CLOSED,2025-07-20,2025-07-31,SYNTHETIC / DEMO ONLY. Defensive analytics record.,Initial Access,Application Layer Protocol
THR-2026-00499,Synthetic Data Exposure Observation,DATA EXPOSURE,IP ADDRESS,192.0.2.246,Security Vendor,B,50,MEDIUM,59.95,FALSE_POSITIVE,2025-04-07,2025-04-20,SYNTHETIC / DEMO ONLY. Defensive analytics record.,Credential Access,Valid Accounts
THR-2026-00500,Synthetic Account Security Observation,ACCOUNT SECURITY,IP ADDRESS,192.0.2.247,Unknown Source,D,46,LOW,51.15,MONITORING,2025-05-28,2025-06-16,SYNTHETIC / DEMO ONLY. Defensive analytics record.,Discovery,Data from Local System
THR-2026-00501,Synthetic Account Security Observation,ACCOUNT SECURITY,EMAIL/SENDER DOMAIN,example.org,Security Vendor,B,98,MEDIUM,79.8,UNDER_REVIEW,2025-04-24,2025-05-19,SYNTHETIC / DEMO ONLY. Defensive analytics record.,Exfiltration,Valid Accounts
THR-2026-00502,Synthetic Web Threats Observation,WEB THREATS,DOMAIN,example.net,Internal SOC,A,94,INFORMATIONAL,55.85,CLOSED,2025-02-20,2025-03-05,SYNTHETIC / DEMO ONLY. Defensive analytics record.,Initial Access,Network Service Discovery
THR-2026-00503,Synthetic Network Threats Observation,NETWORK THREATS,EMAIL/SENDER DOMAIN,example.org,Security Vendor,B,36,HIGH,61.85,NEW,2025-08-24,2025-09-18,SYNTHETIC / DEMO ONLY. Defensive analytics record.,Discovery,Network Service Discovery
THR-2026-00504,Synthetic Data Exposure Observation,DATA EXPOSURE,EMAIL/SENDER DOMAIN,example.com,Internal SOC,A,49,MEDIUM,62.35,FALSE_POSITIVE,2025-06-13,2025-07-06,SYNTHETIC / DEMO ONLY. Defensive analytics record.,Exfiltration,Phishing
THR-2026-00505,Synthetic Ransomware Observation,RANSOMWARE,DOMAIN,example.org,Public Threat Feed,B,96,MEDIUM,62.3,CLOSED,2025-04-30,2025-05-04,SYNTHETIC / DEMO ONLY. Defensive analytics record.,Exfiltration,Network Service Discovery
THR-2026-00506,Synthetic Social Engineering Observation,SOCIAL ENGINEERING,FILE HASH,4151803bf78ee75b903d6510fbef174a799adadab66630d5622ca6eaf28b1349,Internal SOC,A,73,CRITICAL,84.35,UNDER_REVIEW,2025-04-02,2025-04-02,SYNTHETIC / DEMO ONLY. Defensive analytics record.,Exfiltration,Network Service Discovery
THR-2026-00507,Synthetic Network Threats Observation,NETWORK THREATS,IP ADDRESS,192.0.2.254,Public Threat Feed,B,38,CRITICAL,72.2,UNDER_REVIEW,2025-04-03,2025-04-29,SYNTHETIC / DEMO ONLY. Defensive analytics record.,Exfiltration,Data from Local System
THR-2026-00508,Synthetic Vulnerability Exposure Observation,VULNERABILITY EXPOSURE,DOMAIN,example.com,Public Threat Feed,B,75,MEDIUM,60.75,CLOSED,2025-06-04,2025-06-06,SYNTHETIC / DEMO ONLY. Defensive analytics record.,Credential Access,Network Service Discovery
THR-2026-00509,Synthetic Social Engineering Observation,SOCIAL ENGINEERING,URL,https://example.com/demo/509,Public Threat Feed,B,57,LOW,44.2,NEW,2025-09-20,2025-10-19,SYNTHETIC / DEMO ONLY. Defensive analytics record.,Command and Control,Data from Local System
THR-2026-00510,Synthetic Phishing Observation,PHISHING,FILE HASH,91e987750746a354f4fb27995a1e89dcd58b51d06d0a130116387982031bd932,Security Vendor,B,59,CRITICAL,78.1,MONITORING,2025-07-27,2025-08-20,SYNTHETIC / DEMO ONLY. Defensive analytics record.,Credential Access,Phishing
THR-2026-00511,Synthetic Data Exposure Observation,DATA EXPOSURE,CVE ID,CVE-2026-1511,Security Vendor,B,39,CRITICAL,73.2,MONITORING,2025-11-03,2025-11-03,SYNTHETIC / DEMO ONLY. Defensive analytics record.,Initial Access,Data from Local System
THR-2026-00512,Synthetic Malware Observation,MALWARE,URL,https://example.com/demo/512,Internal SOC,A,48,MEDIUM,56.55,MONITORING,2025-03-12,2025-04-05,SYNTHETIC / DEMO ONLY. Defensive analytics record.,Credential Access,Network Service Discovery
THR-2026-00513,Synthetic Credential Threats Observation,CREDENTIAL THREATS,DOMAIN,example.org,Community Submission,C,75,MEDIUM,58.9,MONITORING,2025-10-17,2025-10-22,SYNTHETIC / DEMO ONLY. Defensive analytics record.,Initial Access,Phishing
THR-2026-00514,Synthetic Account Security Observation,ACCOUNT SECURITY,EMAIL/SENDER DOMAIN,example.com,Security Vendor,B,79,MEDIUM,66.15,MONITORING,2025-10-21,2025-11-20,SYNTHETIC / DEMO ONLY. Defensive analytics record.,Exfiltration,Valid Accounts
THR-2026-00515,Synthetic Ransomware Observation,RANSOMWARE,IP ADDRESS,192.0.2.8,Public Threat Feed,B,91,MEDIUM,54.45,NEW,2025-05-05,2025-06-02,SYNTHETIC / DEMO ONLY. Defensive analytics record.,Initial Access,Application Layer Protocol
THR-2026-00516,Synthetic Phishing Observation,PHISHING,IP ADDRESS,192.0.2.9,Security Vendor,B,92,MEDIUM,71.65,UNDER_REVIEW,2025-07-15,2025-08-10,SYNTHETIC / DEMO ONLY. Defensive analytics record.,Exfiltration,Phishing
THR-2026-00517,Synthetic Social Engineering Observation,SOCIAL ENGINEERING,EMAIL/SENDER DOMAIN,example.org,Unknown Source,D,94,LOW,54.6,CLOSED,2025-01-16,2025-02-05,SYNTHETIC / DEMO ONLY. Defensive analytics record.,Command and Control,Valid Accounts
THR-2026-00518,Synthetic Credential Threats Observation,CREDENTIAL THREATS,DOMAIN,example.net,Community Submission,C,68,HIGH,66.8,MONITORING,2025-01-08,2025-02-06,SYNTHETIC / DEMO ONLY. Defensive analytics record.,Discovery,Application Layer Protocol
THR-2026-00519,Synthetic Social Engineering Observation,SOCIAL ENGINEERING,IP ADDRESS,192.0.2.12,Internal SOC,A,79,LOW,60.7,MONITORING,2025-08-10,2025-09-03,SYNTHETIC / DEMO ONLY. Defensive analytics record.,Exfiltration,Data from Local System
THR-2026-00520,Synthetic Ransomware Observation,RANSOMWARE,EMAIL/SENDER DOMAIN,example.com,Unknown Source,D,48,LOW,46.05,CLOSED,2025-07-31,2025-08-17,SYNTHETIC / DEMO ONLY. Defensive analytics record.,Command and Control,Data from Local System
THR-2026-00521,Synthetic Vulnerability Exposure Observation,VULNERABILITY EXPOSURE,DOMAIN,example.org,Community Submission,C,55,HIGH,63.9,FALSE_POSITIVE,2025-07-11,2025-07-17,SYNTHETIC / DEMO ONLY. Defensive analytics record.,Command and Control,Application Layer Protocol
THR-2026-00522,Synthetic Account Security Observation,ACCOUNT SECURITY,URL,https://example.com/demo/522,Security Vendor,B,57,MEDIUM,60.9,FALSE_POSITIVE,2025-04-27,2025-04-30,SYNTHETIC / DEMO ONLY. Defensive analytics record.,Exfiltration,Application Layer Protocol
THR-2026-00523,Synthetic Network Threats Observation,NETWORK THREATS,EMAIL/SENDER DOMAIN,example.org,Research Report,C,57,LOW,46.7,FALSE_POSITIVE,2025-03-01,2025-03-04,SYNTHETIC / DEMO ONLY. Defensive analytics record.,Command and Control,Network Service Discovery
THR-2026-00524,Synthetic Social Engineering Observation,SOCIAL ENGINEERING,CVE ID,CVE-2026-1524,Internal SOC,A,62,HIGH,66.6,UNDER_REVIEW,2025-10-18,2025-11-08,SYNTHETIC / DEMO ONLY. Defensive analytics record.,Command and Control,Data from Local System
THR-2026-00525,Synthetic Web Threats Observation,WEB THREATS,FILE HASH,a9aded6b8bc5c4dfa550b6944ef4353d5a326e0ec497f8a7ebb16526343e5af9,Research Report,C,60,HIGH,62.8,MONITORING,2025-03-16,2025-04-10,SYNTHETIC / DEMO ONLY. Defensive analytics record.,Command and Control,Network Service Discovery
THR-2026-00526,Synthetic Malware Observation,MALWARE,EMAIL/SENDER DOMAIN,example.com,Community Submission,C,86,INFORMATIONAL,45.25,FALSE_POSITIVE,2025-06-26,2025-07-24,SYNTHETIC / DEMO ONLY. Defensive analytics record.,Initial Access,Phishing
THR-2026-00527,Synthetic Data Exposure Observation,DATA EXPOSURE,URL,https://example.com/demo/527,Public Threat Feed,B,38,LOW,49.75,MONITORING,2025-06-14,2025-07-04,SYNTHETIC / DEMO ONLY. Defensive analytics record.,Command and Control,Application Layer Protocol
THR-2026-00528,Synthetic Vulnerability Exposure Observation,VULNERABILITY EXPOSURE,FILE HASH,b13ea9462ae45606ece411d170c4412c5ff2704a5fc385ad1c6c68157a1940f9,Unknown Source,D,57,MEDIUM,51.2,MONITORING,2025-03-23,2025-04-04,SYNTHETIC / DEMO ONLY. Defensive analytics record.,Command and Control,Valid Accounts
THR-2026-00529,Synthetic Web Threats Observation,WEB THREATS,CVE ID,CVE-2026-1529,Internal SOC,A,44,LOW,45.1,CLOSED,2025-04-27,2025-05-18,SYNTHETIC / DEMO ONLY. Defensive analytics record.,Credential Access,Phishing
THR-2026-00530,Synthetic Ransomware Observation,RANSOMWARE,CVE ID,CVE-2026-1530,Research Report,C,89,HIGH,75.5,FALSE_POSITIVE,2025-04-16,2025-04-29,SYNTHETIC / DEMO ONLY. Defensive analytics record.,Command and Control,Application Layer Protocol
THR-2026-00531,Synthetic Network Threats Observation,NETWORK THREATS,DOMAIN,demo.invalid,Community Submission,C,35,LOW,50.2,MONITORING,2025-01-02,2025-01-18,SYNTHETIC / DEMO ONLY. Defensive analytics record.,Command and Control,Data from Local System
THR-2026-00532,Synthetic Account Security Observation,ACCOUNT SECURITY,URL,https://example.com/demo/532,Internal SOC,A,96,INFORMATIONAL,59.95,NEW,2025-03-10,2025-03-25,SYNTHETIC / DEMO ONLY. Defensive analytics record.,Credential Access,Data from Local System
THR-2026-00533,Synthetic Web Threats Observation,WEB THREATS,FILE HASH,53ce849522343aa6060f2859711ed20096ff848757fabce285a5ce14d841a74f,Community Submission,C,46,MEDIUM,59.0,NEW,2025-01-27,2025-02-26,SYNTHETIC / DEMO ONLY. Defensive analytics record.,Exfiltration,Data from Local System
THR-2026-00534,Synthetic Web Threats Observation,WEB THREATS,EMAIL/SENDER DOMAIN,example.com,Public Threat Feed,B,36,LOW,52.7,MONITORING,2025-05-06,2025-05-24,SYNTHETIC / DEMO ONLY. Defensive analytics record.,Command and Control,Network Service Discovery
THR-2026-00535,Synthetic Web Threats Observation,WEB THREATS,URL,https://example.com/demo/535,Unknown Source,D,73,LOW,58.85,CLOSED,2025-12-01,2025-12-21,SYNTHETIC / DEMO ONLY. Defensive analytics record.,Exfiltration,Valid Accounts
THR-2026-00536,Synthetic Account Security Observation,ACCOUNT SECURITY,IP ADDRESS,192.0.2.29,Public Threat Feed,B,38,HIGH,60.3,NEW,2025-10-29,2025-11-14,SYNTHETIC / DEMO ONLY. Defensive analytics record.,Discovery,Network Service Discovery
THR-2026-00537,Synthetic Ransomware Observation,RANSOMWARE,EMAIL/SENDER DOMAIN,example.org,Public Threat Feed,B,36,MEDIUM,56.8,FALSE_POSITIVE,2025-10-04,2025-11-02,SYNTHETIC / DEMO ONLY. Defensive analytics record.,Credential Access,Application Layer Protocol
THR-2026-00538,Synthetic Network Threats Observation,NETWORK THREATS,DOMAIN,example.net,Unknown Source,D,65,MEDIUM,58.4,NEW,2025-12-16,2025-12-26,SYNTHETIC / DEMO ONLY. Defensive analytics record.,Credential Access,Data from Local System
THR-2026-00539,Synthetic Ransomware Observation,RANSOMWARE,FILE HASH,190ad70948bc2829b1235f57ef15448defa224732b108d4fd8ea7ce753d2f88f,Research Report,C,84,HIGH,69.5,MONITORING,2025-09-16,2025-10-04,SYNTHETIC / DEMO ONLY. Defensive analytics record.,Initial Access,Network Service Discovery
THR-2026-00540,Synthetic Malware Observation,MALWARE,IP ADDRESS,192.0.2.33,Research Report,C,95,LOW,63.55,CLOSED,2025-09-04,2025-09-16,SYNTHETIC / DEMO ONLY. Defensive analytics record.,Command and Control,Network Service Discovery
THR-2026-00541,Synthetic Ransomware Observation,RANSOMWARE,EMAIL/SENDER DOMAIN,example.org,Internal SOC,A,71,HIGH,73.95,NEW,2025-04-05,2025-04-26,SYNTHETIC / DEMO ONLY. Defensive analytics record.,Initial Access,Data from Local System
THR-2026-00542,Synthetic Network Threats Observation,NETWORK THREATS,FILE HASH,7c80eba3bad10aa9b1c3cf28bc6414d8b3d464d836dbdadcba7d489f11cca4c7,Unknown Source,D,69,HIGH,63.25,FALSE_POSITIVE,2025-11-12,2025-11-20,SYNTHETIC / DEMO ONLY. Defensive analytics record.,Command and Control,Application Layer Protocol
THR-2026-00543,Synthetic Credential Threats Observation,CREDENTIAL THREATS,CVE ID,CVE-2026-1543,Security Vendor,B,78,HIGH,72.45,NEW,2025-03-27,2025-03-27,SYNTHETIC / DEMO ONLY. Defensive analytics record.,Initial Access,Phishing
THR-2026-00544,Synthetic Vulnerability Exposure Observation,VULNERABILITY EXPOSURE,IP ADDRESS,192.0.2.37,Unknown Source,D,92,MEDIUM,60.8,NEW,2025-08-26,2025-09-01,SYNTHETIC / DEMO ONLY. Defensive analytics record.,Initial Access,Data from Local System
THR-2026-00545,Synthetic Malware Observation,MALWARE,IP ADDRESS,192.0.2.38,Unknown Source,D,62,CRITICAL,66.75,FALSE_POSITIVE,2025-11-18,2025-12-15,SYNTHETIC / DEMO ONLY. Defensive analytics record.,Credential Access,Application Layer Protocol
THR-2026-00546,Synthetic Account Security Observation,ACCOUNT SECURITY,DOMAIN,example.net,Unknown Source,D,58,HIGH,62.45,NEW,2025-01-28,2025-02-26,SYNTHETIC / DEMO ONLY. Defensive analytics record.,Command and Control,Network Service Discovery
THR-2026-00547,Synthetic Vulnerability Exposure Observation,VULNERABILITY EXPOSURE,CVE ID,CVE-2026-1547,Public Threat Feed,B,67,CRITICAL,66.1,CLOSED,2025-12-01,2025-12-13,SYNTHETIC / DEMO ONLY. Defensive analytics record.,Discovery,Phishing
THR-2026-00548,Synthetic Web Threats Observation,WEB THREATS,URL,https://example.com/demo/548,Internal SOC,A,97,LOW,66.95,CLOSED,2025-10-02,2025-10-22,SYNTHETIC / DEMO ONLY. Defensive analytics record.,Initial Access,Valid Accounts
THR-2026-00549,Synthetic Data Exposure Observation,DATA EXPOSURE,FILE HASH,dc83816a3798c631832ffa131529ebd7de3df58a67fd1443e9d4d0f80e86a811,Unknown Source,D,48,LOW,42.75,NEW,2025-12-15,2025-12-17,SYNTHETIC / DEMO ONLY. Defensive analytics record.,Exfiltration,Network Service Discovery
THR-2026-00550,Synthetic Social Engineering Observation,SOCIAL ENGINEERING,IP ADDRESS,192.0.2.43,Security Vendor,B,35,HIGH,56.0,MONITORING,2025-10-16,2025-11-07,SYNTHETIC / DEMO ONLY. Defensive analytics record.,Command and Control,Data from Local System
THR-2026-00551,Synthetic Phishing Observation,PHISHING,EMAIL/SENDER DOMAIN,example.org,Research Report,C,96,HIGH,73.45,NEW,2025-03-31,2025-04-07,SYNTHETIC / DEMO ONLY. Defensive analytics record.,Command and Control,Application Layer Protocol
THR-2026-00552,Synthetic Malware Observation,MALWARE,EMAIL/SENDER DOMAIN,example.com,Public Threat Feed,B,77,MEDIUM,68.05,NEW,2025-12-04,2025-12-24,SYNTHETIC / DEMO ONLY. Defensive analytics record.,Discovery,Data from Local System
THR-2026-00553,Synthetic Network Threats Observation,NETWORK THREATS,IP ADDRESS,192.0.2.46,Public Threat Feed,B,60,HIGH,64.5,UNDER_REVIEW,2025-06-19,2025-07-10,SYNTHETIC / DEMO ONLY. Defensive analytics record.,Discovery,Application Layer Protocol
THR-2026-00554,Synthetic Malware Observation,MALWARE,CVE ID,CVE-2026-1554,Research Report,C,45,HIGH,66.05,UNDER_REVIEW,2025-10-22,2025-10-23,SYNTHETIC / DEMO ONLY. Defensive analytics record.,Initial Access,Data from Local System
THR-2026-00555,Synthetic Credential Threats Observation,CREDENTIAL THREATS,FILE HASH,56df245abadb1a109e664a35853e26b7e9a0e111449b589dc5b127ba31d8ba26,Community Submission,C,74,MEDIUM,68.9,MONITORING,2025-12-24,2025-12-25,SYNTHETIC / DEMO ONLY. Defensive analytics record.,Initial Access,Network Service Discovery
THR-2026-00556,Synthetic Phishing Observation,PHISHING,FILE HASH,9cc32503648f84716d6e4a3bc8e76d6c0ec2c2056cdb4ecaee8a28fc8aba694f,Unknown Source,D,93,LOW,61.85,NEW,2025-03-11,2025-03-18,SYNTHETIC / DEMO ONLY. Defensive analytics record.,Initial Access,Valid Accounts
THR-2026-00557,Synthetic Social Engineering Observation,SOCIAL ENGINEERING,CVE ID,CVE-2026-1557,Community Submission,C,40,INFORMATIONAL,31.0,NEW,2025-10-05,2025-10-25,SYNTHETIC / DEMO ONLY. Defensive analytics record.,Discovery,Phishing
THR-2026-00558,Synthetic Social Engineering Observation,SOCIAL ENGINEERING,EMAIL/SENDER DOMAIN,example.com,Community Submission,C,43,LOW,40.15,FALSE_POSITIVE,2025-03-03,2025-03-28,SYNTHETIC / DEMO ONLY. Defensive analytics record.,Credential Access,Phishing
THR-2026-00559,Synthetic Credential Threats Observation,CREDENTIAL THREATS,FILE HASH,10dabcaefc2a24360dbaa4e09c87cdbb330a3ac685ec368251ad623b0203e882,Unknown Source,D,86,MEDIUM,61.05,MONITORING,2025-03-28,2025-04-01,SYNTHETIC / DEMO ONLY. Defensive analytics record.,Credential Access,Phishing
THR-2026-00560,Synthetic Account Security Observation,ACCOUNT SECURITY,DOMAIN,example.com,Internal SOC,A,70,MEDIUM,60.05,FALSE_POSITIVE,2025-01-10,2025-01-21,SYNTHETIC / DEMO ONLY. Defensive analytics record.,Credential Access,Application Layer Protocol
THR-2026-00561,Synthetic Credential Threats Observation,CREDENTIAL THREATS,EMAIL/SENDER DOMAIN,example.org,Internal SOC,A,83,INFORMATIONAL,47.75,NEW,2025-11-21,2025-11-21,SYNTHETIC / DEMO ONLY. Defensive analytics record.,Credential Access,Phishing
THR-2026-00562,Synthetic Account Security Observation,ACCOUNT SECURITY,URL,https://example.com/demo/562,Research Report,C,51,MEDIUM,49.35,CLOSED,2025-04-09,2025-04-23,SYNTHETIC / DEMO ONLY. Defensive analytics record.,Credential Access,Valid Accounts
THR-2026-00563,Synthetic Account Security Observation,ACCOUNT SECURITY,CVE ID,CVE-2026-1563,Security Vendor,B,98,INFORMATIONAL,60.15,CLOSED,2025-07-31,2025-08-11,SYNTHETIC / DEMO ONLY. Defensive analytics record.,Initial Access,Data from Local System
THR-2026-00564,Synthetic Credential Threats Observation,CREDENTIAL THREATS,DOMAIN,example.com,Community Submission,C,47,LOW,54.55,CLOSED,2025-04-17,2025-04-24,SYNTHETIC / DEMO ONLY. Defensive analytics record.,Credential Access,Network Service Discovery
THR-2026-00565,Synthetic Phishing Observation,PHISHING,DOMAIN,example.org,Security Vendor,B,95,LOW,57.55,NEW,2025-01-23,2025-02-21,SYNTHETIC / DEMO ONLY. Defensive analytics record.,Initial Access,Network Service Discovery
THR-2026-00566,Synthetic Web Threats Observation,WEB THREATS,DOMAIN,example.net,Public Threat Feed,B,93,MEDIUM,54.8,UNDER_REVIEW,2025-04-01,2025-04-06,SYNTHETIC / DEMO ONLY. Defensive analytics record.,Initial Access,Application Layer Protocol
THR-2026-00567,Synthetic Data Exposure Observation,DATA EXPOSURE,IP ADDRESS,192.0.2.60,Security Vendor,B,91,LOW,68.45,MONITORING,2025-06-01,2025-06-07,SYNTHETIC / DEMO ONLY. Defensive analytics record.,Credential Access,Phishing
THR-2026-00568,Synthetic Network Threats Observation,NETWORK THREATS,DOMAIN,example.com,Unknown Source,D,87,LOW,52.25,FALSE_POSITIVE,2025-11-25,2025-12-10,SYNTHETIC / DEMO ONLY. Defensive analytics record.,Command and Control,Phishing
THR-2026-00569,Synthetic Vulnerability Exposure Observation,VULNERABILITY EXPOSURE,DOMAIN,example.org,Community Submission,C,93,LOW,57.3,UNDER_REVIEW,2025-10-24,2025-11-07,SYNTHETIC / DEMO ONLY. Defensive analytics record.,Discovery,Network Service Discovery
THR-2026-00570,Synthetic Credential Threats Observation,CREDENTIAL THREATS,URL,https://example.com/demo/570,Unknown Source,D,42,LOW,35.95,CLOSED,2025-05-08,2025-05-22,SYNTHETIC / DEMO ONLY. Defensive analytics record.,Credential Access,Network Service Discovery
THR-2026-00571,Synthetic Credential Threats Observation,CREDENTIAL THREATS,URL,https://example.com/demo/571,Unknown Source,D,56,HIGH,68.9,FALSE_POSITIVE,2025-11-18,2025-12-01,SYNTHETIC / DEMO ONLY. Defensive analytics record.,Command and Control,Valid Accounts
THR-2026-00572,Synthetic Account Security Observation,ACCOUNT SECURITY,FILE HASH,40b289d71dd7f7dd6a9b497a68040cd290900b2477796a0419796f22bbb68779,Public Threat Feed,B,36,HIGH,65.7,CLOSED,2025-08-28,2025-09-07,SYNTHETIC / DEMO ONLY. Defensive analytics record.,Exfiltration,Valid Accounts
THR-2026-00573,Synthetic Account Security Observation,ACCOUNT SECURITY,DOMAIN,example.org,Internal SOC,A,88,CRITICAL,72.75,CLOSED,2025-04-18,2025-04-19,SYNTHETIC / DEMO ONLY. Defensive analytics record.,Exfiltration,Application Layer Protocol
THR-2026-00574,Synthetic Social Engineering Observation,SOCIAL ENGINEERING,CVE ID,CVE-2026-1574,Research Report,C,98,HIGH,71.1,CLOSED,2025-12-26,2026-01-17,SYNTHETIC / DEMO ONLY. Defensive analytics record.,Credential Access,Valid Accounts
THR-2026-00575,Synthetic Network Threats Observation,NETWORK THREATS,URL,https://example.com/demo/575,Internal SOC,A,37,LOW,47.1,FALSE_POSITIVE,2025-01-06,2025-01-20,SYNTHETIC / DEMO ONLY. Defensive analytics record.,Exfiltration,Phishing
THR-2026-00576,Synthetic Social Engineering Observation,SOCIAL ENGINEERING,FILE HASH,5082c406c105d043c4b25149838aea3d18c7190fd05743e5b205484a731f02e6,Unknown Source,D,86,HIGH,71.05,NEW,2025-05-09,2025-05-31,SYNTHETIC / DEMO ONLY. Defensive analytics record.,Initial Access,Application Layer Protocol
THR-2026-00577,Synthetic Network Threats Observation,NETWORK THREATS,EMAIL/SENDER DOMAIN,example.org,Research Report,C,69,INFORMATIONAL,60.35,UNDER_REVIEW,2025-03-13,2025-04-07,SYNTHETIC / DEMO ONLY. Defensive analytics record.,Initial Access,Data from Local System
THR-2026-00578,Synthetic Network Threats Observation,NETWORK THREATS,CVE ID,CVE-2026-1578,Community Submission,C,81,CRITICAL,68.25,FALSE_POSITIVE,2025-06-28,2025-07-12,SYNTHETIC / DEMO ONLY. Defensive analytics record.,Initial Access,Network Service Discovery
THR-2026-00579,Synthetic Network Threats Observation,NETWORK THREATS,DOMAIN,demo.invalid,Unknown Source,D,43,HIGH,56.85,FALSE_POSITIVE,2025-07-14,2025-07-21,SYNTHETIC / DEMO ONLY. Defensive analytics record.,Initial Access,Application Layer Protocol
THR-2026-00580,Synthetic Account Security Observation,ACCOUNT SECURITY,CVE ID,CVE-2026-1580,Unknown Source,D,63,LOW,48.4,CLOSED,2025-04-19,2025-05-10,SYNTHETIC / DEMO ONLY. Defensive analytics record.,Discovery,Phishing
THR-2026-00581,Synthetic Malware Observation,MALWARE,URL,https://example.com/demo/581,Research Report,C,50,MEDIUM,64.0,FALSE_POSITIVE,2025-08-05,2025-08-19,SYNTHETIC / DEMO ONLY. Defensive analytics record.,Discovery,Phishing
THR-2026-00582,Synthetic Credential Threats Observation,CREDENTIAL THREATS,FILE HASH,42c98701b4eb1826b56dd235dc6e4e82bbbb2880a1412029a4d78ad735b55431,Research Report,C,57,LOW,40.9,NEW,2025-10-09,2025-10-17,SYNTHETIC / DEMO ONLY. Defensive analytics record.,Credential Access,Application Layer Protocol
THR-2026-00583,Synthetic Ransomware Observation,RANSOMWARE,DOMAIN,demo.invalid,Unknown Source,D,37,MEDIUM,53.1,MONITORING,2025-10-26,2025-11-10,SYNTHETIC / DEMO ONLY. Defensive analytics record.,Command and Control,Application Layer Protocol
THR-2026-00584,Synthetic Phishing Observation,PHISHING,URL,https://example.com/demo/584,Internal SOC,A,64,LOW,58.5,MONITORING,2025-03-11,2025-03-21,SYNTHETIC / DEMO ONLY. Defensive analytics record.,Command and Control,Data from Local System
THR-2026-00585,Synthetic Data Exposure Observation,DATA EXPOSURE,EMAIL/SENDER DOMAIN,example.org,Public Threat Feed,B,51,MEDIUM,52.2,MONITORING,2025-09-07,2025-09-22,SYNTHETIC / DEMO ONLY. Defensive analytics record.,Discovery,Phishing
THR-2026-00586,Synthetic Ransomware Observation,RANSOMWARE,URL,https://example.com/demo/586,Security Vendor,B,55,MEDIUM,65.55,UNDER_REVIEW,2025-09-30,2025-10-05,SYNTHETIC / DEMO ONLY. Defensive analytics record.,Credential Access,Valid Accounts
THR-2026-00587,Synthetic Malware Observation,MALWARE,IP ADDRESS,192.0.2.80,Community Submission,C,51,CRITICAL,70.4,FALSE_POSITIVE,2025-09-29,2025-10-05,SYNTHETIC / DEMO ONLY. Defensive analytics record.,Initial Access,Network Service Discovery
THR-2026-00588,Synthetic Network Threats Observation,NETWORK THREATS,DOMAIN,example.com,Community Submission,C,55,MEDIUM,56.45,CLOSED,2025-12-20,2026-01-01,SYNTHETIC / DEMO ONLY. Defensive analytics record.,Credential Access,Application Layer Protocol
THR-2026-00589,Synthetic Network Threats Observation,NETWORK THREATS,DOMAIN,example.org,Unknown Source,D,77,INFORMATIONAL,52.8,FALSE_POSITIVE,2025-08-06,2025-09-05,SYNTHETIC / DEMO ONLY. Defensive analytics record.,Credential Access,Data from Local System
THR-2026-00590,Synthetic Social Engineering Observation,SOCIAL ENGINEERING,URL,https://example.com/demo/590,Unknown Source,D,96,HIGH,66.05,NEW,2025-11-03,2025-11-12,SYNTHETIC / DEMO ONLY. Defensive analytics record.,Command and Control,Data from Local System
THR-2026-00591,Synthetic Credential Threats Observation,CREDENTIAL THREATS,FILE HASH,5d15b52a8e235bfe7d7cb93944c08b9671350908336bad718ac008ae04d360a5,Public Threat Feed,B,42,MEDIUM,59.5,MONITORING,2025-04-07,2025-04-14,SYNTHETIC / DEMO ONLY. Defensive analytics record.,Credential Access,Phishing
THR-2026-00592,Synthetic Malware Observation,MALWARE,EMAIL/SENDER DOMAIN,example.com,Unknown Source,D,46,HIGH,61.9,FALSE_POSITIVE,2025-04-25,2025-05-05,SYNTHETIC / DEMO ONLY. Defensive analytics record.,Exfiltration,Data from Local System
THR-2026-00593,Synthetic Phishing Observation,PHISHING,CVE ID,CVE-2026-1593,Security Vendor,B,89,MEDIUM,68.3,MONITORING,2025-12-26,2026-01-04,SYNTHETIC / DEMO ONLY. Defensive analytics record.,Discovery,Network Service Discovery
THR-2026-00594,Synthetic Social Engineering Observation,SOCIAL ENGINEERING,EMAIL/SENDER DOMAIN,example.com,Unknown Source,D,91,LOW,62.8,CLOSED,2025-08-07,2025-08-12,SYNTHETIC / DEMO ONLY. Defensive analytics record.,Command and Control,Valid Accounts
THR-2026-00595,Synthetic Account Security Observation,ACCOUNT SECURITY,EMAIL/SENDER DOMAIN,example.org,Security Vendor,B,73,LOW,61.0,FALSE_POSITIVE,2025-11-29,2025-12-28,SYNTHETIC / DEMO ONLY. Defensive analytics record.,Command and Control,Phishing
THR-2026-00596,Synthetic Phishing Observation,PHISHING,FILE HASH,0845ba8db62edad73c231593ff2427a4810c8ed6cf14d704b49e762533ae983d,Public Threat Feed,B,88,HIGH,77.05,UNDER_REVIEW,2025-01-03,2025-01-21,SYNTHETIC / DEMO ONLY. Defensive analytics record.,Credential Access,Valid Accounts
THR-2026-00597,Synthetic Vulnerability Exposure Observation,VULNERABILITY EXPOSURE,URL,https://example.com/demo/597,Internal SOC,A,73,MEDIUM,69.75,CLOSED,2025-03-21,2025-04-13,SYNTHETIC / DEMO ONLY. Defensive analytics record.,Credential Access,Phishing
THR-2026-00598,Synthetic Phishing Observation,PHISHING,DOMAIN,example.net,Unknown Source,D,95,MEDIUM,60.45,UNDER_REVIEW,2025-10-02,2025-10-17,SYNTHETIC / DEMO ONLY. Defensive analytics record.,Initial Access,Phishing
THR-2026-00599,Synthetic Web Threats Observation,WEB THREATS,FILE HASH,b53065f61a3052d8165d94515a7f5c3be5ca7e67874bb9d470ed384c5608b000,Internal SOC,A,81,CRITICAL,89.6,MONITORING,2025-05-23,2025-06-19,SYNTHETIC / DEMO ONLY. Defensive analytics record.,Command and Control,Phishing
THR-2026-00600,Synthetic Network Threats Observation,NETWORK THREATS,EMAIL/SENDER DOMAIN,example.com,Internal SOC,A,68,HIGH,68.8,CLOSED,2025-10-19,2025-10-29,SYNTHETIC / DEMO ONLY. Defensive analytics record.,Credential Access,Network Service Discovery
THR-2026-00601,Synthetic Ransomware Observation,RANSOMWARE,IP ADDRESS,192.0.2.94,Research Report,C,80,MEDIUM,56.75,NEW,2025-04-05,2025-04-25,SYNTHETIC / DEMO ONLY. Defensive analytics record.,Exfiltration,Valid Accounts
THR-2026-00602,Synthetic Ransomware Observation,RANSOMWARE,IP ADDRESS,192.0.2.95,Security Vendor,B,76,MEDIUM,62.1,MONITORING,2025-01-16,2025-02-07,SYNTHETIC / DEMO ONLY. Defensive analytics record.,Initial Access,Data from Local System
THR-2026-00603,Synthetic Account Security Observation,ACCOUNT SECURITY,URL,https://example.com/demo/603,Internal SOC,A,52,HIGH,69.1,MONITORING,2025-04-28,2025-05-11,SYNTHETIC / DEMO ONLY. Defensive analytics record.,Credential Access,Phishing
THR-2026-00604,Synthetic Credential Threats Observation,CREDENTIAL THREATS,DOMAIN,example.com,Security Vendor,B,49,MEDIUM,56.85,UNDER_REVIEW,2025-11-03,2025-11-29,SYNTHETIC / DEMO ONLY. Defensive analytics record.,Initial Access,Application Layer Protocol
THR-2026-00605,Synthetic Network Threats Observation,NETWORK THREATS,URL,https://example.com/demo/605,Security Vendor,B,91,HIGH,82.45,MONITORING,2025-10-05,2025-10-27,SYNTHETIC / DEMO ONLY. Defensive analytics record.,Initial Access,Phishing
THR-2026-00606,Synthetic Credential Threats Observation,CREDENTIAL THREATS,DOMAIN,example.net,Security Vendor,B,64,HIGH,61.5,CLOSED,2025-10-27,2025-10-29,SYNTHETIC / DEMO ONLY. Defensive analytics record.,Initial Access,Phishing
THR-2026-00607,Synthetic Phishing Observation,PHISHING,FILE HASH,c27999563451b7aa60cefb24a144b31f3b44152d7d01e9263b50e2660fc8c4c6,Internal SOC,A,60,HIGH,61.1,CLOSED,2025-03-04,2025-03-05,SYNTHETIC / DEMO ONLY. Defensive analytics record.,Initial Access,Network Service Discovery
THR-2026-00608,Synthetic Phishing Observation,PHISHING,IP ADDRESS,192.0.2.101,Internal SOC,A,47,MEDIUM,57.4,UNDER_REVIEW,2025-03-07,2025-04-04,SYNTHETIC / DEMO ONLY. Defensive analytics record.,Credential Access,Network Service Discovery
THR-2026-00609,Synthetic Phishing Observation,PHISHING,IP ADDRESS,192.0.2.102,Unknown Source,D,70,LOW,55.1,FALSE_POSITIVE,2025-10-11,2025-11-07,SYNTHETIC / DEMO ONLY. Defensive analytics record.,Exfiltration,Valid Accounts
THR-2026-00610,Synthetic Data Exposure Observation,DATA EXPOSURE,EMAIL/SENDER DOMAIN,example.com,Community Submission,C,36,LOW,43.45,FALSE_POSITIVE,2025-08-10,2025-08-15,SYNTHETIC / DEMO ONLY. Defensive analytics record.,Initial Access,Phishing
THR-2026-00611,Synthetic Credential Threats Observation,CREDENTIAL THREATS,EMAIL/SENDER DOMAIN,example.org,Research Report,C,81,HIGH,77.8,NEW,2025-05-21,2025-06-11,SYNTHETIC / DEMO ONLY. Defensive analytics record.,Credential Access,Network Service Discovery
THR-2026-00612,Synthetic Vulnerability Exposure Observation,VULNERABILITY EXPOSURE,FILE HASH,28d1a334c525fb736ce085abb2f814cd3266b9a99046983fbd9955d1169d23af,Security Vendor,B,87,LOW,51.75,FALSE_POSITIVE,2025-05-08,2025-05-11,SYNTHETIC / DEMO ONLY. Defensive analytics record.,Credential Access,Application Layer Protocol
THR-2026-00613,Synthetic Network Threats Observation,NETWORK THREATS,CVE ID,CVE-2026-1613,Unknown Source,D,40,MEDIUM,48.45,MONITORING,2025-11-03,2025-11-15,SYNTHETIC / DEMO ONLY. Defensive analytics record.,Command and Control,Data from Local System
THR-2026-00614,Synthetic Web Threats Observation,WEB THREATS,CVE ID,CVE-2026-1614,Research Report,C,63,CRITICAL,76.25,NEW,2025-05-27,2025-06-02,SYNTHETIC / DEMO ONLY. Defensive analytics record.,Command and Control,Network Service Discovery
THR-2026-00615,Synthetic Ransomware Observation,RANSOMWARE,IP ADDRESS,192.0.2.108,Research Report,C,48,CRITICAL,74.0,NEW,2025-01-29,2025-02-19,SYNTHETIC / DEMO ONLY. Defensive analytics record.,Initial Access,Valid Accounts
THR-2026-00616,Synthetic Vulnerability Exposure Observation,VULNERABILITY EXPOSURE,FILE HASH,2e77c9eea448aa9b312ad59fd31ad0b20c2553f18a7c1bed7597a0d4cb58f920,Internal SOC,A,56,HIGH,62.4,FALSE_POSITIVE,2025-07-12,2025-07-18,SYNTHETIC / DEMO ONLY. Defensive analytics record.,Command and Control,Phishing
THR-2026-00617,Synthetic Credential Threats Observation,CREDENTIAL THREATS,FILE HASH,0999d5e5e2208b05ca302862955e62ebae6229794fc430692964b18813016145,Public Threat Feed,B,69,HIGH,74.9,FALSE_POSITIVE,2025-05-03,2025-05-24,SYNTHETIC / DEMO ONLY. Defensive analytics record.,Command and Control,Application Layer Protocol
THR-2026-00618,Synthetic Data Exposure Observation,DATA EXPOSURE,URL,https://example.com/demo/618,Research Report,C,48,LOW,44.0,UNDER_REVIEW,2025-04-22,2025-04-29,SYNTHETIC / DEMO ONLY. Defensive analytics record.,Initial Access,Phishing
THR-2026-00619,Synthetic Phishing Observation,PHISHING,IP ADDRESS,192.0.2.112,Internal SOC,A,57,MEDIUM,66.4,FALSE_POSITIVE,2025-10-15,2025-10-24,SYNTHETIC / DEMO ONLY. Defensive analytics record.,Exfiltration,Phishing
THR-2026-00620,Synthetic Malware Observation,MALWARE,CVE ID,CVE-2026-1620,Research Report,C,94,HIGH,73.35,MONITORING,2025-04-25,2025-05-11,SYNTHETIC / DEMO ONLY. Defensive analytics record.,Exfiltration,Network Service Discovery
THR-2026-00621,Synthetic Data Exposure Observation,DATA EXPOSURE,EMAIL/SENDER DOMAIN,example.org,Internal SOC,A,90,INFORMATIONAL,55.05,CLOSED,2025-07-24,2025-08-20,SYNTHETIC / DEMO ONLY. Defensive analytics record.,Command and Control,Application Layer Protocol
THR-2026-00622,Synthetic Phishing Observation,PHISHING,IP ADDRESS,192.0.2.115,Unknown Source,D,73,LOW,54.1,MONITORING,2025-05-26,2025-05-30,SYNTHETIC / DEMO ONLY. Defensive analytics record.,Command and Control,Application Layer Protocol
THR-2026-00623,Synthetic Malware Observation,MALWARE,EMAIL/SENDER DOMAIN,example.org,Unknown Source,D,95,HIGH,75.9,CLOSED,2025-04-17,2025-04-18,SYNTHETIC / DEMO ONLY. Defensive analytics record.,Discovery,Application Layer Protocol
THR-2026-00624,Synthetic Account Security Observation,ACCOUNT SECURITY,FILE HASH,333413fc058b89c06fa4f79178b3f8ad1a04a6814a468a9f2e1c2d85bb2c1471,Public Threat Feed,B,71,HIGH,60.6,UNDER_REVIEW,2025-03-05,2025-03-06,SYNTHETIC / DEMO ONLY. Defensive analytics record.,Discovery,Network Service Discovery
THR-2026-00625,Synthetic Account Security Observation,ACCOUNT SECURITY,IP ADDRESS,192.0.2.118,Unknown Source,D,78,HIGH,65.2,CLOSED,2025-07-09,2025-07-20,SYNTHETIC / DEMO ONLY. Defensive analytics record.,Discovery,Phishing
THR-2026-00626,Synthetic Credential Threats Observation,CREDENTIAL THREATS,DOMAIN,example.net,Public Threat Feed,B,45,LOW,46.85,UNDER_REVIEW,2025-11-04,2025-11-14,SYNTHETIC / DEMO ONLY. Defensive analytics record.,Initial Access,Data from Local System
THR-2026-00627,Synthetic Network Threats Observation,NETWORK THREATS,IP ADDRESS,192.0.2.120,Research Report,C,88,MEDIUM,59.8,MONITORING,2025-03-06,2025-03-06,SYNTHETIC / DEMO ONLY. Defensive analytics record.,Command and Control,Data from Local System
THR-2026-00628,Synthetic Vulnerability Exposure Observation,VULNERABILITY EXPOSURE,URL,https://example.com/demo/628,Research Report,C,47,MEDIUM,56.45,MONITORING,2025-04-22,2025-05-08,SYNTHETIC / DEMO ONLY. Defensive analytics record.,Credential Access,Data from Local System
THR-2026-00629,Synthetic Web Threats Observation,WEB THREATS,URL,https://example.com/demo/629,Security Vendor,B,98,CRITICAL,84.15,MONITORING,2025-09-14,2025-09-23,SYNTHETIC / DEMO ONLY. Defensive analytics record.,Initial Access,Network Service Discovery
THR-2026-00630,Synthetic Account Security Observation,ACCOUNT SECURITY,FILE HASH,0d7cad017b70e3721e4d316cc233f2a69df38cf15844f95776ad0d4ccc2e522b,Community Submission,C,46,HIGH,67.8,MONITORING,2025-03-04,2025-03-14,SYNTHETIC / DEMO ONLY. Defensive analytics record.,Initial Access,Data from Local System
THR-2026-00631,Synthetic Data Exposure Observation,DATA EXPOSURE,FILE HASH,0af45d71eddef0bb1a667821b789140762748f8d7744eef488543cb068c1ad6c,Public Threat Feed,B,44,MEDIUM,61.1,FALSE_POSITIVE,2025-08-01,2025-08-14,SYNTHETIC / DEMO ONLY. Defensive analytics record.,Discovery,Valid Accounts
THR-2026-00632,Synthetic Vulnerability Exposure Observation,VULNERABILITY EXPOSURE,FILE HASH,6fde1f549173c741a21f3a4515c0de3cc17e0811dfd9fedafbbcdd3476879f60,Community Submission,C,93,MEDIUM,72.55,FALSE_POSITIVE,2025-12-23,2026-01-12,SYNTHETIC / DEMO ONLY. Defensive analytics record.,Credential Access,Data from Local System
THR-2026-00633,Synthetic Social Engineering Observation,SOCIAL ENGINEERING,DOMAIN,example.org,Unknown Source,D,94,HIGH,78.0,FALSE_POSITIVE,2025-05-24,2025-06-22,SYNTHETIC / DEMO ONLY. Defensive analytics record.,Initial Access,Data from Local System
THR-2026-00634,Synthetic Credential Threats Observation,CREDENTIAL THREATS,URL,https://example.com/demo/634,Security Vendor,B,54,MEDIUM,62.7,NEW,2025-06-05,2025-06-15,SYNTHETIC / DEMO ONLY. Defensive analytics record.,Credential Access,Application Layer Protocol
THR-2026-00635,Synthetic Web Threats Observation,WEB THREATS,URL,https://example.com/demo/635,Public Threat Feed,B,65,HIGH,64.65,NEW,2025-10-17,2025-10-23,SYNTHETIC / DEMO ONLY. Defensive analytics record.,Credential Access,Network Service Discovery
THR-2026-00636,Synthetic Social Engineering Observation,SOCIAL ENGINEERING,FILE HASH,269dcd16797fa25fbb7dccf37ffcb4b2c9698fc57e86cb1a51abdd7c3dd14b9b,Research Report,C,89,MEDIUM,61.85,UNDER_REVIEW,2025-10-12,2025-10-20,SYNTHETIC / DEMO ONLY. Defensive analytics record.,Initial Access,Network Service Discovery
THR-2026-00637,Synthetic Web Threats Observation,WEB THREATS,CVE ID,CVE-2026-1637,Unknown Source,D,40,MEDIUM,53.5,NEW,2025-12-04,2025-12-31,SYNTHETIC / DEMO ONLY. Defensive analytics record.,Discovery,Data from Local System
THR-2026-00638,Synthetic Web Threats Observation,WEB THREATS,IP ADDRESS,192.0.2.131,Research Report,C,81,CRITICAL,76.9,NEW,2025-10-22,2025-10-29,SYNTHETIC / DEMO ONLY. Defensive analytics record.,Exfiltration,Data from Local System
THR-2026-00639,Synthetic Malware Observation,MALWARE,EMAIL/SENDER DOMAIN,example.org,Community Submission,C,67,HIGH,63.4,MONITORING,2025-02-28,2025-03-03,SYNTHETIC / DEMO ONLY. Defensive analytics record.,Discovery,Data from Local System
THR-2026-00640,Synthetic Vulnerability Exposure Observation,VULNERABILITY EXPOSURE,CVE ID,CVE-2026-1640,Research Report,C,62,HIGH,56.65,CLOSED,2025-09-14,2025-09-22,SYNTHETIC / DEMO ONLY. Defensive analytics record.,Command and Control,Network Service Discovery
THR-2026-00641,Synthetic Account Security Observation,ACCOUNT SECURITY,IP ADDRESS,192.0.2.134,Public Threat Feed,B,49,MEDIUM,62.0,UNDER_REVIEW,2025-05-03,2025-05-24,SYNTHETIC / DEMO ONLY. Defensive analytics record.,Discovery,Valid Accounts
THR-2026-00642,Synthetic Network Threats Observation,NETWORK THREATS,FILE HASH,e567e4f40bd6139e6257be8ca52310b3a517b294d117fc05883c7eada4faaef0,Public Threat Feed,B,37,HIGH,66.7,NEW,2025-01-27,2025-02-21,SYNTHETIC / DEMO ONLY. Defensive analytics record.,Credential Access,Network Service Discovery
THR-2026-00643,Synthetic Data Exposure Observation,DATA EXPOSURE,FILE HASH,b96d2d934cd36200abd26c7ee8ec52bfddd9580ef7b165696a23646630928e44,Unknown Source,D,81,MEDIUM,63.3,CLOSED,2025-09-02,2025-09-29,SYNTHETIC / DEMO ONLY. Defensive analytics record.,Command and Control,Phishing
THR-2026-00644,Synthetic Vulnerability Exposure Observation,VULNERABILITY EXPOSURE,URL,https://example.com/demo/644,Security Vendor,B,73,MEDIUM,58.85,CLOSED,2025-02-12,2025-02-22,SYNTHETIC / DEMO ONLY. Defensive analytics record.,Initial Access,Network Service Discovery
THR-2026-00645,Synthetic Malware Observation,MALWARE,FILE HASH,abaed18c4172d426bdaf1abc757f751fc4de3b5c704f96198be5dc27150c5e8c,Research Report,C,77,MEDIUM,65.05,MONITORING,2025-10-11,2025-11-02,SYNTHETIC / DEMO ONLY. Defensive analytics record.,Exfiltration,Phishing
THR-2026-00646,Synthetic Network Threats Observation,NETWORK THREATS,FILE HASH,991e9a6bde98bca37254f33b4e52558380ae68d4882f67542e260208155469f5,Community Submission,C,76,HIGH,62.05,UNDER_REVIEW,2025-02-07,2025-02-27,SYNTHETIC / DEMO ONLY. Defensive analytics record.,Command and Control,Valid Accounts
THR-2026-00647,Synthetic Phishing Observation,PHISHING,FILE HASH,f388a45386b6831fd6cbb5506484dd9a6c06e31249b197a0a1044e1179e56acc,Public Threat Feed,B,75,LOW,52.15,FALSE_POSITIVE,2025-10-13,2025-10-20,SYNTHETIC / DEMO ONLY. Defensive analytics record.,Credential Access,Data from Local System
THR-2026-00648,Synthetic Vulnerability Exposure Observation,VULNERABILITY EXPOSURE,URL,https://example.com/demo/648,Unknown Source,D,52,MEDIUM,52.8,MONITORING,2025-07-18,2025-08-12,SYNTHETIC / DEMO ONLY. Defensive analytics record.,Credential Access,Phishing
THR-2026-00649,Synthetic Vulnerability Exposure Observation,VULNERABILITY EXPOSURE,URL,https://example.com/demo/649,Research Report,C,63,LOW,43.15,UNDER_REVIEW,2025-02-04,2025-02-23,SYNTHETIC / DEMO ONLY. Defensive analytics record.,Initial Access,Application Layer Protocol
THR-2026-00650,Synthetic Credential Threats Observation,CREDENTIAL THREATS,URL,https://example.com/demo/650,Security Vendor,B,41,HIGH,70.0,UNDER_REVIEW,2025-02-28,2025-03-08,SYNTHETIC / DEMO ONLY. Defensive analytics record.,Initial Access,Network Service Discovery
THR-2026-00651,Synthetic Ransomware Observation,RANSOMWARE,EMAIL/SENDER DOMAIN,example.org,Unknown Source,D,90,LOW,57.95,UNDER_REVIEW,2025-09-09,2025-10-01,SYNTHETIC / DEMO ONLY. Defensive analytics record.,Credential Access,Network Service Discovery
THR-2026-00652,Synthetic Web Threats Observation,WEB THREATS,CVE ID,CVE-2026-1652,Security Vendor,B,90,MEDIUM,68.6,UNDER_REVIEW,2025-08-10,2025-09-02,SYNTHETIC / DEMO ONLY. Defensive analytics record.,Command and Control,Valid Accounts
THR-2026-00653,Synthetic Vulnerability Exposure Observation,VULNERABILITY EXPOSURE,DOMAIN,example.org,Public Threat Feed,B,65,INFORMATIONAL,53.9,CLOSED,2025-06-26,2025-07-14,SYNTHETIC / DEMO ONLY. Defensive analytics record.,Initial Access,Phishing
THR-2026-00654,Synthetic Social Engineering Observation,SOCIAL ENGINEERING,DOMAIN,example.net,Unknown Source,D,85,HIGH,71.7,FALSE_POSITIVE,2025-01-04,2025-01-17,SYNTHETIC / DEMO ONLY. Defensive analytics record.,Discovery,Phishing
THR-2026-00655,Synthetic Malware Observation,MALWARE,EMAIL/SENDER DOMAIN,example.org,Public Threat Feed,B,65,LOW,59.2,FALSE_POSITIVE,2025-01-23,2025-02-22,SYNTHETIC / DEMO ONLY. Defensive analytics record.,Initial Access,Phishing
THR-2026-00656,Synthetic Web Threats Observation,WEB THREATS,EMAIL/SENDER DOMAIN,example.com,Public Threat Feed,B,85,HIGH,75.4,FALSE_POSITIVE,2025-03-21,2025-03-22,SYNTHETIC / DEMO ONLY. Defensive analytics record.,Credential Access,Network Service Discovery
THR-2026-00657,Synthetic Ransomware Observation,RANSOMWARE,EMAIL/SENDER DOMAIN,example.org,Public Threat Feed,B,94,MEDIUM,60.15,CLOSED,2025-01-03,2025-01-19,SYNTHETIC / DEMO ONLY. Defensive analytics record.,Credential Access,Network Service Discovery
THR-2026-00658,Synthetic Malware Observation,MALWARE,URL,https://example.com/demo/658,Security Vendor,B,98,INFORMATIONAL,57.9,MONITORING,2025-08-10,2025-09-07,SYNTHETIC / DEMO ONLY. Defensive analytics record.,Exfiltration,Network Service Discovery
THR-2026-00659,Synthetic Data Exposure Observation,DATA EXPOSURE,URL,https://example.com/demo/659,Security Vendor,B,75,MEDIUM,67.95,CLOSED,2025-03-23,2025-04-19,SYNTHETIC / DEMO ONLY. Defensive analytics record.,Initial Access,Valid Accounts
THR-2026-00660,Synthetic Ransomware Observation,RANSOMWARE,IP ADDRESS,192.0.2.153,Internal SOC,A,95,LOW,59.65,CLOSED,2025-05-23,2025-05-26,SYNTHETIC / DEMO ONLY. Defensive analytics record.,Initial Access,Application Layer Protocol
THR-2026-00661,Synthetic Network Threats Observation,NETWORK THREATS,CVE ID,CVE-2026-1661,Research Report,C,98,MEDIUM,57.2,UNDER_REVIEW,2025-07-07,2025-07-09,SYNTHETIC / DEMO ONLY. Defensive analytics record.,Discovery,Valid Accounts
THR-2026-00662,Synthetic Ransomware Observation,RANSOMWARE,CVE ID,CVE-2026-1662,Public Threat Feed,B,62,MEDIUM,60.2,CLOSED,2025-03-15,2025-03-20,SYNTHETIC / DEMO ONLY. Defensive analytics record.,Initial Access,Valid Accounts
THR-2026-00663,Synthetic Social Engineering Observation,SOCIAL ENGINEERING,CVE ID,CVE-2026-1663,Public Threat Feed,B,38,LOW,42.25,NEW,2025-06-24,2025-07-12,SYNTHETIC / DEMO ONLY. Defensive analytics record.,Discovery,Valid Accounts
THR-2026-00664,Synthetic Phishing Observation,PHISHING,IP ADDRESS,192.0.2.157,Unknown Source,D,96,MEDIUM,71.4,NEW,2025-03-03,2025-03-24,SYNTHETIC / DEMO ONLY. Defensive analytics record.,Discovery,Phishing
THR-2026-00665,Synthetic Account Security Observation,ACCOUNT SECURITY,FILE HASH,3ed9ed29ed6c5f7cf7c555eb178463528f61f24c5255f4b50263a11f12c7fb39,Unknown Source,D,51,MEDIUM,45.25,NEW,2025-07-20,2025-08-14,SYNTHETIC / DEMO ONLY. Defensive analytics record.,Initial Access,Data from Local System
THR-2026-00666,Synthetic Account Security Observation,ACCOUNT SECURITY,FILE HASH,cc27b56927242231fe276b2dbb9c1f8a3534d1373a1eb10bdeeb9ffe3212c8f8,Public Threat Feed,B,57,LOW,47.5,UNDER_REVIEW,2025-12-22,2026-01-18,SYNTHETIC / DEMO ONLY. Defensive analytics record.,Credential Access,Application Layer Protocol
THR-2026-00667,Synthetic Vulnerability Exposure Observation,VULNERABILITY EXPOSURE,URL,https://example.com/demo/667,Unknown Source,D,54,HIGH,58.9,MONITORING,2025-05-25,2025-06-17,SYNTHETIC / DEMO ONLY. Defensive analytics record.,Exfiltration,Valid Accounts
THR-2026-00668,Synthetic Network Threats Observation,NETWORK THREATS,CVE ID,CVE-2026-1668,Public Threat Feed,B,60,LOW,56.95,FALSE_POSITIVE,2025-05-03,2025-05-11,SYNTHETIC / DEMO ONLY. Defensive analytics record.,Exfiltration,Application Layer Protocol
THR-2026-00669,Synthetic Malware Observation,MALWARE,FILE HASH,22d90a8b3f5dea5cd2aa8e4c2fbd27bf1ab7400b18130a70f90f0a391692e99a,Community Submission,C,58,HIGH,72.9,FALSE_POSITIVE,2025-11-15,2025-11-16,SYNTHETIC / DEMO ONLY. Defensive analytics record.,Discovery,Application Layer Protocol
THR-2026-00670,Synthetic Credential Threats Observation,CREDENTIAL THREATS,CVE ID,CVE-2026-1670,Security Vendor,B,98,HIGH,87.7,CLOSED,2025-11-20,2025-11-29,SYNTHETIC / DEMO ONLY. Defensive analytics record.,Command and Control,Phishing
THR-2026-00671,Synthetic Social Engineering Observation,SOCIAL ENGINEERING,URL,https://example.com/demo/671,Security Vendor,B,73,LOW,58.05,NEW,2025-08-03,2025-08-21,SYNTHETIC / DEMO ONLY. Defensive analytics record.,Exfiltration,Phishing
THR-2026-00672,Synthetic Phishing Observation,PHISHING,EMAIL/SENDER DOMAIN,example.com,Research Report,C,87,LOW,58.8,MONITORING,2025-08-25,2025-09-05,SYNTHETIC / DEMO ONLY. Defensive analytics record.,Exfiltration,Phishing
THR-2026-00673,Synthetic Data Exposure Observation,DATA EXPOSURE,IP ADDRESS,192.0.2.166,Unknown Source,D,94,LOW,51.45,CLOSED,2025-12-09,2025-12-11,SYNTHETIC / DEMO ONLY. Defensive analytics record.,Discovery,Network Service Discovery
THR-2026-00674,Synthetic Account Security Observation,ACCOUNT SECURITY,CVE ID,CVE-2026-1674,Unknown Source,D,92,MEDIUM,66.25,UNDER_REVIEW,2025-09-28,2025-10-04,SYNTHETIC / DEMO ONLY. Defensive analytics record.,Initial Access,Data from Local System
THR-2026-00675,Synthetic Web Threats Observation,WEB THREATS,CVE ID,CVE-2026-1675,Community Submission,C,37,LOW,38.15,CLOSED,2025-12-26,2025-12-31,SYNTHETIC / DEMO ONLY. Defensive analytics record.,Command and Control,Application Layer Protocol
THR-2026-00676,Synthetic Account Security Observation,ACCOUNT SECURITY,CVE ID,CVE-2026-1676,Community Submission,C,81,MEDIUM,68.05,UNDER_REVIEW,2025-11-18,2025-11-22,SYNTHETIC / DEMO ONLY. Defensive analytics record.,Initial Access,Valid Accounts
THR-2026-00677,Synthetic Malware Observation,MALWARE,IP ADDRESS,192.0.2.170,Security Vendor,B,38,HIGH,59.95,CLOSED,2025-02-03,2025-02-10,SYNTHETIC / DEMO ONLY. Defensive analytics record.,Exfiltration,Valid Accounts
THR-2026-00678,Synthetic Malware Observation,MALWARE,URL,https://example.com/demo/678,Security Vendor,B,95,HIGH,67.95,UNDER_REVIEW,2025-10-08,2025-11-05,SYNTHETIC / DEMO ONLY. Defensive analytics record.,Command and Control,Application Layer Protocol
THR-2026-00679,Synthetic Social Engineering Observation,SOCIAL ENGINEERING,IP ADDRESS,192.0.2.172,Community Submission,C,66,HIGH,67.25,MONITORING,2025-06-15,2025-06-16,SYNTHETIC / DEMO ONLY. Defensive analytics record.,Initial Access,Phishing
THR-2026-00680,Synthetic Vulnerability Exposure Observation,VULNERABILITY EXPOSURE,FILE HASH,09db75924d045e10da4079b79b96e7abe97c3a427e09094104291f70686ec19a,Unknown Source,D,72,HIGH,64.9,FALSE_POSITIVE,2025-04-28,2025-05-14,SYNTHETIC / DEMO ONLY. Defensive analytics record.,Exfiltration,Application Layer Protocol
THR-2026-00681,Synthetic Credential Threats Observation,CREDENTIAL THREATS,CVE ID,CVE-2026-1681,Internal SOC,A,89,LOW,67.25,CLOSED,2025-11-30,2025-12-08,SYNTHETIC / DEMO ONLY. Defensive analytics record.,Command and Control,Phishing
THR-2026-00682,Synthetic Social Engineering Observation,SOCIAL ENGINEERING,EMAIL/SENDER DOMAIN,example.com,Public Threat Feed,B,92,CRITICAL,82.95,UNDER_REVIEW,2025-10-11,2025-10-20,SYNTHETIC / DEMO ONLY. Defensive analytics record.,Command and Control,Network Service Discovery
THR-2026-00683,Synthetic Social Engineering Observation,SOCIAL ENGINEERING,DOMAIN,demo.invalid,Community Submission,C,78,MEDIUM,66.45,CLOSED,2025-08-04,2025-08-27,SYNTHETIC / DEMO ONLY. Defensive analytics record.,Command and Control,Network Service Discovery
THR-2026-00684,Synthetic Social Engineering Observation,SOCIAL ENGINEERING,DOMAIN,example.com,Public Threat Feed,B,46,HIGH,67.75,UNDER_REVIEW,2025-10-05,2025-10-11,SYNTHETIC / DEMO ONLY. Defensive analytics record.,Exfiltration,Application Layer Protocol
THR-2026-00685,Synthetic Malware Observation,MALWARE,FILE HASH,38f00e2eea29c7fc02b120cb9a80fd2dd388ce5fe6d4b9471e72fd2842c3bf21,Research Report,C,73,CRITICAL,73.25,MONITORING,2025-12-08,2025-12-08,SYNTHETIC / DEMO ONLY. Defensive analytics record.,Discovery,Network Service Discovery
THR-2026-00686,Synthetic Ransomware Observation,RANSOMWARE,DOMAIN,example.net,Community Submission,C,39,HIGH,57.7,UNDER_REVIEW,2025-11-04,2025-11-23,SYNTHETIC / DEMO ONLY. Defensive analytics record.,Initial Access,Data from Local System
THR-2026-00687,Synthetic Credential Threats Observation,CREDENTIAL THREATS,FILE HASH,46f41fb5ea4c0c35a6f2e446f97fb19f519b31098e9d61975cdf48870d051e28,Public Threat Feed,B,80,MEDIUM,63.05,FALSE_POSITIVE,2025-10-16,2025-11-12,SYNTHETIC / DEMO ONLY. Defensive analytics record.,Exfiltration,Phishing
THR-2026-00688,Synthetic Phishing Observation,PHISHING,FILE HASH,faacf330509266347f91370c9bdfee58c44e982129d1d40cef2e157848e0b1d9,Internal SOC,A,48,HIGH,72.0,FALSE_POSITIVE,2025-03-20,2025-03-21,SYNTHETIC / DEMO ONLY. Defensive analytics record.,Initial Access,Valid Accounts
THR-2026-00689,Synthetic Malware Observation,MALWARE,DOMAIN,example.org,Security Vendor,B,72,CRITICAL,84.3,NEW,2025-04-21,2025-05-14,SYNTHETIC / DEMO ONLY. Defensive analytics record.,Credential Access,Network Service Discovery
THR-2026-00690,Synthetic Network Threats Observation,NETWORK THREATS,DOMAIN,example.net,Security Vendor,B,91,LOW,53.35,MONITORING,2025-05-04,2025-05-14,SYNTHETIC / DEMO ONLY. Defensive analytics record.,Exfiltration,Valid Accounts
THR-2026-00691,Synthetic Malware Observation,MALWARE,URL,https://example.com/demo/691,Research Report,C,81,MEDIUM,63.3,UNDER_REVIEW,2025-04-05,2025-04-18,SYNTHETIC / DEMO ONLY. Defensive analytics record.,Credential Access,Application Layer Protocol
THR-2026-00692,Synthetic Vulnerability Exposure Observation,VULNERABILITY EXPOSURE,FILE HASH,3b8cc46b627e976e486ffeb07bce4f4a3537b928eba6551efc1ab59ec370bdcb,Community Submission,C,81,HIGH,65.45,FALSE_POSITIVE,2025-12-27,2026-01-18,SYNTHETIC / DEMO ONLY. Defensive analytics record.,Initial Access,Phishing
THR-2026-00693,Synthetic Network Threats Observation,NETWORK THREATS,URL,https://example.com/demo/693,Security Vendor,B,90,MEDIUM,59.4,UNDER_REVIEW,2025-01-28,2025-02-26,SYNTHETIC / DEMO ONLY. Defensive analytics record.,Exfiltration,Phishing
THR-2026-00694,Synthetic Data Exposure Observation,DATA EXPOSURE,URL,https://example.com/demo/694,Unknown Source,D,73,MEDIUM,62.65,MONITORING,2025-12-28,2026-01-23,SYNTHETIC / DEMO ONLY. Defensive analytics record.,Exfiltration,Data from Local System
THR-2026-00695,Synthetic Ransomware Observation,RANSOMWARE,CVE ID,CVE-2026-1695,Unknown Source,D,61,MEDIUM,68.0,MONITORING,2025-02-02,2025-02-16,SYNTHETIC / DEMO ONLY. Defensive analytics record.,Command and Control,Valid Accounts
THR-2026-00696,Synthetic Web Threats Observation,WEB THREATS,IP ADDRESS,192.0.2.189,Public Threat Feed,B,84,INFORMATIONAL,56.0,UNDER_REVIEW,2025-03-31,2025-04-09,SYNTHETIC / DEMO ONLY. Defensive analytics record.,Initial Access,Data from Local System
THR-2026-00697,Synthetic Data Exposure Observation,DATA EXPOSURE,URL,https://example.com/demo/697,Unknown Source,D,55,MEDIUM,46.1,UNDER_REVIEW,2025-03-04,2025-03-12,SYNTHETIC / DEMO ONLY. Defensive analytics record.,Discovery,Application Layer Protocol
THR-2026-00698,Synthetic Data Exposure Observation,DATA EXPOSURE,IP ADDRESS,192.0.2.191,Public Threat Feed,B,68,HIGH,76.6,NEW,2025-10-30,2025-10-31,SYNTHETIC / DEMO ONLY. Defensive analytics record.,Command and Control,Network Service Discovery
THR-2026-00699,Synthetic Account Security Observation,ACCOUNT SECURITY,CVE ID,CVE-2026-1699,Public Threat Feed,B,65,INFORMATIONAL,60.55,FALSE_POSITIVE,2025-01-01,2025-01-29,SYNTHETIC / DEMO ONLY. Defensive analytics record.,Exfiltration,Valid Accounts
THR-2026-00700,Synthetic Network Threats Observation,NETWORK THREATS,URL,https://example.com/demo/700,Unknown Source,D,52,MEDIUM,60.8,MONITORING,2025-08-28,2025-08-31,SYNTHETIC / DEMO ONLY. Defensive analytics record.,Exfiltration,Data from Local System
THR-2026-00701,Synthetic Credential Threats Observation,CREDENTIAL THREATS,URL,https://example.com/demo/701,Security Vendor,B,89,MEDIUM,59.85,UNDER_REVIEW,2025-12-01,2025-12-14,SYNTHETIC / DEMO ONLY. Defensive analytics record.,Command and Control,Valid Accounts
THR-2026-00702,Synthetic Social Engineering Observation,SOCIAL ENGINEERING,IP ADDRESS,192.0.2.195,Community Submission,C,86,MEDIUM,75.25,MONITORING,2025-06-13,2025-07-10,SYNTHETIC / DEMO ONLY. Defensive analytics record.,Exfiltration,Application Layer Protocol
THR-2026-00703,Synthetic Vulnerability Exposure Observation,VULNERABILITY EXPOSURE,FILE HASH,22dc69d3102697642b2bc8cd12936ca5d367b968fffd6ea6db5e5fe3dcf9c9c4,Research Report,C,88,HIGH,68.1,CLOSED,2025-10-28,2025-11-12,SYNTHETIC / DEMO ONLY. Defensive analytics record.,Credential Access,Data from Local System
THR-2026-00704,Synthetic Data Exposure Observation,DATA EXPOSURE,IP ADDRESS,192.0.2.197,Research Report,C,95,HIGH,68.85,NEW,2025-06-26,2025-07-25,SYNTHETIC / DEMO ONLY. Defensive analytics record.,Exfiltration,Application Layer Protocol
THR-2026-00705,Synthetic Malware Observation,MALWARE,IP ADDRESS,192.0.2.198,Public Threat Feed,B,40,MEDIUM,51.35,MONITORING,2025-06-25,2025-07-04,SYNTHETIC / DEMO ONLY. Defensive analytics record.,Discovery,Network Service Discovery
THR-2026-00706,Synthetic Social Engineering Observation,SOCIAL ENGINEERING,IP ADDRESS,192.0.2.199,Security Vendor,B,88,HIGH,67.95,CLOSED,2025-09-13,2025-09-18,SYNTHETIC / DEMO ONLY. Defensive analytics record.,Initial Access,Phishing
THR-2026-00707,Synthetic Data Exposure Observation,DATA EXPOSURE,URL,https://example.com/demo/707,Internal SOC,A,88,LOW,66.85,MONITORING,2025-03-18,2025-04-01,SYNTHETIC / DEMO ONLY. Defensive analytics record.,Command and Control,Application Layer Protocol
THR-2026-00708,Synthetic Account Security Observation,ACCOUNT SECURITY,DOMAIN,example.com,Community Submission,C,93,HIGH,75.7,FALSE_POSITIVE,2025-07-19,2025-07-21,SYNTHETIC / DEMO ONLY. Defensive analytics record.,Exfiltration,Application Layer Protocol
THR-2026-00709,Synthetic Vulnerability Exposure Observation,VULNERABILITY EXPOSURE,DOMAIN,example.org,Public Threat Feed,B,40,CRITICAL,73.4,UNDER_REVIEW,2025-02-05,2025-02-07,SYNTHETIC / DEMO ONLY. Defensive analytics record.,Initial Access,Data from Local System
THR-2026-00710,Synthetic Web Threats Observation,WEB THREATS,EMAIL/SENDER DOMAIN,example.com,Unknown Source,D,45,HIGH,65.5,NEW,2025-03-12,2025-04-05,SYNTHETIC / DEMO ONLY. Defensive analytics record.,Exfiltration,Data from Local System
THR-2026-00711,Synthetic Credential Threats Observation,CREDENTIAL THREATS,FILE HASH,9102867a3c42ab18cba60a86d82defea32c3e463082b20baaf09aee65ef00dab,Internal SOC,A,50,MEDIUM,64.5,UNDER_REVIEW,2025-12-23,2025-12-31,SYNTHETIC / DEMO ONLY. Defensive analytics record.,Credential Access,Data from Local System
THR-2026-00712,Synthetic Social Engineering Observation,SOCIAL ENGINEERING,IP ADDRESS,192.0.2.205,Community Submission,C,76,HIGH,71.75,NEW,2025-04-25,2025-05-22,SYNTHETIC / DEMO ONLY. Defensive analytics record.,Discovery,Application Layer Protocol
THR-2026-00713,Synthetic Ransomware Observation,RANSOMWARE,FILE HASH,79619a6696fc63176a0100fcaef9d6d9c644f3776c63ac0ec371e05f4eb8241e,Community Submission,C,75,INFORMATIONAL,46.15,FALSE_POSITIVE,2025-11-04,2025-11-07,SYNTHETIC / DEMO ONLY. Defensive analytics record.,Credential Access,Network Service Discovery
THR-2026-00714,Synthetic Ransomware Observation,RANSOMWARE,DOMAIN,example.net,Internal SOC,A,54,MEDIUM,57.9,MONITORING,2025-12-02,2025-12-21,SYNTHETIC / DEMO ONLY. Defensive analytics record.,Credential Access,Phishing
THR-2026-00715,Synthetic Phishing Observation,PHISHING,URL,https://example.com/demo/715,Public Threat Feed,B,53,MEDIUM,57.7,NEW,2025-06-23,2025-07-23,SYNTHETIC / DEMO ONLY. Defensive analytics record.,Initial Access,Valid Accounts
THR-2026-00716,Synthetic Credential Threats Observation,CREDENTIAL THREATS,EMAIL/SENDER DOMAIN,example.com,Research Report,C,84,MEDIUM,55.3,FALSE_POSITIVE,2025-07-23,2025-08-06,SYNTHETIC / DEMO ONLY. Defensive analytics record.,Command and Control,Phishing
THR-2026-00717,Synthetic Social Engineering Observation,SOCIAL ENGINEERING,IP ADDRESS,192.0.2.210,Security Vendor,B,37,MEDIUM,60.25,UNDER_REVIEW,2025-01-21,2025-01-24,SYNTHETIC / DEMO ONLY. Defensive analytics record.,Exfiltration,Valid Accounts
THR-2026-00718,Synthetic Web Threats Observation,WEB THREATS,EMAIL/SENDER DOMAIN,example.com,Internal SOC,A,61,MEDIUM,61.7,UNDER_REVIEW,2025-10-07,2025-11-01,SYNTHETIC / DEMO ONLY. Defensive analytics record.,Exfiltration,Application Layer Protocol
THR-2026-00719,Synthetic Data Exposure Observation,DATA EXPOSURE,FILE HASH,ef9d12c727e8cb2b91f1394208dd175765a1b71630ba11e268287c8fedf349e5,Research Report,C,72,INFORMATIONAL,45.65,CLOSED,2025-12-02,2025-12-31,SYNTHETIC / DEMO ONLY. Defensive analytics record.,Discovery,Data from Local System
THR-2026-00720,Synthetic Web Threats Observation,WEB THREATS,CVE ID,CVE-2026-1720,Public Threat Feed,B,62,MEDIUM,66.85,FALSE_POSITIVE,2025-12-09,2025-12-14,SYNTHETIC / DEMO ONLY. Defensive analytics record.,Exfiltration,Phishing
THR-2026-00721,Synthetic Web Threats Observation,WEB THREATS,IP ADDRESS,192.0.2.214,Internal SOC,A,52,MEDIUM,66.65,FALSE_POSITIVE,2025-05-25,2025-05-31,SYNTHETIC / DEMO ONLY. Defensive analytics record.,Exfiltration,Network Service Discovery
THR-2026-00722,Synthetic Network Threats Observation,NETWORK THREATS,CVE ID,CVE-2026-1722,Unknown Source,D,92,MEDIUM,60.75,CLOSED,2025-07-11,2025-07-17,SYNTHETIC / DEMO ONLY. Defensive analytics record.,Exfiltration,Network Service Discovery
THR-2026-00723,Synthetic Phishing Observation,PHISHING,CVE ID,CVE-2026-1723,Internal SOC,A,95,LOW,49.1,CLOSED,2025-06-04,2025-06-21,SYNTHETIC / DEMO ONLY. Defensive analytics record.,Command and Control,Data from Local System
THR-2026-00724,Synthetic Malware Observation,MALWARE,CVE ID,CVE-2026-1724,Community Submission,C,38,HIGH,63.4,CLOSED,2025-07-05,2025-07-31,SYNTHETIC / DEMO ONLY. Defensive analytics record.,Exfiltration,Network Service Discovery
THR-2026-00725,Synthetic Vulnerability Exposure Observation,VULNERABILITY EXPOSURE,DOMAIN,example.org,Unknown Source,D,36,HIGH,56.05,NEW,2025-09-25,2025-10-09,SYNTHETIC / DEMO ONLY. Defensive analytics record.,Credential Access,Phishing
THR-2026-00726,Synthetic Web Threats Observation,WEB THREATS,CVE ID,CVE-2026-1726,Public Threat Feed,B,59,CRITICAL,77.95,UNDER_REVIEW,2025-07-30,2025-08-24,SYNTHETIC / DEMO ONLY. Defensive analytics record.,Credential Access,Application Layer Protocol
THR-2026-00727,Synthetic Network Threats Observation,NETWORK THREATS,IP ADDRESS,192.0.2.220,Unknown Source,D,61,MEDIUM,49.0,MONITORING,2025-11-06,2025-12-03,SYNTHETIC / DEMO ONLY. Defensive analytics record.,Exfiltration,Data from Local System
THR-2026-00728,Synthetic Social Engineering Observation,SOCIAL ENGINEERING,DOMAIN,example.com,Unknown Source,D,57,MEDIUM,53.1,MONITORING,2025-11-29,2025-12-03,SYNTHETIC / DEMO ONLY. Defensive analytics record.,Exfiltration,Valid Accounts
THR-2026-00729,Synthetic Data Exposure Observation,DATA EXPOSURE,CVE ID,CVE-2026-1729,Security Vendor,B,37,HIGH,72.75,FALSE_POSITIVE,2025-08-25,2025-09-15,SYNTHETIC / DEMO ONLY. Defensive analytics record.,Command and Control,Phishing
THR-2026-00730,Synthetic Vulnerability Exposure Observation,VULNERABILITY EXPOSURE,CVE ID,CVE-2026-1730,Unknown Source,D,41,HIGH,61.2,FALSE_POSITIVE,2025-08-14,2025-08-17,SYNTHETIC / DEMO ONLY. Defensive analytics record.,Command and Control,Application Layer Protocol
THR-2026-00731,Synthetic Network Threats Observation,NETWORK THREATS,EMAIL/SENDER DOMAIN,example.org,Unknown Source,D,63,HIGH,58.8,MONITORING,2025-04-04,2025-04-18,SYNTHETIC / DEMO ONLY. Defensive analytics record.,Initial Access,Application Layer Protocol
THR-2026-00732,Synthetic Credential Threats Observation,CREDENTIAL THREATS,URL,https://example.com/demo/732,Community Submission,C,38,LOW,48.1,UNDER_REVIEW,2025-11-24,2025-12-23,SYNTHETIC / DEMO ONLY. Defensive analytics record.,Credential Access,Valid Accounts
THR-2026-00733,Synthetic Network Threats Observation,NETWORK THREATS,URL,https://example.com/demo/733,Unknown Source,D,47,LOW,43.9,MONITORING,2025-12-20,2026-01-07,SYNTHETIC / DEMO ONLY. Defensive analytics record.,Discovery,Valid Accounts
THR-2026-00734,Synthetic Malware Observation,MALWARE,FILE HASH,7664949f5f2356f4676756757b7833b00ff7996d3a5022404d4237750967ea39,Public Threat Feed,B,41,LOW,49.65,FALSE_POSITIVE,2025-11-25,2025-12-19,SYNTHETIC / DEMO ONLY. Defensive analytics record.,Exfiltration,Application Layer Protocol
THR-2026-00735,Synthetic Malware Observation,MALWARE,CVE ID,CVE-2026-1735,Internal SOC,A,45,MEDIUM,47.15,NEW,2025-07-25,2025-08-22,SYNTHETIC / DEMO ONLY. Defensive analytics record.,Credential Access,Phishing
THR-2026-00736,Synthetic Social Engineering Observation,SOCIAL ENGINEERING,IP ADDRESS,192.0.2.229,Unknown Source,D,90,MEDIUM,51.15,MONITORING,2025-03-21,2025-03-22,SYNTHETIC / DEMO ONLY. Defensive analytics record.,Command and Control,Application Layer Protocol
THR-2026-00737,Synthetic Malware Observation,MALWARE,EMAIL/SENDER DOMAIN,example.org,Security Vendor,B,36,HIGH,65.75,FALSE_POSITIVE,2025-05-27,2025-06-24,SYNTHETIC / DEMO ONLY. Defensive analytics record.,Exfiltration,Phishing
THR-2026-00738,Synthetic Network Threats Observation,NETWORK THREATS,CVE ID,CVE-2026-1738,Internal SOC,A,93,CRITICAL,89.05,NEW,2025-09-25,2025-09-28,SYNTHETIC / DEMO ONLY. Defensive analytics record.,Initial Access,Data from Local System
THR-2026-00739,Synthetic Malware Observation,MALWARE,EMAIL/SENDER DOMAIN,example.org,Security Vendor,B,51,HIGH,71.2,CLOSED,2025-07-04,2025-07-17,SYNTHETIC / DEMO ONLY. Defensive analytics record.,Exfiltration,Application Layer Protocol
THR-2026-00740,Synthetic Ransomware Observation,RANSOMWARE,DOMAIN,example.com,Internal SOC,A,42,LOW,48.75,MONITORING,2025-05-23,2025-06-08,SYNTHETIC / DEMO ONLY. Defensive analytics record.,Discovery,Data from Local System
THR-2026-00741,Synthetic Data Exposure Observation,DATA EXPOSURE,DOMAIN,example.org,Public Threat Feed,B,78,LOW,52.15,UNDER_REVIEW,2025-04-11,2025-04-29,SYNTHETIC / DEMO ONLY. Defensive analytics record.,Initial Access,Valid Accounts
THR-2026-00742,Synthetic Data Exposure Observation,DATA EXPOSURE,EMAIL/SENDER DOMAIN,example.com,Research Report,C,79,HIGH,64.0,UNDER_REVIEW,2025-11-27,2025-12-07,SYNTHETIC / DEMO ONLY. Defensive analytics record.,Command and Control,Application Layer Protocol
THR-2026-00743,Synthetic Account Security Observation,ACCOUNT SECURITY,CVE ID,CVE-2026-1743,Community Submission,C,77,MEDIUM,66.75,NEW,2025-07-17,2025-07-22,SYNTHETIC / DEMO ONLY. Defensive analytics record.,Command and Control,Phishing
THR-2026-00744,Synthetic Social Engineering Observation,SOCIAL ENGINEERING,DOMAIN,example.com,Unknown Source,D,63,CRITICAL,73.5,UNDER_REVIEW,2025-02-16,2025-02-22,SYNTHETIC / DEMO ONLY. Defensive analytics record.,Command and Control,Network Service Discovery
THR-2026-00745,Synthetic Vulnerability Exposure Observation,VULNERABILITY EXPOSURE,DOMAIN,example.org,Internal SOC,A,81,MEDIUM,56.6,NEW,2025-12-17,2026-01-03,SYNTHETIC / DEMO ONLY. Defensive analytics record.,Credential Access,Network Service Discovery
THR-2026-00746,Synthetic Social Engineering Observation,SOCIAL ENGINEERING,DOMAIN,example.net,Public Threat Feed,B,40,HIGH,52.75,UNDER_REVIEW,2025-08-09,2025-08-14,SYNTHETIC / DEMO ONLY. Defensive analytics record.,Discovery,Valid Accounts
THR-2026-00747,Synthetic Network Threats Observation,NETWORK THREATS,EMAIL/SENDER DOMAIN,example.org,Security Vendor,B,37,LOW,38.9,UNDER_REVIEW,2025-12-22,2026-01-17,SYNTHETIC / DEMO ONLY. Defensive analytics record.,Command and Control,Phishing
THR-2026-00748,Synthetic Network Threats Observation,NETWORK THREATS,DOMAIN,example.com,Security Vendor,B,82,MEDIUM,64.35,CLOSED,2025-02-16,2025-03-16,SYNTHETIC / DEMO ONLY. Defensive analytics record.,Initial Access,Phishing
THR-2026-00749,Synthetic Ransomware Observation,RANSOMWARE,DOMAIN,example.org,Security Vendor,B,83,HIGH,77.3,UNDER_REVIEW,2025-03-01,2025-03-14,SYNTHETIC / DEMO ONLY. Defensive analytics record.,Initial Access,Data from Local System
THR-2026-00750,Synthetic Account Security Observation,ACCOUNT SECURITY,DOMAIN,example.net,Public Threat Feed,B,54,HIGH,60.25,MONITORING,2025-02-13,2025-03-10,SYNTHETIC / DEMO ONLY. Defensive analytics record.,Credential Access,Data from Local System
THR-2026-00751,Synthetic Account Security Observation,ACCOUNT SECURITY,FILE HASH,9b5fd2654a3aa2f13d7dd613e3f4ad03483fbabe73857dacad756e430a026d24,Internal SOC,A,95,LOW,68.25,CLOSED,2025-10-08,2025-10-24,SYNTHETIC / DEMO ONLY. Defensive analytics record.,Exfiltration,Network Service Discovery
THR-2026-00752,Synthetic Social Engineering Observation,SOCIAL ENGINEERING,EMAIL/SENDER DOMAIN,example.com,Public Threat Feed,B,82,MEDIUM,72.95,FALSE_POSITIVE,2025-05-04,2025-05-12,SYNTHETIC / DEMO ONLY. Defensive analytics record.,Command and Control,Data from Local System
THR-2026-00753,Synthetic Phishing Observation,PHISHING,DOMAIN,example.org,Security Vendor,B,92,LOW,57.7,CLOSED,2025-07-29,2025-08-11,SYNTHETIC / DEMO ONLY. Defensive analytics record.,Exfiltration,Valid Accounts
THR-2026-00754,Synthetic Network Threats Observation,NETWORK THREATS,URL,https://example.com/demo/754,Security Vendor,B,45,MEDIUM,59.25,FALSE_POSITIVE,2025-07-05,2025-07-12,SYNTHETIC / DEMO ONLY. Defensive analytics record.,Initial Access,Application Layer Protocol
THR-2026-00755,Synthetic Data Exposure Observation,DATA EXPOSURE,EMAIL/SENDER DOMAIN,example.org,Research Report,C,94,MEDIUM,69.5,MONITORING,2025-04-22,2025-05-02,SYNTHETIC / DEMO ONLY. Defensive analytics record.,Command and Control,Phishing
THR-2026-00756,Synthetic Ransomware Observation,RANSOMWARE,FILE HASH,ba89d3cf73c77a6136ae269e39a1a160c77066db3d430890166fe6eb6c3470ad,Unknown Source,D,44,LOW,38.7,FALSE_POSITIVE,2025-04-20,2025-05-06,SYNTHETIC / DEMO ONLY. Defensive analytics record.,Initial Access,Network Service Discovery
THR-2026-00757,Synthetic Credential Threats Observation,CREDENTIAL THREATS,IP ADDRESS,192.0.2.250,Public Threat Feed,B,39,LOW,47.2,MONITORING,2025-09-23,2025-10-14,SYNTHETIC / DEMO ONLY. Defensive analytics record.,Discovery,Network Service Discovery
THR-2026-00758,Synthetic Web Threats Observation,WEB THREATS,DOMAIN,example.net,Security Vendor,B,68,HIGH,62.8,CLOSED,2025-07-08,2025-08-02,SYNTHETIC / DEMO ONLY. Defensive analytics record.,Command and Control,Data from Local System
THR-2026-00759,Synthetic Phishing Observation,PHISHING,FILE HASH,0694a1af98ea216294013f234035075f3d533221f766e93e94003ce52bee4b84,Security Vendor,B,85,HIGH,67.7,FALSE_POSITIVE,2025-05-04,2025-05-11,SYNTHETIC / DEMO ONLY. Defensive analytics record.,Exfiltration,Data from Local System
THR-2026-00760,Synthetic Social Engineering Observation,SOCIAL ENGINEERING,CVE ID,CVE-2026-1760,Public Threat Feed,B,45,HIGH,61.75,UNDER_REVIEW,2025-01-09,2025-01-22,SYNTHETIC / DEMO ONLY. Defensive analytics record.,Command and Control,Application Layer Protocol
THR-2026-00761,Synthetic Data Exposure Observation,DATA EXPOSURE,IP ADDRESS,192.0.2.254,Community Submission,C,51,MEDIUM,50.7,MONITORING,2025-01-29,2025-02-24,SYNTHETIC / DEMO ONLY. Defensive analytics record.,Discovery,Valid Accounts
THR-2026-00762,Synthetic Vulnerability Exposure Observation,VULNERABILITY EXPOSURE,FILE HASH,e8fc27ac9b72a9e377f3b4095ef7057461fa1107b8941a63b39354a2ef2d3c9f,Research Report,C,73,HIGH,69.7,NEW,2025-03-17,2025-04-11,SYNTHETIC / DEMO ONLY. Defensive analytics record.,Credential Access,Valid Accounts
THR-2026-00763,Synthetic Network Threats Observation,NETWORK THREATS,EMAIL/SENDER DOMAIN,example.org,Community Submission,C,85,HIGH,71.15,CLOSED,2025-11-30,2025-12-17,SYNTHETIC / DEMO ONLY. Defensive analytics record.,Credential Access,Application Layer Protocol
THR-2026-00764,Synthetic Malware Observation,MALWARE,URL,https://example.com/demo/764,Research Report,C,73,MEDIUM,51.2,UNDER_REVIEW,2025-01-21,2025-02-07,SYNTHETIC / DEMO ONLY. Defensive analytics record.,Initial Access,Data from Local System
THR-2026-00765,Synthetic Social Engineering Observation,SOCIAL ENGINEERING,IP ADDRESS,192.0.2.4,Internal SOC,A,84,LOW,54.8,FALSE_POSITIVE,2025-08-05,2025-08-26,SYNTHETIC / DEMO ONLY. Defensive analytics record.,Initial Access,Application Layer Protocol
THR-2026-00766,Synthetic Phishing Observation,PHISHING,URL,https://example.com/demo/766,Security Vendor,B,76,MEDIUM,63.5,FALSE_POSITIVE,2025-11-06,2025-11-10,SYNTHETIC / DEMO ONLY. Defensive analytics record.,Command and Control,Application Layer Protocol
THR-2026-00767,Synthetic Malware Observation,MALWARE,FILE HASH,a0371a8a5046718c939760b778171984977acf93a01356462e50d44d3de52abb,Security Vendor,B,51,CRITICAL,69.6,CLOSED,2025-01-03,2025-01-24,SYNTHETIC / DEMO ONLY. Defensive analytics record.,Credential Access,Data from Local System
THR-2026-00768,Synthetic Account Security Observation,ACCOUNT SECURITY,URL,https://example.com/demo/768,Community Submission,C,93,MEDIUM,58.5,NEW,2025-10-20,2025-11-03,SYNTHETIC / DEMO ONLY. Defensive analytics record.,Command and Control,Data from Local System
THR-2026-00769,Synthetic Credential Threats Observation,CREDENTIAL THREATS,EMAIL/SENDER DOMAIN,example.org,Community Submission,C,97,MEDIUM,74.9,NEW,2025-12-12,2026-01-04,SYNTHETIC / DEMO ONLY. Defensive analytics record.,Discovery,Application Layer Protocol
THR-2026-00770,Synthetic Network Threats Observation,NETWORK THREATS,CVE ID,CVE-2026-1770,Public Threat Feed,B,85,HIGH,75.35,FALSE_POSITIVE,2025-08-27,2025-09-01,SYNTHETIC / DEMO ONLY. Defensive analytics record.,Command and Control,Application Layer Protocol
THR-2026-00771,Synthetic Vulnerability Exposure Observation,VULNERABILITY EXPOSURE,CVE ID,CVE-2026-1771,Community Submission,C,47,LOW,41.5,FALSE_POSITIVE,2025-10-13,2025-10-21,SYNTHETIC / DEMO ONLY. Defensive analytics record.,Discovery,Phishing
THR-2026-00772,Synthetic Credential Threats Observation,CREDENTIAL THREATS,FILE HASH,dcd41028b1a75d723e43a8bb254ab5836c844088c1bc9b6da56ca40b48a89988,Community Submission,C,50,MEDIUM,47.65,MONITORING,2025-04-18,2025-05-12,SYNTHETIC / DEMO ONLY. Defensive analytics record.,Command and Control,Application Layer Protocol
THR-2026-00773,Synthetic Ransomware Observation,RANSOMWARE,URL,https://example.com/demo/773,Internal SOC,A,94,LOW,53.75,CLOSED,2025-06-20,2025-06-30,SYNTHETIC / DEMO ONLY. Defensive analytics record.,Credential Access,Application Layer Protocol
THR-2026-00774,Synthetic Phishing Observation,PHISHING,IP ADDRESS,192.0.2.13,Unknown Source,D,52,MEDIUM,58.05,NEW,2025-05-10,2025-05-12,SYNTHETIC / DEMO ONLY. Defensive analytics record.,Exfiltration,Valid Accounts
THR-2026-00775,Synthetic Social Engineering Observation,SOCIAL ENGINEERING,DOMAIN,demo.invalid,Public Threat Feed,B,55,MEDIUM,52.75,MONITORING,2025-11-11,2025-11-16,SYNTHETIC / DEMO ONLY. Defensive analytics record.,Initial Access,Data from Local System
THR-2026-00776,Synthetic Vulnerability Exposure Observation,VULNERABILITY EXPOSURE,DOMAIN,example.com,Internal SOC,A,69,LOW,55.15,NEW,2025-10-02,2025-10-08,SYNTHETIC / DEMO ONLY. Defensive analytics record.,Exfiltration,Valid Accounts
THR-2026-00777,Synthetic Social Engineering Observation,SOCIAL ENGINEERING,CVE ID,CVE-2026-1777,Unknown Source,D,48,INFORMATIONAL,42.45,NEW,2025-12-06,2025-12-25,SYNTHETIC / DEMO ONLY. Defensive analytics record.,Initial Access,Application Layer Protocol
THR-2026-00778,Synthetic Credential Threats Observation,CREDENTIAL THREATS,DOMAIN,example.net,Security Vendor,B,60,MEDIUM,50.6,MONITORING,2025-12-18,2025-12-18,SYNTHETIC / DEMO ONLY. Defensive analytics record.,Credential Access,Phishing
THR-2026-00779,Synthetic Credential Threats Observation,CREDENTIAL THREATS,IP ADDRESS,192.0.2.18,Unknown Source,D,56,HIGH,59.15,NEW,2025-06-03,2025-06-19,SYNTHETIC / DEMO ONLY. Defensive analytics record.,Discovery,Network Service Discovery
THR-2026-00780,Synthetic Data Exposure Observation,DATA EXPOSURE,CVE ID,CVE-2026-1780,Security Vendor,B,85,LOW,53.9,MONITORING,2025-09-14,2025-09-17,SYNTHETIC / DEMO ONLY. Defensive analytics record.,Discovery,Valid Accounts
THR-2026-00781,Synthetic Phishing Observation,PHISHING,FILE HASH,5fbca406f9fc710d4a81e11c299fa3f8e01564834d904d3a26ad32038f8ce533,Internal SOC,A,84,HIGH,73.5,MONITORING,2025-11-29,2025-12-20,SYNTHETIC / DEMO ONLY. Defensive analytics record.,Exfiltration,Network Service Discovery
THR-2026-00782,Synthetic Phishing Observation,PHISHING,IP ADDRESS,192.0.2.21,Research Report,C,73,HIGH,73.0,FALSE_POSITIVE,2025-01-02,2025-01-19,SYNTHETIC / DEMO ONLY. Defensive analytics record.,Credential Access,Network Service Discovery
THR-2026-00783,Synthetic Malware Observation,MALWARE,EMAIL/SENDER DOMAIN,example.org,Unknown Source,D,84,MEDIUM,61.75,MONITORING,2025-10-04,2025-10-24,SYNTHETIC / DEMO ONLY. Defensive analytics record.,Command and Control,Phishing
THR-2026-00784,Synthetic Network Threats Observation,NETWORK THREATS,IP ADDRESS,192.0.2.23,Community Submission,C,92,HIGH,76.65,NEW,2025-04-19,2025-05-07,SYNTHETIC / DEMO ONLY. Defensive analytics record.,Credential Access,Phishing
THR-2026-00785,Synthetic Account Security Observation,ACCOUNT SECURITY,IP ADDRESS,192.0.2.24,Unknown Source,D,89,MEDIUM,63.1,MONITORING,2025-12-02,2025-12-06,SYNTHETIC / DEMO ONLY. Defensive analytics record.,Command and Control,Network Service Discovery
THR-2026-00786,Synthetic Credential Threats Observation,CREDENTIAL THREATS,DOMAIN,example.net,Unknown Source,D,39,MEDIUM,54.75,MONITORING,2025-07-17,2025-07-21,SYNTHETIC / DEMO ONLY. Defensive analytics record.,Discovery,Phishing
THR-2026-00787,Synthetic Data Exposure Observation,DATA EXPOSURE,FILE HASH,b169f1847bc54d479eb32b09d07157ff3ba0f9fa2ec4604763db8caac3af61c0,Public Threat Feed,B,38,HIGH,59.6,FALSE_POSITIVE,2025-08-30,2025-09-05,SYNTHETIC / DEMO ONLY. Defensive analytics record.,Initial Access,Valid Accounts
THR-2026-00788,Synthetic Credential Threats Observation,CREDENTIAL THREATS,EMAIL/SENDER DOMAIN,example.com,Community Submission,C,76,HIGH,72.4,CLOSED,2025-12-29,2025-12-31,SYNTHETIC / DEMO ONLY. Defensive analytics record.,Initial Access,Valid Accounts
THR-2026-00789,Synthetic Phishing Observation,PHISHING,CVE ID,CVE-2026-1789,Security Vendor,B,51,CRITICAL,67.05,UNDER_REVIEW,2025-03-26,2025-04-21,SYNTHETIC / DEMO ONLY. Defensive analytics record.,Credential Access,Data from Local System
THR-2026-00790,Synthetic Malware Observation,MALWARE,FILE HASH,d1b5f4ccdca57860abcf49ccd2110c5586f6e820029b174994a8b0e12b481deb,Public Threat Feed,B,56,HIGH,66.35,FALSE_POSITIVE,2025-05-29,2025-06-03,SYNTHETIC / DEMO ONLY. Defensive analytics record.,Credential Access,Network Service Discovery
THR-2026-00791,Synthetic Web Threats Observation,WEB THREATS,EMAIL/SENDER DOMAIN,example.org,Unknown Source,D,60,MEDIUM,54.15,CLOSED,2025-07-01,2025-07-13,SYNTHETIC / DEMO ONLY. Defensive analytics record.,Credential Access,Application Layer Protocol
THR-2026-00792,Synthetic Social Engineering Observation,SOCIAL ENGINEERING,FILE HASH,7895670c891827c6bf332b8d1a4c119efc5248ff99cdfd0f5848d9110af1f8c7,Unknown Source,D,90,MEDIUM,58.85,NEW,2025-06-20,2025-07-03,SYNTHETIC / DEMO ONLY. Defensive analytics record.,Discovery,Data from Local System
THR-2026-00793,Synthetic Data Exposure Observation,DATA EXPOSURE,DOMAIN,example.org,Security Vendor,B,67,MEDIUM,64.5,CLOSED,2025-05-14,2025-05-23,SYNTHETIC / DEMO ONLY. Defensive analytics record.,Exfiltration,Data from Local System
THR-2026-00794,Synthetic Social Engineering Observation,SOCIAL ENGINEERING,IP ADDRESS,192.0.2.33,Unknown Source,D,95,MEDIUM,57.0,FALSE_POSITIVE,2025-12-30,2025-12-30,SYNTHETIC / DEMO ONLY. Defensive analytics record.,Discovery,Application Layer Protocol
THR-2026-00795,Synthetic Vulnerability Exposure Observation,VULNERABILITY EXPOSURE,FILE HASH,2514b4c48e82f4fcb609695f9269484015eb7cf334c54fad435f2c7f588ee34a,Unknown Source,D,82,CRITICAL,78.2,NEW,2025-02-07,2025-02-25,SYNTHETIC / DEMO ONLY. Defensive analytics record.,Command and Control,Phishing
THR-2026-00796,Synthetic Malware Observation,MALWARE,FILE HASH,bdd8dceda789d22b036ad479554fdcd654244b43889ede70fbf7a49a413eeec0,Security Vendor,B,59,CRITICAL,72.45,CLOSED,2025-04-16,2025-05-08,SYNTHETIC / DEMO ONLY. Defensive analytics record.,Discovery,Phishing
THR-2026-00797,Synthetic Vulnerability Exposure Observation,VULNERABILITY EXPOSURE,FILE HASH,9c1c905652fd00defcea9800e3284d26f9798478413c03787faaba60acea9c2f,Security Vendor,B,96,HIGH,75.4,NEW,2025-01-05,2025-01-26,SYNTHETIC / DEMO ONLY. Defensive analytics record.,Credential Access,Network Service Discovery
THR-2026-00798,Synthetic Account Security Observation,ACCOUNT SECURITY,FILE HASH,016358e6068265e1a7ec5c737b8ce45d408a279465aced29f7dc22e85a0c8ec7,Security Vendor,B,67,CRITICAL,81.2,UNDER_REVIEW,2025-01-27,2025-02-22,SYNTHETIC / DEMO ONLY. Defensive analytics record.,Initial Access,Phishing
THR-2026-00799,Synthetic Malware Observation,MALWARE,CVE ID,CVE-2026-1799,Research Report,C,85,HIGH,77.5,UNDER_REVIEW,2025-04-11,2025-05-10,SYNTHETIC / DEMO ONLY. Defensive analytics record.,Command and Control,Valid Accounts
THR-2026-00800,Synthetic Vulnerability Exposure Observation,VULNERABILITY EXPOSURE,URL,https://example.com/demo/800,Community Submission,C,83,HIGH,75.8,FALSE_POSITIVE,2025-11-17,2025-11-20,SYNTHETIC / DEMO ONLY. Defensive analytics record.,Discovery,Valid Accounts
THR-2026-00801,Synthetic Web Threats Observation,WEB THREATS,CVE ID,CVE-2026-1801,Unknown Source,D,85,LOW,53.6,CLOSED,2025-10-07,2025-11-02,SYNTHETIC / DEMO ONLY. Defensive analytics record.,Initial Access,Phishing
THR-2026-00802,Synthetic Malware Observation,MALWARE,CVE ID,CVE-2026-1802,Research Report,C,71,MEDIUM,64.6,UNDER_REVIEW,2025-10-03,2025-10-14,SYNTHETIC / DEMO ONLY. Defensive analytics record.,Credential Access,Valid Accounts
THR-2026-00803,Synthetic Social Engineering Observation,SOCIAL ENGINEERING,DOMAIN,demo.invalid,Internal SOC,A,92,MEDIUM,68.85,UNDER_REVIEW,2025-09-21,2025-09-22,SYNTHETIC / DEMO ONLY. Defensive analytics record.,Credential Access,Network Service Discovery
THR-2026-00804,Synthetic Vulnerability Exposure Observation,VULNERABILITY EXPOSURE,FILE HASH,e6b59c51d0711f8df3ba96e653260615756bdc021060bdb15dfc6b6ae3ca815a,Community Submission,C,48,HIGH,60.15,CLOSED,2025-08-04,2025-08-06,SYNTHETIC / DEMO ONLY. Defensive analytics record.,Initial Access,Network Service Discovery
THR-2026-00805,Synthetic Malware Observation,MALWARE,URL,https://example.com/demo/805,Security Vendor,B,96,INFORMATIONAL,49.9,NEW,2025-12-01,2025-12-09,SYNTHETIC / DEMO ONLY. Defensive analytics record.,Exfiltration,Phishing
THR-2026-00806,Synthetic Malware Observation,MALWARE,DOMAIN,example.net,Internal SOC,A,83,MEDIUM,73.55,MONITORING,2025-04-28,2025-05-13,SYNTHETIC / DEMO ONLY. Defensive analytics record.,Exfiltration,Application Layer Protocol
THR-2026-00807,Synthetic Network Threats Observation,NETWORK THREATS,URL,https://example.com/demo/807,Public Threat Feed,B,75,HIGH,70.25,NEW,2025-06-22,2025-07-11,SYNTHETIC / DEMO ONLY. Defensive analytics record.,Discovery,Network Service Discovery
THR-2026-00808,Synthetic Malware Observation,MALWARE,IP ADDRESS,192.0.2.47,Unknown Source,D,86,MEDIUM,58.35,FALSE_POSITIVE,2025-02-27,2025-03-02,SYNTHETIC / DEMO ONLY. Defensive analytics record.,Discovery,Valid Accounts
THR-2026-00809,Synthetic Network Threats Observation,NETWORK THREATS,FILE HASH,933480426a2a79c03d9287bb9aade895d444c06dd90db5f237645b84cccbd81a,Unknown Source,D,95,HIGH,74.45,MONITORING,2025-12-31,2026-01-20,SYNTHETIC / DEMO ONLY. Defensive analytics record.,Initial Access,Network Service Discovery
THR-2026-00810,Synthetic Phishing Observation,PHISHING,CVE ID,CVE-2026-1810,Research Report,C,64,MEDIUM,66.9,NEW,2025-02-22,2025-03-19,SYNTHETIC / DEMO ONLY. Defensive analytics record.,Discovery,Application Layer Protocol
THR-2026-00811,Synthetic Social Engineering Observation,SOCIAL ENGINEERING,CVE ID,CVE-2026-1811,Internal SOC,A,84,HIGH,76.95,FALSE_POSITIVE,2025-01-02,2025-01-06,SYNTHETIC / DEMO ONLY. Defensive analytics record.,Exfiltration,Data from Local System
THR-2026-00812,Synthetic Phishing Observation,PHISHING,DOMAIN,example.com,Internal SOC,A,73,MEDIUM,74.15,CLOSED,2025-10-07,2025-11-04,SYNTHETIC / DEMO ONLY. Defensive analytics record.,Initial Access,Application Layer Protocol
THR-2026-00813,Synthetic Data Exposure Observation,DATA EXPOSURE,DOMAIN,example.org,Security Vendor,B,46,LOW,42.55,MONITORING,2025-10-11,2025-11-09,SYNTHETIC / DEMO ONLY. Defensive analytics record.,Command and Control,Network Service Discovery
THR-2026-00814,Synthetic Credential Threats Observation,CREDENTIAL THREATS,CVE ID,CVE-2026-1814,Research Report,C,50,MEDIUM,58.35,CLOSED,2025-02-11,2025-03-06,SYNTHETIC / DEMO ONLY. Defensive analytics record.,Initial Access,Network Service Discovery
THR-2026-00815,Synthetic Credential Threats Observation,CREDENTIAL THREATS,EMAIL/SENDER DOMAIN,example.org,Community Submission,C,43,HIGH,66.0,FALSE_POSITIVE,2025-06-20,2025-07-10,SYNTHETIC / DEMO ONLY. Defensive analytics record.,Command and Control,Valid Accounts
THR-2026-00816,Synthetic Credential Threats Observation,CREDENTIAL THREATS,URL,https://example.com/demo/816,Internal SOC,A,49,LOW,50.2,NEW,2025-09-27,2025-10-20,SYNTHETIC / DEMO ONLY. Defensive analytics record.,Exfiltration,Network Service Discovery
THR-2026-00817,Synthetic Ransomware Observation,RANSOMWARE,URL,https://example.com/demo/817,Community Submission,C,35,CRITICAL,62.3,CLOSED,2025-04-02,2025-04-08,SYNTHETIC / DEMO ONLY. Defensive analytics record.,Command and Control,Network Service Discovery
THR-2026-00818,Synthetic Network Threats Observation,NETWORK THREATS,CVE ID,CVE-2026-1818,Security Vendor,B,63,CRITICAL,66.85,CLOSED,2025-04-01,2025-04-28,SYNTHETIC / DEMO ONLY. Defensive analytics record.,Discovery,Valid Accounts
THR-2026-00819,Synthetic Web Threats Observation,WEB THREATS,DOMAIN,demo.invalid,Research Report,C,53,MEDIUM,56.95,NEW,2025-01-26,2025-02-22,SYNTHETIC / DEMO ONLY. Defensive analytics record.,Exfiltration,Network Service Discovery
THR-2026-00820,Synthetic Web Threats Observation,WEB THREATS,EMAIL/SENDER DOMAIN,example.com,Internal SOC,A,70,CRITICAL,87.55,UNDER_REVIEW,2025-02-12,2025-03-10,SYNTHETIC / DEMO ONLY. Defensive analytics record.,Command and Control,Network Service Discovery
THR-2026-00821,Synthetic Vulnerability Exposure Observation,VULNERABILITY EXPOSURE,IP ADDRESS,192.0.2.60,Public Threat Feed,B,54,CRITICAL,71.7,NEW,2025-01-08,2025-01-31,SYNTHETIC / DEMO ONLY. Defensive analytics record.,Credential Access,Application Layer Protocol
THR-2026-00822,Synthetic Vulnerability Exposure Observation,VULNERABILITY EXPOSURE,URL,https://example.com/demo/822,Unknown Source,D,55,CRITICAL,67.75,CLOSED,2025-07-13,2025-07-26,SYNTHETIC / DEMO ONLY. Defensive analytics record.,Discovery,Application Layer Protocol
THR-2026-00823,Synthetic Vulnerability Exposure Observation,VULNERABILITY EXPOSURE,IP ADDRESS,192.0.2.62,Public Threat Feed,B,71,MEDIUM,66.35,UNDER_REVIEW,2025-06-14,2025-06-17,SYNTHETIC / DEMO ONLY. Defensive analytics record.,Discovery,Data from Local System
THR-2026-00824,Synthetic Phishing Observation,PHISHING,CVE ID,CVE-2026-1824,Unknown Source,D,55,MEDIUM,55.9,MONITORING,2025-01-10,2025-01-25,SYNTHETIC / DEMO ONLY. Defensive analytics record.,Credential Access,Valid Accounts
THR-2026-00825,Synthetic Credential Threats Observation,CREDENTIAL THREATS,CVE ID,CVE-2026-1825,Unknown Source,D,36,LOW,43.75,UNDER_REVIEW,2025-01-19,2025-02-13,SYNTHETIC / DEMO ONLY. Defensive analytics record.,Command and Control,Application Layer Protocol
THR-2026-00826,Synthetic Ransomware Observation,RANSOMWARE,IP ADDRESS,192.0.2.65,Research Report,C,57,LOW,43.0,FALSE_POSITIVE,2025-02-03,2025-02-13,SYNTHETIC / DEMO ONLY. Defensive analytics record.,Command and Control,Valid Accounts
THR-2026-00827,Synthetic Vulnerability Exposure Observation,VULNERABILITY EXPOSURE,DOMAIN,demo.invalid,Security Vendor,B,85,INFORMATIONAL,58.55,CLOSED,2025-10-05,2025-10-25,SYNTHETIC / DEMO ONLY. Defensive analytics record.,Initial Access,Application Layer Protocol
THR-2026-00828,Synthetic Vulnerability Exposure Observation,VULNERABILITY EXPOSURE,URL,https://example.com/demo/828,Research Report,C,82,HIGH,59.15,CLOSED,2025-11-20,2025-11-23,SYNTHETIC / DEMO ONLY. Defensive analytics record.,Exfiltration,Valid Accounts
THR-2026-00829,Synthetic Phishing Observation,PHISHING,EMAIL/SENDER DOMAIN,example.org,Community Submission,C,96,MEDIUM,64.8,CLOSED,2025-10-01,2025-10-13,SYNTHETIC / DEMO ONLY. Defensive analytics record.,Command and Control,Network Service Discovery
THR-2026-00830,Synthetic Account Security Observation,ACCOUNT SECURITY,DOMAIN,example.net,Internal SOC,A,58,LOW,48.8,FALSE_POSITIVE,2025-03-23,2025-04-18,SYNTHETIC / DEMO ONLY. Defensive analytics record.,Exfiltration,Application Layer Protocol
THR-2026-00831,Synthetic Malware Observation,MALWARE,EMAIL/SENDER DOMAIN,example.org,Community Submission,C,50,HIGH,55.05,UNDER_REVIEW,2025-03-01,2025-03-23,SYNTHETIC / DEMO ONLY. Defensive analytics record.,Initial Access,Data from Local System
THR-2026-00832,Synthetic Social Engineering Observation,SOCIAL ENGINEERING,URL,https://example.com/demo/832,Security Vendor,B,61,LOW,49.85,NEW,2025-03-20,2025-03-28,SYNTHETIC / DEMO ONLY. Defensive analytics record.,Initial Access,Phishing
THR-2026-00833,Synthetic Data Exposure Observation,DATA EXPOSURE,URL,https://example.com/demo/833,Community Submission,C,56,MEDIUM,50.6,FALSE_POSITIVE,2025-08-01,2025-08-02,SYNTHETIC / DEMO ONLY. Defensive analytics record.,Discovery,Data from Local System
THR-2026-00834,Synthetic Social Engineering Observation,SOCIAL ENGINEERING,DOMAIN,example.net,Unknown Source,D,75,MEDIUM,66.2,UNDER_REVIEW,2025-04-01,2025-04-17,SYNTHETIC / DEMO ONLY. Defensive analytics record.,Initial Access,Phishing
THR-2026-00835,Synthetic Credential Threats Observation,CREDENTIAL THREATS,IP ADDRESS,192.0.2.74,Public Threat Feed,B,62,LOW,57.55,MONITORING,2025-09-13,2025-10-01,SYNTHETIC / DEMO ONLY. Defensive analytics record.,Discovery,Valid Accounts
THR-2026-00836,Synthetic Account Security Observation,ACCOUNT SECURITY,FILE HASH,69c7b1cd72b7d4a8bb1f6efc9c61c46bd2d40d6bb0e638a7f9eb843ed0747562,Public Threat Feed,B,68,LOW,52.6,MONITORING,2025-05-13,2025-05-15,SYNTHETIC / DEMO ONLY. Defensive analytics record.,Command and Control,Valid Accounts
THR-2026-00837,Synthetic Data Exposure Observation,DATA EXPOSURE,DOMAIN,example.org,Unknown Source,D,69,LOW,52.05,FALSE_POSITIVE,2025-03-19,2025-04-09,SYNTHETIC / DEMO ONLY. Defensive analytics record.,Exfiltration,Valid Accounts
THR-2026-00838,Synthetic Vulnerability Exposure Observation,VULNERABILITY EXPOSURE,DOMAIN,example.net,Research Report,C,83,MEDIUM,62.9,NEW,2025-11-23,2025-12-01,SYNTHETIC / DEMO ONLY. Defensive analytics record.,Exfiltration,Phishing
THR-2026-00839,Synthetic Data Exposure Observation,DATA EXPOSURE,FILE HASH,4e0088a9a329e637a0291d8b8c9bd6a4f78468a30a3c47fa25ad9d14f5735933,Unknown Source,D,46,LOW,43.7,UNDER_REVIEW,2025-10-19,2025-11-15,SYNTHETIC / DEMO ONLY. Defensive analytics record.,Discovery,Phishing
THR-2026-00840,Synthetic Malware Observation,MALWARE,FILE HASH,39b2d073cd7cec1669478f6dbc2efd271278e8ffe00f4c3494d877468497158a,Security Vendor,B,83,CRITICAL,68.7,MONITORING,2025-04-07,2025-04-30,SYNTHETIC / DEMO ONLY. Defensive analytics record.,Exfiltration,Application Layer Protocol
THR-2026-00841,Synthetic Malware Observation,MALWARE,EMAIL/SENDER DOMAIN,example.org,Community Submission,C,71,MEDIUM,66.05,NEW,2025-11-12,2025-12-10,SYNTHETIC / DEMO ONLY. Defensive analytics record.,Credential Access,Network Service Discovery
THR-2026-00842,Synthetic Vulnerability Exposure Observation,VULNERABILITY EXPOSURE,DOMAIN,example.net,Unknown Source,D,86,MEDIUM,66.35,FALSE_POSITIVE,2025-08-22,2025-08-22,SYNTHETIC / DEMO ONLY. Defensive analytics record.,Credential Access,Valid Accounts
THR-2026-00843,Synthetic Ransomware Observation,RANSOMWARE,FILE HASH,614c304f7d8c73a144d1ca294632a2d9f081edbbc73fd9b4f9a662c97b2324e7,Public Threat Feed,B,41,MEDIUM,58.4,CLOSED,2025-01-19,2025-02-07,SYNTHETIC / DEMO ONLY. Defensive analytics record.,Command and Control,Valid Accounts
THR-2026-00844,Synthetic Social Engineering Observation,SOCIAL ENGINEERING,URL,https://example.com/demo/844,Community Submission,C,71,HIGH,71.45,NEW,2025-09-06,2025-09-15,SYNTHETIC / DEMO ONLY. Defensive analytics record.,Discovery,Application Layer Protocol
THR-2026-00845,Synthetic Network Threats Observation,NETWORK THREATS,IP ADDRESS,192.0.2.84,Internal SOC,A,65,HIGH,65.7,MONITORING,2025-12-03,2025-12-05,SYNTHETIC / DEMO ONLY. Defensive analytics record.,Exfiltration,Application Layer Protocol
THR-2026-00846,Synthetic Phishing Observation,PHISHING,FILE HASH,7d5de8eab30cb63b031689c844e4c0a9e537e7c492c48ac62cb94a17aa5ff484,Unknown Source,D,52,HIGH,68.45,FALSE_POSITIVE,2025-01-16,2025-02-06,SYNTHETIC / DEMO ONLY. Defensive analytics record.,Initial Access,Application Layer Protocol
THR-2026-00847,Synthetic Phishing Observation,PHISHING,EMAIL/SENDER DOMAIN,example.org,Unknown Source,D,35,LOW,50.15,FALSE_POSITIVE,2025-07-09,2025-07-16,SYNTHETIC / DEMO ONLY. Defensive analytics record.,Exfiltration,Phishing
THR-2026-00848,Synthetic Account Security Observation,ACCOUNT SECURITY,FILE HASH,dae46be78c66d010240566a0f8711bb9f72d018c17cc02c774d5bbc0014630a5,Unknown Source,D,63,CRITICAL,62.2,MONITORING,2025-10-25,2025-11-10,SYNTHETIC / DEMO ONLY. Defensive analytics record.,Initial Access,Application Layer Protocol
THR-2026-00849,Synthetic Social Engineering Observation,SOCIAL ENGINEERING,FILE HASH,3b9c2f86ea3f0939b4361c6a4ca2042b0eeb2772773778ed740bdf4d78cdd7f6,Internal SOC,A,78,LOW,63.05,MONITORING,2025-11-02,2025-11-11,SYNTHETIC / DEMO ONLY. Defensive analytics record.,Command and Control,Network Service Discovery
THR-2026-00850,Synthetic Web Threats Observation,WEB THREATS,DOMAIN,example.net,Unknown Source,D,85,INFORMATIONAL,49.6,CLOSED,2025-12-14,2026-01-12,SYNTHETIC / DEMO ONLY. Defensive analytics record.,Exfiltration,Application Layer Protocol
THR-2026-00851,Synthetic Phishing Observation,PHISHING,URL,https://example.com/demo/851,Research Report,C,77,INFORMATIONAL,46.8,UNDER_REVIEW,2025-12-30,2026-01-10,SYNTHETIC / DEMO ONLY. Defensive analytics record.,Command and Control,Network Service Discovery
THR-2026-00852,Synthetic Phishing Observation,PHISHING,IP ADDRESS,192.0.2.91,Security Vendor,B,45,MEDIUM,59.9,CLOSED,2025-06-05,2025-06-08,SYNTHETIC / DEMO ONLY. Defensive analytics record.,Initial Access,Valid Accounts
THR-2026-00853,Synthetic Web Threats Observation,WEB THREATS,DOMAIN,example.org,Public Threat Feed,B,73,MEDIUM,62.65,MONITORING,2025-04-02,2025-04-27,SYNTHETIC / DEMO ONLY. Defensive analytics record.,Initial Access,Application Layer Protocol
THR-2026-00854,Synthetic Social Engineering Observation,SOCIAL ENGINEERING,DOMAIN,example.net,Unknown Source,D,90,LOW,49.25,MONITORING,2025-11-06,2025-11-12,SYNTHETIC / DEMO ONLY. Defensive analytics record.,Initial Access,Valid Accounts
THR-2026-00855,Synthetic Vulnerability Exposure Observation,VULNERABILITY EXPOSURE,FILE HASH,179aba4e46710a052a30dcba133babecc813ed8f09e947732a41ebd1a509d850,Internal SOC,A,55,HIGH,70.6,NEW,2025-01-26,2025-02-03,SYNTHETIC / DEMO ONLY. Defensive analytics record.,Command and Control,Application Layer Protocol
THR-2026-00856,Synthetic Data Exposure Observation,DATA EXPOSURE,FILE HASH,9467b136f1b2883c2ec6cd4a998440ef0ecd974db3a432c77626286a85b0c91b,Unknown Source,D,51,HIGH,64.3,NEW,2025-06-16,2025-06-20,SYNTHETIC / DEMO ONLY. Defensive analytics record.,Initial Access,Phishing
THR-2026-00857,Synthetic Ransomware Observation,RANSOMWARE,DOMAIN,example.org,Internal SOC,A,65,MEDIUM,58.6,NEW,2025-03-02,2025-03-25,SYNTHETIC / DEMO ONLY. Defensive analytics record.,Command and Control,Application Layer Protocol
THR-2026-00858,Synthetic Web Threats Observation,WEB THREATS,URL,https://example.com/demo/858,Research Report,C,66,MEDIUM,62.35,MONITORING,2025-09-28,2025-10-05,SYNTHETIC / DEMO ONLY. Defensive analytics record.,Initial Access,Network Service Discovery
THR-2026-00859,Synthetic Credential Threats Observation,CREDENTIAL THREATS,CVE ID,CVE-2026-1859,Security Vendor,B,95,HIGH,77.6,UNDER_REVIEW,2025-02-23,2025-02-28,SYNTHETIC / DEMO ONLY. Defensive analytics record.,Exfiltration,Valid Accounts
THR-2026-00860,Synthetic Credential Threats Observation,CREDENTIAL THREATS,IP ADDRESS,192.0.2.99,Internal SOC,A,70,LOW,51.6,UNDER_REVIEW,2025-12-23,2026-01-11,SYNTHETIC / DEMO ONLY. Defensive analytics record.,Initial Access,Phishing
THR-2026-00861,Synthetic Vulnerability Exposure Observation,VULNERABILITY EXPOSURE,FILE HASH,49fb7e968781ac2c6ebc4778423f5f7a9a316eaed87f72b4b5cdace45701c3f1,Unknown Source,D,64,MEDIUM,55.85,FALSE_POSITIVE,2025-05-01,2025-05-02,SYNTHETIC / DEMO ONLY. Defensive analytics record.,Command and Control,Phishing
THR-2026-00862,Synthetic Web Threats Observation,WEB THREATS,IP ADDRESS,192.0.2.101,Public Threat Feed,B,79,MEDIUM,68.8,NEW,2025-07-22,2025-08-19,SYNTHETIC / DEMO ONLY. Defensive analytics record.,Credential Access,Phishing
THR-2026-00863,Synthetic Phishing Observation,PHISHING,IP ADDRESS,192.0.2.102,Public Threat Feed,B,62,HIGH,68.5,CLOSED,2025-02-25,2025-02-28,SYNTHETIC / DEMO ONLY. Defensive analytics record.,Credential Access,Network Service Discovery
THR-2026-00864,Synthetic Social Engineering Observation,SOCIAL ENGINEERING,URL,https://example.com/demo/864,Internal SOC,A,47,MEDIUM,58.4,MONITORING,2025-10-27,2025-11-06,SYNTHETIC / DEMO ONLY. Defensive analytics record.,Discovery,Data from Local System
THR-2026-00865,Synthetic Data Exposure Observation,DATA EXPOSURE,EMAIL/SENDER DOMAIN,example.org,Unknown Source,D,70,MEDIUM,61.5,NEW,2025-11-18,2025-12-16,SYNTHETIC / DEMO ONLY. Defensive analytics record.,Credential Access,Data from Local System
THR-2026-00866,Synthetic Malware Observation,MALWARE,IP ADDRESS,192.0.2.105,Unknown Source,D,59,MEDIUM,52.5,FALSE_POSITIVE,2025-11-24,2025-12-24,SYNTHETIC / DEMO ONLY. Defensive analytics record.,Exfiltration,Network Service Discovery
THR-2026-00867,Synthetic Web Threats Observation,WEB THREATS,CVE ID,CVE-2026-1867,Security Vendor,B,54,MEDIUM,47.3,MONITORING,2025-06-01,2025-06-18,SYNTHETIC / DEMO ONLY. Defensive analytics record.,Exfiltration,Network Service Discovery
THR-2026-00868,Synthetic Network Threats Observation,NETWORK THREATS,FILE HASH,ee9127b55105dc897f710a0892a7394f2783ef76fe19636b6e039536751e2e85,Internal SOC,A,90,HIGH,75.95,FALSE_POSITIVE,2025-04-08,2025-05-07,SYNTHETIC / DEMO ONLY. Defensive analytics record.,Initial Access,Valid Accounts
THR-2026-00869,Synthetic Account Security Observation,ACCOUNT SECURITY,URL,https://example.com/demo/869,Security Vendor,B,72,HIGH,66.0,CLOSED,2025-01-11,2025-01-17,SYNTHETIC / DEMO ONLY. Defensive analytics record.,Command and Control,Data from Local System
THR-2026-00870,Synthetic Data Exposure Observation,DATA EXPOSURE,IP ADDRESS,192.0.2.109,Community Submission,C,84,LOW,61.45,UNDER_REVIEW,2025-02-25,2025-03-05,SYNTHETIC / DEMO ONLY. Defensive analytics record.,Credential Access,Phishing
THR-2026-00871,Synthetic Ransomware Observation,RANSOMWARE,EMAIL/SENDER DOMAIN,example.org,Unknown Source,D,36,LOW,49.6,FALSE_POSITIVE,2025-01-04,2025-01-27,SYNTHETIC / DEMO ONLY. Defensive analytics record.,Discovery,Network Service Discovery
THR-2026-00872,Synthetic Credential Threats Observation,CREDENTIAL THREATS,URL,https://example.com/demo/872,Community Submission,C,50,HIGH,54.2,MONITORING,2025-04-03,2025-04-10,SYNTHETIC / DEMO ONLY. Defensive analytics record.,Initial Access,Valid Accounts
THR-2026-00873,Synthetic Web Threats Observation,WEB THREATS,DOMAIN,example.org,Internal SOC,A,66,MEDIUM,61.6,MONITORING,2026-01-01,2026-01-21,SYNTHETIC / DEMO ONLY. Defensive analytics record.,Exfiltration,Network Service Discovery
THR-2026-00874,Synthetic Network Threats Observation,NETWORK THREATS,IP ADDRESS,192.0.2.113,Community Submission,C,68,CRITICAL,74.75,MONITORING,2025-02-22,2025-03-03,SYNTHETIC / DEMO ONLY. Defensive analytics record.,Initial Access,Phishing
THR-2026-00875,Synthetic Network Threats Observation,NETWORK THREATS,DOMAIN,demo.invalid,Public Threat Feed,B,57,HIGH,61.85,FALSE_POSITIVE,2025-01-30,2025-02-26,SYNTHETIC / DEMO ONLY. Defensive analytics record.,Initial Access,Application Layer Protocol
THR-2026-00876,Synthetic Web Threats Observation,WEB THREATS,CVE ID,CVE-2026-1876,Community Submission,C,61,HIGH,65.55,FALSE_POSITIVE,2025-08-17,2025-08-23,SYNTHETIC / DEMO ONLY. Defensive analytics record.,Command and Control,Valid Accounts
THR-2026-00877,Synthetic Social Engineering Observation,SOCIAL ENGINEERING,DOMAIN,example.org,Research Report,C,82,HIGH,67.75,CLOSED,2025-04-23,2025-04-28,SYNTHETIC / DEMO ONLY. Defensive analytics record.,Credential Access,Valid Accounts
THR-2026-00878,Synthetic Credential Threats Observation,CREDENTIAL THREATS,EMAIL/SENDER DOMAIN,example.com,Unknown Source,D,58,MEDIUM,54.1,UNDER_REVIEW,2025-07-27,2025-08-01,SYNTHETIC / DEMO ONLY. Defensive analytics record.,Command and Control,Data from Local System
THR-2026-00879,Synthetic Credential Threats Observation,CREDENTIAL THREATS,IP ADDRESS,192.0.2.118,Research Report,C,66,LOW,52.35,NEW,2025-04-07,2025-04-11,SYNTHETIC / DEMO ONLY. Defensive analytics record.,Exfiltration,Phishing
THR-2026-00880,Synthetic Vulnerability Exposure Observation,VULNERABILITY EXPOSURE,FILE HASH,aaab2d199110f539b0b5b5923aaaccfb103af29f2075b9a69cc9d41cb258938b,Internal SOC,A,40,INFORMATIONAL,36.15,FALSE_POSITIVE,2025-08-17,2025-08-21,SYNTHETIC / DEMO ONLY. Defensive analytics record.,Initial Access,Phishing
THR-2026-00881,Synthetic Malware Observation,MALWARE,EMAIL/SENDER DOMAIN,example.org,Public Threat Feed,B,45,HIGH,59.4,CLOSED,2025-03-19,2025-04-16,SYNTHETIC / DEMO ONLY. Defensive analytics record.,Credential Access,Network Service Discovery
THR-2026-00882,Synthetic Network Threats Observation,NETWORK THREATS,FILE HASH,948f4ae7a854bcf073a4cd32de740a9214d1d7bc14f1e783a587cace1802dcdd,Internal SOC,A,69,LOW,61.1,NEW,2025-12-22,2026-01-17,SYNTHETIC / DEMO ONLY. Defensive analytics record.,Initial Access,Data from Local System
THR-2026-00883,Synthetic Web Threats Observation,WEB THREATS,IP ADDRESS,192.0.2.122,Research Report,C,53,MEDIUM,45.25,CLOSED,2025-09-07,2025-09-20,SYNTHETIC / DEMO ONLY. Defensive analytics record.,Credential Access,Network Service Discovery
THR-2026-00884,Synthetic Web Threats Observation,WEB THREATS,DOMAIN,example.com,Unknown Source,D,84,CRITICAL,76.8,UNDER_REVIEW,2025-10-07,2025-10-10,SYNTHETIC / DEMO ONLY. Defensive analytics record.,Initial Access,Network Service Discovery
THR-2026-00885,Synthetic Network Threats Observation,NETWORK THREATS,IP ADDRESS,192.0.2.124,Internal SOC,A,81,HIGH,67.7,CLOSED,2025-10-16,2025-10-21,SYNTHETIC / DEMO ONLY. Defensive analytics record.,Exfiltration,Network Service Discovery
THR-2026-00886,Synthetic Account Security Observation,ACCOUNT SECURITY,DOMAIN,example.net,Security Vendor,B,73,HIGH,73.55,CLOSED,2025-11-09,2025-11-17,SYNTHETIC / DEMO ONLY. Defensive analytics record.,Discovery,Network Service Discovery
THR-2026-00887,Synthetic Malware Observation,MALWARE,IP ADDRESS,192.0.2.126,Security Vendor,B,53,HIGH,62.35,CLOSED,2025-05-18,2025-06-10,SYNTHETIC / DEMO ONLY. Defensive analytics record.,Initial Access,Phishing
THR-2026-00888,Synthetic Account Security Observation,ACCOUNT SECURITY,FILE HASH,dc1048db1d53967777a0644e6976443abed982dba4115d2501cbd7beb41d20cc,Public Threat Feed,B,53,CRITICAL,64.5,CLOSED,2025-09-30,2025-10-24,SYNTHETIC / DEMO ONLY. Defensive analytics record.,Discovery,Network Service Discovery
THR-2026-00889,Synthetic Social Engineering Observation,SOCIAL ENGINEERING,FILE HASH,72352521b0605c22bab9f9e8958866990568fd4c7079c2547aadd12d441c2be7,Research Report,C,77,MEDIUM,58.3,CLOSED,2025-06-01,2025-06-18,SYNTHETIC / DEMO ONLY. Defensive analytics record.,Exfiltration,Data from Local System
THR-2026-00890,Synthetic Social Engineering Observation,SOCIAL ENGINEERING,EMAIL/SENDER DOMAIN,example.com,Security Vendor,B,84,MEDIUM,67.4,UNDER_REVIEW,2025-04-07,2025-04-25,SYNTHETIC / DEMO ONLY. Defensive analytics record.,Initial Access,Valid Accounts
THR-2026-00891,Synthetic Network Threats Observation,NETWORK THREATS,IP ADDRESS,192.0.2.130,Internal SOC,A,81,LOW,61.95,MONITORING,2025-11-06,2025-11-07,SYNTHETIC / DEMO ONLY. Defensive analytics record.,Discovery,Valid Accounts
THR-2026-00892,Synthetic Web Threats Observation,WEB THREATS,FILE HASH,8015f8b547de34d4d8e012d2e15c4cdb83912388c50415e0c9d61dbd5b358b9e,Community Submission,C,88,LOW,51.7,UNDER_REVIEW,2025-12-04,2025-12-27,SYNTHETIC / DEMO ONLY. Defensive analytics record.,Initial Access,Valid Accounts
THR-2026-00893,Synthetic Vulnerability Exposure Observation,VULNERABILITY EXPOSURE,CVE ID,CVE-2026-1893,Research Report,C,82,INFORMATIONAL,45.35,FALSE_POSITIVE,2025-11-25,2025-12-10,SYNTHETIC / DEMO ONLY. Defensive analytics record.,Credential Access,Phishing
THR-2026-00894,Synthetic Ransomware Observation,RANSOMWARE,URL,https://example.com/demo/894,Security Vendor,B,44,LOW,48.6,UNDER_REVIEW,2025-10-17,2025-11-10,SYNTHETIC / DEMO ONLY. Defensive analytics record.,Command and Control,Valid Accounts
THR-2026-00895,Synthetic Data Exposure Observation,DATA EXPOSURE,CVE ID,CVE-2026-1895,Research Report,C,87,CRITICAL,83.8,NEW,2025-02-05,2025-02-27,SYNTHETIC / DEMO ONLY. Defensive analytics record.,Discovery,Phishing
THR-2026-00896,Synthetic Ransomware Observation,RANSOMWARE,IP ADDRESS,192.0.2.135,Internal SOC,A,57,HIGH,63.35,CLOSED,2025-06-13,2025-07-09,SYNTHETIC / DEMO ONLY. Defensive analytics record.,Command and Control,Data from Local System
THR-2026-00897,Synthetic Web Threats Observation,WEB THREATS,EMAIL/SENDER DOMAIN,example.org,Unknown Source,D,64,MEDIUM,53.4,CLOSED,2025-11-15,2025-12-01,SYNTHETIC / DEMO ONLY. Defensive analytics record.,Credential Access,Valid Accounts
THR-2026-00898,Synthetic Vulnerability Exposure Observation,VULNERABILITY EXPOSURE,EMAIL/SENDER DOMAIN,example.com,Research Report,C,58,LOW,61.85,CLOSED,2025-11-23,2025-12-19,SYNTHETIC / DEMO ONLY. Defensive analytics record.,Command and Control,Network Service Discovery
THR-2026-00899,Synthetic Vulnerability Exposure Observation,VULNERABILITY EXPOSURE,FILE HASH,3c557b9cdc32792fb62b97f44820073dd80d525ecedab76e8b7b9c9c59b3c73a,Public Threat Feed,B,89,LOW,53.15,MONITORING,2025-11-09,2025-11-11,SYNTHETIC / DEMO ONLY. Defensive analytics record.,Exfiltration,Network Service Discovery
THR-2026-00900,Synthetic Phishing Observation,PHISHING,DOMAIN,example.com,Community Submission,C,48,MEDIUM,52.15,MONITORING,2025-12-27,2026-01-20,SYNTHETIC / DEMO ONLY. Defensive analytics record.,Credential Access,Data from Local System
THR-2026-00901,Synthetic Credential Threats Observation,CREDENTIAL THREATS,CVE ID,CVE-2026-1901,Security Vendor,B,69,CRITICAL,78.75,CLOSED,2025-12-10,2025-12-28,SYNTHETIC / DEMO ONLY. Defensive analytics record.,Initial Access,Phishing
THR-2026-00902,Synthetic Network Threats Observation,NETWORK THREATS,IP ADDRESS,192.0.2.141,Internal SOC,A,80,CRITICAL,81.9,CLOSED,2025-09-24,2025-10-04,SYNTHETIC / DEMO ONLY. Defensive analytics record.,Discovery,Valid Accounts
THR-2026-00903,Synthetic Malware Observation,MALWARE,URL,https://example.com/demo/903,Unknown Source,D,47,MEDIUM,47.9,CLOSED,2025-03-07,2025-04-01,SYNTHETIC / DEMO ONLY. Defensive analytics record.,Command and Control,Data from Local System
THR-2026-00904,Synthetic Phishing Observation,PHISHING,URL,https://example.com/demo/904,Unknown Source,D,94,LOW,55.1,UNDER_REVIEW,2025-09-05,2025-10-03,SYNTHETIC / DEMO ONLY. Defensive analytics record.,Credential Access,Valid Accounts
THR-2026-00905,Synthetic Data Exposure Observation,DATA EXPOSURE,EMAIL/SENDER DOMAIN,example.org,Community Submission,C,78,CRITICAL,74.2,FALSE_POSITIVE,2025-08-06,2025-08-17,SYNTHETIC / DEMO ONLY. Defensive analytics record.,Command and Control,Phishing
THR-2026-00906,Synthetic Vulnerability Exposure Observation,VULNERABILITY EXPOSURE,DOMAIN,example.net,Community Submission,C,44,LOW,51.8,NEW,2025-04-22,2025-04-25,SYNTHETIC / DEMO ONLY. Defensive analytics record.,Credential Access,Network Service Discovery
THR-2026-00907,Synthetic Data Exposure Observation,DATA EXPOSURE,IP ADDRESS,192.0.2.146,Research Report,C,75,MEDIUM,55.8,FALSE_POSITIVE,2025-11-28,2025-12-06,SYNTHETIC / DEMO ONLY. Defensive analytics record.,Discovery,Network Service Discovery
THR-2026-00908,Synthetic Malware Observation,MALWARE,IP ADDRESS,192.0.2.147,Research Report,C,68,LOW,54.4,UNDER_REVIEW,2025-02-03,2025-03-04,SYNTHETIC / DEMO ONLY. Defensive analytics record.,Initial Access,Data from Local System
THR-2026-00909,Synthetic Social Engineering Observation,SOCIAL ENGINEERING,IP ADDRESS,192.0.2.148,Public Threat Feed,B,86,MEDIUM,69.95,FALSE_POSITIVE,2025-05-21,2025-06-01,SYNTHETIC / DEMO ONLY. Defensive analytics record.,Exfiltration,Network Service Discovery
THR-2026-00910,Synthetic Network Threats Observation,NETWORK THREATS,IP ADDRESS,192.0.2.149,Community Submission,C,92,HIGH,70.65,UNDER_REVIEW,2025-02-06,2025-02-07,SYNTHETIC / DEMO ONLY. Defensive analytics record.,Exfiltration,Phishing
THR-2026-00911,Synthetic Ransomware Observation,RANSOMWARE,IP ADDRESS,192.0.2.150,Security Vendor,B,86,MEDIUM,60.6,NEW,2025-05-10,2025-05-31,SYNTHETIC / DEMO ONLY. Defensive analytics record.,Discovery,Application Layer Protocol
THR-2026-00912,Synthetic Social Engineering Observation,SOCIAL ENGINEERING,CVE ID,CVE-2026-1912,Research Report,C,48,MEDIUM,45.25,CLOSED,2025-06-12,2025-07-06,SYNTHETIC / DEMO ONLY. Defensive analytics record.,Credential Access,Application Layer Protocol
THR-2026-00913,Synthetic Network Threats Observation,NETWORK THREATS,IP ADDRESS,192.0.2.152,Community Submission,C,97,MEDIUM,65.15,NEW,2025-08-12,2025-08-26,SYNTHETIC / DEMO ONLY. Defensive analytics record.,Exfiltration,Valid Accounts
THR-2026-00914,Synthetic Social Engineering Observation,SOCIAL ENGINEERING,DOMAIN,example.net,Public Threat Feed,B,39,HIGH,63.15,CLOSED,2025-06-30,2025-07-25,SYNTHETIC / DEMO ONLY. Defensive analytics record.,Command and Control,Valid Accounts
THR-2026-00915,Synthetic Phishing Observation,PHISHING,DOMAIN,demo.invalid,Unknown Source,D,89,HIGH,65.75,NEW,2025-11-20,2025-11-24,SYNTHETIC / DEMO ONLY. Defensive analytics record.,Discovery,Application Layer Protocol
THR-2026-00916,Synthetic Malware Observation,MALWARE,URL,https://example.com/demo/916,Research Report,C,88,HIGH,72.35,NEW,2025-09-29,2025-10-25,SYNTHETIC / DEMO ONLY. Defensive analytics record.,Initial Access,Application Layer Protocol
THR-2026-00917,Synthetic Network Threats Observation,NETWORK THREATS,URL,https://example.com/demo/917,Public Threat Feed,B,88,LOW,66.3,UNDER_REVIEW,2025-01-14,2025-02-08,SYNTHETIC / DEMO ONLY. Defensive analytics record.,Command and Control,Network Service Discovery
THR-2026-00918,Synthetic Account Security Observation,ACCOUNT SECURITY,FILE HASH,2487b3341df01c99c99c4419ff9e8305c069e43674dc649aa3b8b64d14d362b3,Community Submission,C,60,HIGH,69.9,MONITORING,2025-10-19,2025-10-29,SYNTHETIC / DEMO ONLY. Defensive analytics record.,Initial Access,Valid Accounts
THR-2026-00919,Synthetic Social Engineering Observation,SOCIAL ENGINEERING,DOMAIN,demo.invalid,Public Threat Feed,B,49,MEDIUM,61.35,NEW,2025-04-10,2025-05-03,SYNTHETIC / DEMO ONLY. Defensive analytics record.,Command and Control,Valid Accounts
THR-2026-00920,Synthetic Social Engineering Observation,SOCIAL ENGINEERING,CVE ID,CVE-2026-1920,Internal SOC,A,39,CRITICAL,65.65,UNDER_REVIEW,2025-01-10,2025-01-27,SYNTHETIC / DEMO ONLY. Defensive analytics record.,Exfiltration,Application Layer Protocol
THR-2026-00921,Synthetic Credential Threats Observation,CREDENTIAL THREATS,URL,https://example.com/demo/921,Security Vendor,B,36,LOW,42.6,MONITORING,2025-07-31,2025-08-28,SYNTHETIC / DEMO ONLY. Defensive analytics record.,Exfiltration,Phishing
THR-2026-00922,Synthetic Social Engineering Observation,SOCIAL ENGINEERING,CVE ID,CVE-2026-1922,Research Report,C,87,CRITICAL,81.4,MONITORING,2025-05-28,2025-06-13,SYNTHETIC / DEMO ONLY. Defensive analytics record.,Initial Access,Valid Accounts
THR-2026-00923,Synthetic Social Engineering Observation,SOCIAL ENGINEERING,FILE HASH,1086ccbe6e1b13fe6d006c9c0452151ee52e2a957b6f74b9aeeba2f5921150d7,Community Submission,C,55,MEDIUM,62.3,CLOSED,2025-08-09,2025-09-05,SYNTHETIC / DEMO ONLY. Defensive analytics record.,Discovery,Data from Local System
THR-2026-00924,Synthetic Malware Observation,MALWARE,IP ADDRESS,192.0.2.163,Internal SOC,A,46,HIGH,66.6,CLOSED,2025-06-05,2025-06-08,SYNTHETIC / DEMO ONLY. Defensive analytics record.,Exfiltration,Data from Local System
THR-2026-00925,Synthetic Malware Observation,MALWARE,CVE ID,CVE-2026-1925,Community Submission,C,39,MEDIUM,57.1,CLOSED,2025-09-15,2025-09-22,SYNTHETIC / DEMO ONLY. Defensive analytics record.,Exfiltration,Application Layer Protocol
THR-2026-00926,Synthetic Malware Observation,MALWARE,DOMAIN,example.net,Internal SOC,A,79,HIGH,77.55,MONITORING,2025-12-29,2026-01-28,SYNTHETIC / DEMO ONLY. Defensive analytics record.,Credential Access,Data from Local System
THR-2026-00927,Synthetic Web Threats Observation,WEB THREATS,URL,https://example.com/demo/927,Public Threat Feed,B,74,HIGH,65.5,NEW,2025-06-03,2025-06-04,SYNTHETIC / DEMO ONLY. Defensive analytics record.,Initial Access,Valid Accounts
THR-2026-00928,Synthetic Network Threats Observation,NETWORK THREATS,EMAIL/SENDER DOMAIN,example.com,Community Submission,C,75,HIGH,69.2,FALSE_POSITIVE,2025-05-26,2025-06-02,SYNTHETIC / DEMO ONLY. Defensive analytics record.,Command and Control,Valid Accounts
THR-2026-00929,Synthetic Account Security Observation,ACCOUNT SECURITY,CVE ID,CVE-2026-1929,Internal SOC,A,89,MEDIUM,64.3,MONITORING,2025-06-09,2025-07-07,SYNTHETIC / DEMO ONLY. Defensive analytics record.,Exfiltration,Valid Accounts
THR-2026-00930,Synthetic Vulnerability Exposure Observation,VULNERABILITY EXPOSURE,DOMAIN,example.net,Security Vendor,B,50,LOW,58.95,MONITORING,2025-02-14,2025-03-15,SYNTHETIC / DEMO ONLY. Defensive analytics record.,Exfiltration,Valid Accounts
THR-2026-00931,Synthetic Network Threats Observation,NETWORK THREATS,DOMAIN,demo.invalid,Internal SOC,A,90,LOW,65.0,FALSE_POSITIVE,2025-10-15,2025-10-15,SYNTHETIC / DEMO ONLY. Defensive analytics record.,Exfiltration,Phishing
THR-2026-00932,Synthetic Account Security Observation,ACCOUNT SECURITY,FILE HASH,8dc7ad4001b57f57252e6bc9cb308f2e008f86a385596624bcbf071da473e1d3,Unknown Source,D,51,INFORMATIONAL,49.25,UNDER_REVIEW,2025-09-28,2025-10-05,SYNTHETIC / DEMO ONLY. Defensive analytics record.,Discovery,Valid Accounts
THR-2026-00933,Synthetic Data Exposure Observation,DATA EXPOSURE,DOMAIN,example.org,Research Report,C,68,HIGH,65.4,UNDER_REVIEW,2025-11-20,2025-12-19,SYNTHETIC / DEMO ONLY. Defensive analytics record.,Initial Access,Data from Local System
THR-2026-00934,Synthetic Malware Observation,MALWARE,IP ADDRESS,192.0.2.173,Community Submission,C,50,MEDIUM,47.3,UNDER_REVIEW,2025-08-20,2025-09-17,SYNTHETIC / DEMO ONLY. Defensive analytics record.,Initial Access,Phishing
THR-2026-00935,Synthetic Social Engineering Observation,SOCIAL ENGINEERING,URL,https://example.com/demo/935,Security Vendor,B,85,CRITICAL,74.25,CLOSED,2025-06-04,2025-06-06,SYNTHETIC / DEMO ONLY. Defensive analytics record.,Initial Access,Valid Accounts
THR-2026-00936,Synthetic Vulnerability Exposure Observation,VULNERABILITY EXPOSURE,FILE HASH,b77b1ee7a77d892415d0a43a2a02c201b63db228684381cb61b0105f358978bd,Unknown Source,D,92,HIGH,64.75,UNDER_REVIEW,2025-12-27,2026-01-24,SYNTHETIC / DEMO ONLY. Defensive analytics record.,Exfiltration,Data from Local System
THR-2026-00937,Synthetic Phishing Observation,PHISHING,IP ADDRESS,192.0.2.176,Public Threat Feed,B,96,CRITICAL,93.8,FALSE_POSITIVE,2025-12-30,2026-01-04,SYNTHETIC / DEMO ONLY. Defensive analytics record.,Discovery,Phishing
THR-2026-00938,Synthetic Credential Threats Observation,CREDENTIAL THREATS,EMAIL/SENDER DOMAIN,example.com,Internal SOC,A,54,INFORMATIONAL,43.3,MONITORING,2025-09-12,2025-09-12,SYNTHETIC / DEMO ONLY. Defensive analytics record.,Credential Access,Valid Accounts
THR-2026-00939,Synthetic Malware Observation,MALWARE,CVE ID,CVE-2026-1939,Security Vendor,B,69,HIGH,69.4,FALSE_POSITIVE,2025-11-15,2025-11-26,SYNTHETIC / DEMO ONLY. Defensive analytics record.,Discovery,Application Layer Protocol
THR-2026-00940,Synthetic Social Engineering Observation,SOCIAL ENGINEERING,FILE HASH,f291162fd35c8c106d5c6bee1a7d7ab8744a4d4390c7b146f71d30dd311fdc11,Research Report,C,59,MEDIUM,52.05,MONITORING,2025-01-15,2025-02-11,SYNTHETIC / DEMO ONLY. Defensive analytics record.,Command and Control,Phishing
THR-2026-00941,Synthetic Account Security Observation,ACCOUNT SECURITY,EMAIL/SENDER DOMAIN,example.org,Security Vendor,B,97,MEDIUM,73.2,MONITORING,2025-03-02,2025-03-25,SYNTHETIC / DEMO ONLY. Defensive analytics record.,Discovery,Data from Local System
THR-2026-00942,Synthetic Malware Observation,MALWARE,EMAIL/SENDER DOMAIN,example.com,Security Vendor,B,80,MEDIUM,66.8,NEW,2025-05-16,2025-05-21,SYNTHETIC / DEMO ONLY. Defensive analytics record.,Exfiltration,Network Service Discovery
THR-2026-00943,Synthetic Account Security Observation,ACCOUNT SECURITY,FILE HASH,27d796f5c7e76f5d7a587f5b2ea72b6287e1b7124e7813038c37fdd49bbeea03,Unknown Source,D,80,MEDIUM,52.85,MONITORING,2025-10-01,2025-10-26,SYNTHETIC / DEMO ONLY. Defensive analytics record.,Command and Control,Valid Accounts
THR-2026-00944,Synthetic Network Threats Observation,NETWORK THREATS,DOMAIN,example.com,Unknown Source,D,82,LOW,49.7,MONITORING,2025-10-31,2025-10-31,SYNTHETIC / DEMO ONLY. Defensive analytics record.,Initial Access,Network Service Discovery
THR-2026-00945,Synthetic Credential Threats Observation,CREDENTIAL THREATS,FILE HASH,02c9f894bf7b6d8e60b5bf3267c53fbcac19fbb35ae2ce5e9da38ca4156e3718,Public Threat Feed,B,64,MEDIUM,59.1,UNDER_REVIEW,2025-08-09,2025-08-28,SYNTHETIC / DEMO ONLY. Defensive analytics record.,Exfiltration,Valid Accounts
THR-2026-00946,Synthetic Malware Observation,MALWARE,EMAIL/SENDER DOMAIN,example.com,Community Submission,C,44,MEDIUM,60.95,MONITORING,2025-07-23,2025-08-18,SYNTHETIC / DEMO ONLY. Defensive analytics record.,Credential Access,Valid Accounts
THR-2026-00947,Synthetic Phishing Observation,PHISHING,FILE HASH,bc875f14a9c2a4c27229d5870592b79d6752d034b2727c3ae84f0daf1df0f091,Public Threat Feed,B,88,MEDIUM,59.95,MONITORING,2025-10-06,2025-10-25,SYNTHETIC / DEMO ONLY. Defensive analytics record.,Exfiltration,Application Layer Protocol
THR-2026-00948,Synthetic Credential Threats Observation,CREDENTIAL THREATS,EMAIL/SENDER DOMAIN,example.com,Internal SOC,A,35,INFORMATIONAL,41.25,FALSE_POSITIVE,2025-06-09,2025-06-10,SYNTHETIC / DEMO ONLY. Defensive analytics record.,Exfiltration,Phishing
THR-2026-00949,Synthetic Network Threats Observation,NETWORK THREATS,CVE ID,CVE-2026-1949,Research Report,C,47,INFORMATIONAL,42.45,MONITORING,2025-07-23,2025-08-16,SYNTHETIC / DEMO ONLY. Defensive analytics record.,Command and Control,Phishing
THR-2026-00950,Synthetic Data Exposure Observation,DATA EXPOSURE,URL,https://example.com/demo/950,Internal SOC,A,85,MEDIUM,70.75,NEW,2025-02-07,2025-03-09,SYNTHETIC / DEMO ONLY. Defensive analytics record.,Discovery,Data from Local System
THR-2026-00951,Synthetic Malware Observation,MALWARE,IP ADDRESS,192.0.2.190,Internal SOC,A,52,LOW,48.65,NEW,2025-09-08,2025-09-13,SYNTHETIC / DEMO ONLY. Defensive analytics record.,Credential Access,Network Service Discovery
THR-2026-00952,Synthetic Data Exposure Observation,DATA EXPOSURE,IP ADDRESS,192.0.2.191,Internal SOC,A,68,CRITICAL,63.7,MONITORING,2025-07-30,2025-08-01,SYNTHETIC / DEMO ONLY. Defensive analytics record.,Discovery,Data from Local System
THR-2026-00953,Synthetic Vulnerability Exposure Observation,VULNERABILITY EXPOSURE,URL,https://example.com/demo/953,Security Vendor,B,93,HIGH,67.15,FALSE_POSITIVE,2025-10-18,2025-11-11,SYNTHETIC / DEMO ONLY. Defensive analytics record.,Command and Control,Application Layer Protocol
THR-2026-00954,Synthetic Malware Observation,MALWARE,EMAIL/SENDER DOMAIN,example.com,Community Submission,C,96,MEDIUM,73.3,CLOSED,2025-07-21,2025-08-14,SYNTHETIC / DEMO ONLY. Defensive analytics record.,Credential Access,Phishing
THR-2026-00955,Synthetic Web Threats Observation,WEB THREATS,URL,https://example.com/demo/955,Public Threat Feed,B,66,HIGH,66.8,NEW,2025-11-24,2025-12-09,SYNTHETIC / DEMO ONLY. Defensive analytics record.,Credential Access,Phishing
THR-2026-00956,Synthetic Credential Threats Observation,CREDENTIAL THREATS,FILE HASH,74498de60a09737da8f171eb8187f6eb0acc49364de7d88738c05d6b8fb0f745,Security Vendor,B,97,HIGH,70.8,FALSE_POSITIVE,2025-03-05,2025-03-29,SYNTHETIC / DEMO ONLY. Defensive analytics record.,Exfiltration,Network Service Discovery
THR-2026-00957,Synthetic Web Threats Observation,WEB THREATS,CVE ID,CVE-2026-1957,Security Vendor,B,48,MEDIUM,51.8,FALSE_POSITIVE,2025-06-18,2025-07-02,SYNTHETIC / DEMO ONLY. Defensive analytics record.,Exfiltration,Valid Accounts
THR-2026-00958,Synthetic Vulnerability Exposure Observation,VULNERABILITY EXPOSURE,DOMAIN,example.net,Research Report,C,56,LOW,56.15,UNDER_REVIEW,2025-02-04,2025-02-07,SYNTHETIC / DEMO ONLY. Defensive analytics record.,Command and Control,Phishing
THR-2026-00959,Synthetic Malware Observation,MALWARE,DOMAIN,demo.invalid,Research Report,C,58,INFORMATIONAL,40.45,CLOSED,2025-01-28,2025-02-13,SYNTHETIC / DEMO ONLY. Defensive analytics record.,Discovery,Network Service Discovery
THR-2026-00960,Synthetic Malware Observation,MALWARE,EMAIL/SENDER DOMAIN,example.com,Research Report,C,62,LOW,51.4,MONITORING,2025-05-26,2025-06-11,SYNTHETIC / DEMO ONLY. Defensive analytics record.,Initial Access,Application Layer Protocol
THR-2026-00961,Synthetic Web Threats Observation,WEB THREATS,URL,https://example.com/demo/961,Unknown Source,D,83,LOW,57.75,CLOSED,2025-08-04,2025-08-10,SYNTHETIC / DEMO ONLY. Defensive analytics record.,Credential Access,Data from Local System
THR-2026-00962,Synthetic Web Threats Observation,WEB THREATS,EMAIL/SENDER DOMAIN,example.com,Community Submission,C,90,HIGH,62.5,NEW,2025-11-06,2025-11-13,SYNTHETIC / DEMO ONLY. Defensive analytics record.,Initial Access,Phishing
THR-2026-00963,Synthetic Account Security Observation,ACCOUNT SECURITY,URL,https://example.com/demo/963,Community Submission,C,47,LOW,47.85,CLOSED,2025-01-08,2025-01-30,SYNTHETIC / DEMO ONLY. Defensive analytics record.,Command and Control,Application Layer Protocol
THR-2026-00964,Synthetic Malware Observation,MALWARE,DOMAIN,example.com,Unknown Source,D,69,HIGH,62.75,MONITORING,2025-09-19,2025-09-30,SYNTHETIC / DEMO ONLY. Defensive analytics record.,Exfiltration,Network Service Discovery
THR-2026-00965,Synthetic Phishing Observation,PHISHING,IP ADDRESS,192.0.2.204,Unknown Source,D,96,LOW,59.35,NEW,2025-10-06,2025-10-16,SYNTHETIC / DEMO ONLY. Defensive analytics record.,Credential Access,Valid Accounts
THR-2026-00966,Synthetic Network Threats Observation,NETWORK THREATS,FILE HASH,51b185aaf558a0d9ca55f23e7a819a4b93196300528459b35831628db317e232,Internal SOC,A,95,LOW,59.25,NEW,2025-10-03,2025-10-11,SYNTHETIC / DEMO ONLY. Defensive analytics record.,Credential Access,Phishing
THR-2026-00967,Synthetic Account Security Observation,ACCOUNT SECURITY,URL,https://example.com/demo/967,Community Submission,C,35,CRITICAL,67.4,NEW,2025-11-06,2025-11-07,SYNTHETIC / DEMO ONLY. Defensive analytics record.,Exfiltration,Network Service Discovery
THR-2026-00968,Synthetic Credential Threats Observation,CREDENTIAL THREATS,EMAIL/SENDER DOMAIN,example.com,Security Vendor,B,47,MEDIUM,51.65,MONITORING,2025-05-15,2025-05-30,SYNTHETIC / DEMO ONLY. Defensive analytics record.,Exfiltration,Network Service Discovery
THR-2026-00969,Synthetic Social Engineering Observation,SOCIAL ENGINEERING,URL,https://example.com/demo/969,Internal SOC,A,80,MEDIUM,67.4,FALSE_POSITIVE,2025-01-27,2025-02-23,SYNTHETIC / DEMO ONLY. Defensive analytics record.,Command and Control,Phishing
THR-2026-00970,Synthetic Web Threats Observation,WEB THREATS,CVE ID,CVE-2026-1970,Unknown Source,D,37,MEDIUM,46.85,MONITORING,2025-01-29,2025-02-02,SYNTHETIC / DEMO ONLY. Defensive analytics record.,Command and Control,Phishing
THR-2026-00971,Synthetic Credential Threats Observation,CREDENTIAL THREATS,EMAIL/SENDER DOMAIN,example.org,Research Report,C,81,HIGH,62.3,NEW,2025-06-22,2025-07-12,SYNTHETIC / DEMO ONLY. Defensive analytics record.,Discovery,Data from Local System
THR-2026-00972,Synthetic Social Engineering Observation,SOCIAL ENGINEERING,EMAIL/SENDER DOMAIN,example.com,Unknown Source,D,79,LOW,57.25,MONITORING,2025-06-02,2025-07-02,SYNTHETIC / DEMO ONLY. Defensive analytics record.,Discovery,Valid Accounts
THR-2026-00973,Synthetic Phishing Observation,PHISHING,EMAIL/SENDER DOMAIN,example.org,Public Threat Feed,B,50,MEDIUM,63.4,NEW,2025-07-08,2025-07-17,SYNTHETIC / DEMO ONLY. Defensive analytics record.,Initial Access,Application Layer Protocol
THR-2026-00974,Synthetic Ransomware Observation,RANSOMWARE,FILE HASH,43273f4213d50df32a83c36715210f314427538ee405ec2db4e2f3dc36e01d48,Community Submission,C,72,HIGH,74.65,MONITORING,2025-07-30,2025-08-14,SYNTHETIC / DEMO ONLY. Defensive analytics record.,Initial Access,Network Service Discovery
THR-2026-00975,Synthetic Phishing Observation,PHISHING,FILE HASH,83787819257424b9c50f14c7ece1207a74ef77a353ed678f2d33eecd20e00f69,Public Threat Feed,B,50,INFORMATIONAL,42.7,MONITORING,2025-12-30,2026-01-12,SYNTHETIC / DEMO ONLY. Defensive analytics record.,Initial Access,Phishing
THR-2026-00976,Synthetic Web Threats Observation,WEB THREATS,DOMAIN,example.com,Public Threat Feed,B,54,MEDIUM,50.4,FALSE_POSITIVE,2025-09-23,2025-10-06,SYNTHETIC / DEMO ONLY. Defensive analytics record.,Initial Access,Network Service Discovery
THR-2026-00977,Synthetic Credential Threats Observation,CREDENTIAL THREATS,IP ADDRESS,192.0.2.216,Public Threat Feed,B,66,MEDIUM,67.25,NEW,2025-06-11,2025-07-11,SYNTHETIC / DEMO ONLY. Defensive analytics record.,Discovery,Network Service Discovery
THR-2026-00978,Synthetic Account Security Observation,ACCOUNT SECURITY,URL,https://example.com/demo/978,Research Report,C,76,LOW,53.05,CLOSED,2025-08-26,2025-08-30,SYNTHETIC / DEMO ONLY. Defensive analytics record.,Exfiltration,Valid Accounts
THR-2026-00979,Synthetic Web Threats Observation,WEB THREATS,URL,https://example.com/demo/979,Community Submission,C,94,LOW,59.75,UNDER_REVIEW,2025-05-23,2025-05-26,SYNTHETIC / DEMO ONLY. Defensive analytics record.,Exfiltration,Application Layer Protocol
THR-2026-00980,Synthetic Network Threats Observation,NETWORK THREATS,EMAIL/SENDER DOMAIN,example.com,Unknown Source,D,80,CRITICAL,77.65,CLOSED,2025-05-08,2025-05-21,SYNTHETIC / DEMO ONLY. Defensive analytics record.,Command and Control,Phishing
THR-2026-00981,Synthetic Data Exposure Observation,DATA EXPOSURE,IP ADDRESS,192.0.2.220,Research Report,C,46,CRITICAL,70.0,FALSE_POSITIVE,2025-08-30,2025-09-17,SYNTHETIC / DEMO ONLY. Defensive analytics record.,Discovery,Valid Accounts
THR-2026-00982,Synthetic Account Security Observation,ACCOUNT SECURITY,EMAIL/SENDER DOMAIN,example.com,Public Threat Feed,B,41,HIGH,60.25,CLOSED,2025-01-23,2025-01-23,SYNTHETIC / DEMO ONLY. Defensive analytics record.,Exfiltration,Application Layer Protocol
THR-2026-00983,Synthetic Phishing Observation,PHISHING,IP ADDRESS,192.0.2.222,Unknown Source,D,48,LOW,47.1,CLOSED,2025-08-06,2025-08-24,SYNTHETIC / DEMO ONLY. Defensive analytics record.,Discovery,Phishing
THR-2026-00984,Synthetic Malware Observation,MALWARE,CVE ID,CVE-2026-1984,Community Submission,C,41,MEDIUM,57.25,CLOSED,2025-10-20,2025-11-06,SYNTHETIC / DEMO ONLY. Defensive analytics record.,Credential Access,Valid Accounts
THR-2026-00985,Synthetic Ransomware Observation,RANSOMWARE,URL,https://example.com/demo/985,Unknown Source,D,35,HIGH,62.6,NEW,2025-11-04,2025-11-06,SYNTHETIC / DEMO ONLY. Defensive analytics record.,Credential Access,Data from Local System
THR-2026-00986,Synthetic Malware Observation,MALWARE,EMAIL/SENDER DOMAIN,example.com,Security Vendor,B,48,LOW,47.35,NEW,2025-05-19,2025-05-31,SYNTHETIC / DEMO ONLY. Defensive analytics record.,Initial Access,Network Service Discovery
THR-2026-00987,Synthetic Vulnerability Exposure Observation,VULNERABILITY EXPOSURE,FILE HASH,3536a8b6d8bbb125739bf5ada09baf29c34976896437ae846f00a0a2f462d7d3,Security Vendor,B,68,CRITICAL,84.7,UNDER_REVIEW,2025-10-30,2025-11-12,SYNTHETIC / DEMO ONLY. Defensive analytics record.,Initial Access,Valid Accounts
THR-2026-00988,Synthetic Ransomware Observation,RANSOMWARE,CVE ID,CVE-2026-1988,Security Vendor,B,60,HIGH,71.35,NEW,2025-08-06,2025-08-27,SYNTHETIC / DEMO ONLY. Defensive analytics record.,Exfiltration,Application Layer Protocol
THR-2026-00989,Synthetic Network Threats Observation,NETWORK THREATS,CVE ID,CVE-2026-1989,Research Report,C,48,MEDIUM,59.85,MONITORING,2025-10-18,2025-10-18,SYNTHETIC / DEMO ONLY. Defensive analytics record.,Command and Control,Phishing
THR-2026-00990,Synthetic Account Security Observation,ACCOUNT SECURITY,FILE HASH,372df9007a7b48898d7f6558e6921ae2de29dde96a676e87a1e127ab5cd130db,Public Threat Feed,B,39,INFORMATIONAL,53.2,MONITORING,2025-12-11,2026-01-09,SYNTHETIC / DEMO ONLY. Defensive analytics record.,Credential Access,Application Layer Protocol
THR-2026-00991,Synthetic Social Engineering Observation,SOCIAL ENGINEERING,URL,https://example.com/demo/991,Security Vendor,B,80,INFORMATIONAL,57.2,FALSE_POSITIVE,2025-07-07,2025-08-04,SYNTHETIC / DEMO ONLY. Defensive analytics record.,Command and Control,Data from Local System
THR-2026-00992,Synthetic Malware Observation,MALWARE,DOMAIN,example.com,Public Threat Feed,B,78,HIGH,69.05,CLOSED,2025-01-29,2025-02-07,SYNTHETIC / DEMO ONLY. Defensive analytics record.,Initial Access,Application Layer Protocol
THR-2026-00993,Synthetic Vulnerability Exposure Observation,VULNERABILITY EXPOSURE,FILE HASH,4668a510bbe00c1c1a77615d8f1cc8898bd76593b1d3b64d162afca3419ec00e,Security Vendor,B,68,HIGH,69.15,FALSE_POSITIVE,2025-03-10,2025-03-21,SYNTHETIC / DEMO ONLY. Defensive analytics record.,Exfiltration,Application Layer Protocol
THR-2026-00994,Synthetic Malware Observation,MALWARE,IP ADDRESS,192.0.2.233,Unknown Source,D,55,INFORMATIONAL,32.85,CLOSED,2025-04-21,2025-05-20,SYNTHETIC / DEMO ONLY. Defensive analytics record.,Discovery,Valid Accounts
THR-2026-00995,Synthetic Credential Threats Observation,CREDENTIAL THREATS,IP ADDRESS,192.0.2.234,Security Vendor,B,84,HIGH,65.4,NEW,2025-02-22,2025-03-02,SYNTHETIC / DEMO ONLY. Defensive analytics record.,Initial Access,Phishing
THR-2026-00996,Synthetic Social Engineering Observation,SOCIAL ENGINEERING,URL,https://example.com/demo/996,Internal SOC,A,57,HIGH,64.9,FALSE_POSITIVE,2025-06-22,2025-06-26,SYNTHETIC / DEMO ONLY. Defensive analytics record.,Exfiltration,Valid Accounts
THR-2026-00997,Synthetic Credential Threats Observation,CREDENTIAL THREATS,URL,https://example.com/demo/997,Unknown Source,D,71,MEDIUM,51.5,FALSE_POSITIVE,2025-05-24,2025-06-19,SYNTHETIC / DEMO ONLY. Defensive analytics record.,Credential Access,Phishing
THR-2026-00998,Synthetic Account Security Observation,ACCOUNT SECURITY,IP ADDRESS,192.0.2.237,Unknown Source,D,47,HIGH,49.55,CLOSED,2025-12-30,2026-01-10,SYNTHETIC / DEMO ONLY. Defensive analytics record.,Exfiltration,Data from Local System
THR-2026-00999,Synthetic Malware Observation,MALWARE,URL,https://example.com/demo/999,Unknown Source,D,98,LOW,56.2,MONITORING,2025-05-04,2025-05-20,SYNTHETIC / DEMO ONLY. Defensive analytics record.,Discovery,Data from Local System
THR-2026-01000,Synthetic Data Exposure Observation,DATA EXPOSURE,DOMAIN,example.com,Research Report,C,89,HIGH,74.35,UNDER_REVIEW,2025-03-16,2025-03-18,SYNTHETIC / DEMO ONLY. Defensive analytics record.,Exfiltration,Network Service Discovery
THR-2026-01001,Synthetic Malware Observation,MALWARE,IP ADDRESS,192.0.2.240,Internal SOC,A,77,MEDIUM,57.65,MONITORING,2025-08-26,2025-09-07,SYNTHETIC / DEMO ONLY. Defensive analytics record.,Initial Access,Valid Accounts
THR-2026-01002,Synthetic Web Threats Observation,WEB THREATS,IP ADDRESS,192.0.2.241,Security Vendor,B,74,MEDIUM,66.05,NEW,2025-03-28,2025-04-19,SYNTHETIC / DEMO ONLY. Defensive analytics record.,Exfiltration,Application Layer Protocol
THR-2026-01003,Synthetic Web Threats Observation,WEB THREATS,CVE ID,CVE-2026-2003,Public Threat Feed,B,88,INFORMATIONAL,50.95,UNDER_REVIEW,2025-12-02,2025-12-06,SYNTHETIC / DEMO ONLY. Defensive analytics record.,Exfiltration,Network Service Discovery
THR-2026-01004,Synthetic Phishing Observation,PHISHING,DOMAIN,example.com,Community Submission,C,39,MEDIUM,48.9,FALSE_POSITIVE,2025-03-01,2025-03-24,SYNTHETIC / DEMO ONLY. Defensive analytics record.,Initial Access,Data from Local System
THR-2026-01005,Synthetic Social Engineering Observation,SOCIAL ENGINEERING,DOMAIN,example.org,Internal SOC,A,48,MEDIUM,58.35,MONITORING,2025-09-08,2025-09-28,SYNTHETIC / DEMO ONLY. Defensive analytics record.,Command and Control,Application Layer Protocol
THR-2026-01006,Synthetic Web Threats Observation,WEB THREATS,DOMAIN,example.net,Internal SOC,A,38,INFORMATIONAL,48.9,NEW,2025-06-21,2025-07-12,SYNTHETIC / DEMO ONLY. Defensive analytics record.,Exfiltration,Application Layer Protocol
THR-2026-01007,Synthetic Phishing Observation,PHISHING,FILE HASH,fad34e017f8bddffd89a946d31490af2dfe04a29c4b0e710aba7d0482a312e7a,Unknown Source,D,51,HIGH,66.35,CLOSED,2025-10-23,2025-10-26,SYNTHETIC / DEMO ONLY. Defensive analytics record.,Initial Access,Data from Local System
THR-2026-01008,Synthetic Network Threats Observation,NETWORK THREATS,URL,https://example.com/demo/1008,Research Report,C,42,LOW,38.95,UNDER_REVIEW,2025-03-06,2025-03-06,SYNTHETIC / DEMO ONLY. Defensive analytics record.,Command and Control,Data from Local System
THR-2026-01009,Synthetic Account Security Observation,ACCOUNT SECURITY,IP ADDRESS,192.0.2.248,Internal SOC,A,66,CRITICAL,62.55,UNDER_REVIEW,2025-10-29,2025-11-12,SYNTHETIC / DEMO ONLY. Defensive analytics record.,Discovery,Phishing
THR-2026-01010,Synthetic Network Threats Observation,NETWORK THREATS,URL,https://example.com/demo/1010,Security Vendor,B,72,HIGH,73.05,NEW,2025-05-01,2025-05-22,SYNTHETIC / DEMO ONLY. Defensive analytics record.,Initial Access,Phishing
THR-2026-01011,Synthetic Web Threats Observation,WEB THREATS,EMAIL/SENDER DOMAIN,example.org,Unknown Source,D,80,LOW,52.7,FALSE_POSITIVE,2025-06-28,2025-07-22,SYNTHETIC / DEMO ONLY. Defensive analytics record.,Discovery,Valid Accounts
THR-2026-01012,Synthetic Data Exposure Observation,DATA EXPOSURE,URL,https://example.com/demo/1012,Community Submission,C,48,MEDIUM,51.3,FALSE_POSITIVE,2025-01-05,2025-02-04,SYNTHETIC / DEMO ONLY. Defensive analytics record.,Command and Control,Network Service Discovery
THR-2026-01013,Synthetic Malware Observation,MALWARE,DOMAIN,example.org,Community Submission,C,64,CRITICAL,74.1,UNDER_REVIEW,2025-10-31,2025-11-11,SYNTHETIC / DEMO ONLY. Defensive analytics record.,Initial Access,Valid Accounts
THR-2026-01014,Synthetic Social Engineering Observation,SOCIAL ENGINEERING,CVE ID,CVE-2026-2014,Internal SOC,A,37,HIGH,58.25,CLOSED,2025-08-12,2025-08-30,SYNTHETIC / DEMO ONLY. Defensive analytics record.,Discovery,Phishing
THR-2026-01015,Synthetic Phishing Observation,PHISHING,URL,https://example.com/demo/1015,Research Report,C,98,HIGH,71.6,UNDER_REVIEW,2025-05-19,2025-05-20,SYNTHETIC / DEMO ONLY. Defensive analytics record.,Credential Access,Application Layer Protocol
THR-2026-01016,Synthetic Ransomware Observation,RANSOMWARE,CVE ID,CVE-2026-2016,Internal SOC,A,74,MEDIUM,63.75,FALSE_POSITIVE,2025-12-19,2026-01-17,SYNTHETIC / DEMO ONLY. Defensive analytics record.,Discovery,Network Service Discovery
THR-2026-01017,Synthetic Account Security Observation,ACCOUNT SECURITY,DOMAIN,example.org,Public Threat Feed,B,90,HIGH,67.35,MONITORING,2025-03-24,2025-04-05,SYNTHETIC / DEMO ONLY. Defensive analytics record.,Exfiltration,Application Layer Protocol
THR-2026-01018,Synthetic Vulnerability Exposure Observation,VULNERABILITY EXPOSURE,EMAIL/SENDER DOMAIN,example.com,Community Submission,C,68,HIGH,67.1,NEW,2025-09-02,2025-09-06,SYNTHETIC / DEMO ONLY. Defensive analytics record.,Discovery,Network Service Discovery
THR-2026-01019,Synthetic Malware Observation,MALWARE,DOMAIN,demo.invalid,Public Threat Feed,B,78,HIGH,72.9,MONITORING,2025-02-20,2025-02-28,SYNTHETIC / DEMO ONLY. Defensive analytics record.,Discovery,Network Service Discovery
THR-2026-01020,Synthetic Account Security Observation,ACCOUNT SECURITY,IP ADDRESS,192.0.2.5,Community Submission,C,76,LOW,51.9,CLOSED,2025-05-10,2025-05-10,SYNTHETIC / DEMO ONLY. Defensive analytics record.,Initial Access,Application Layer Protocol
THR-2026-01021,Synthetic Phishing Observation,PHISHING,URL,https://example.com/demo/1021,Community Submission,C,62,MEDIUM,57.45,FALSE_POSITIVE,2025-11-22,2025-11-30,SYNTHETIC / DEMO ONLY. Defensive analytics record.,Exfiltration,Network Service Discovery
THR-2026-01022,Synthetic Malware Observation,MALWARE,FILE HASH,d6c3c6479e1628721f5ce8e0a96fb3f2734e8e34327272cb9ba35d36bcd26b6b,Public Threat Feed,B,68,LOW,50.8,UNDER_REVIEW,2025-02-13,2025-02-18,SYNTHETIC / DEMO ONLY. Defensive analytics record.,Exfiltration,Phishing
THR-2026-01023,Synthetic Credential Threats Observation,CREDENTIAL THREATS,IP ADDRESS,192.0.2.8,Security Vendor,B,91,HIGH,74.75,UNDER_REVIEW,2025-03-24,2025-04-15,SYNTHETIC / DEMO ONLY. Defensive analytics record.,Initial Access,Network Service Discovery
THR-2026-01024,Synthetic Web Threats Observation,WEB THREATS,IP ADDRESS,192.0.2.9,Public Threat Feed,B,40,HIGH,64.4,FALSE_POSITIVE,2025-11-07,2025-11-09,SYNTHETIC / DEMO ONLY. Defensive analytics record.,Command and Control,Phishing
THR-2026-01025,Synthetic Data Exposure Observation,DATA EXPOSURE,IP ADDRESS,192.0.2.10,Public Threat Feed,B,82,LOW,59.85,MONITORING,2025-02-07,2025-02-20,SYNTHETIC / DEMO ONLY. Defensive analytics record.,Credential Access,Phishing
THR-2026-01026,Synthetic Network Threats Observation,NETWORK THREATS,EMAIL/SENDER DOMAIN,example.com,Public Threat Feed,B,87,HIGH,80.3,NEW,2025-08-04,2025-08-23,SYNTHETIC / DEMO ONLY. Defensive analytics record.,Credential Access,Network Service Discovery
THR-2026-01027,Synthetic Phishing Observation,PHISHING,URL,https://example.com/demo/1027,Community Submission,C,38,CRITICAL,65.75,FALSE_POSITIVE,2025-07-25,2025-08-10,SYNTHETIC / DEMO ONLY. Defensive analytics record.,Exfiltration,Network Service Discovery
THR-2026-01028,Synthetic Credential Threats Observation,CREDENTIAL THREATS,FILE HASH,c0c2f034be8aaa0a91ae8e6c5829a8892e06d274a96d2134c45886598dd99f62,Internal SOC,A,54,HIGH,59.9,FALSE_POSITIVE,2025-09-09,2025-09-27,SYNTHETIC / DEMO ONLY. Defensive analytics record.,Exfiltration,Data from Local System
THR-2026-01029,Synthetic Vulnerability Exposure Observation,VULNERABILITY EXPOSURE,EMAIL/SENDER DOMAIN,example.org,Community Submission,C,41,HIGH,69.95,MONITORING,2025-04-10,2025-04-24,SYNTHETIC / DEMO ONLY. Defensive analytics record.,Discovery,Valid Accounts
THR-2026-01030,Synthetic Account Security Observation,ACCOUNT SECURITY,URL,https://example.com/demo/1030,Public Threat Feed,B,66,CRITICAL,74.15,NEW,2025-07-24,2025-08-16,SYNTHETIC / DEMO ONLY. Defensive analytics record.,Credential Access,Application Layer Protocol
THR-2026-01031,Synthetic Vulnerability Exposure Observation,VULNERABILITY EXPOSURE,URL,https://example.com/demo/1031,Community Submission,C,44,LOW,52.85,CLOSED,2025-09-06,2025-09-20,SYNTHETIC / DEMO ONLY. Defensive analytics record.,Credential Access,Data from Local System
THR-2026-01032,Synthetic Ransomware Observation,RANSOMWARE,EMAIL/SENDER DOMAIN,example.com,Research Report,C,52,LOW,50.55,NEW,2025-07-11,2025-07-21,SYNTHETIC / DEMO ONLY. Defensive analytics record.,Initial Access,Application Layer Protocol
THR-2026-01033,Synthetic Vulnerability Exposure Observation,VULNERABILITY EXPOSURE,EMAIL/SENDER DOMAIN,example.org,Community Submission,C,98,CRITICAL,80.55,UNDER_REVIEW,2025-05-14,2025-05-14,SYNTHETIC / DEMO ONLY. Defensive analytics record.,Initial Access,Application Layer Protocol
THR-2026-01034,Synthetic Web Threats Observation,WEB THREATS,EMAIL/SENDER DOMAIN,example.com,Research Report,C,47,HIGH,54.85,UNDER_REVIEW,2025-12-20,2026-01-11,SYNTHETIC / DEMO ONLY. Defensive analytics record.,Initial Access,Valid Accounts
THR-2026-01035,Synthetic Data Exposure Observation,DATA EXPOSURE,EMAIL/SENDER DOMAIN,example.org,Research Report,C,80,CRITICAL,77.75,MONITORING,2025-08-31,2025-09-22,SYNTHETIC / DEMO ONLY. Defensive analytics record.,Initial Access,Network Service Discovery
THR-2026-01036,Synthetic Network Threats Observation,NETWORK THREATS,EMAIL/SENDER DOMAIN,example.com,Internal SOC,A,40,HIGH,61.45,CLOSED,2025-06-06,2025-06-26,SYNTHETIC / DEMO ONLY. Defensive analytics record.,Command and Control,Network Service Discovery
THR-2026-01037,Synthetic Social Engineering Observation,SOCIAL ENGINEERING,CVE ID,CVE-2026-2037,Security Vendor,B,45,LOW,42.25,CLOSED,2025-03-04,2025-03-15,SYNTHETIC / DEMO ONLY. Defensive analytics record.,Command and Control,Network Service Discovery
THR-2026-01038,Synthetic Social Engineering Observation,SOCIAL ENGINEERING,DOMAIN,example.net,Community Submission,C,70,MEDIUM,54.15,NEW,2025-04-24,2025-05-04,SYNTHETIC / DEMO ONLY. Defensive analytics record.,Exfiltration,Data from Local System
THR-2026-01039,Synthetic Data Exposure Observation,DATA EXPOSURE,EMAIL/SENDER DOMAIN,example.org,Research Report,C,71,MEDIUM,61.6,UNDER_REVIEW,2025-10-02,2025-11-01,SYNTHETIC / DEMO ONLY. Defensive analytics record.,Initial Access,Valid Accounts
THR-2026-01040,Synthetic Vulnerability Exposure Observation,VULNERABILITY EXPOSURE,EMAIL/SENDER DOMAIN,example.com,Community Submission,C,75,MEDIUM,57.45,MONITORING,2025-10-09,2025-10-12,SYNTHETIC / DEMO ONLY. Defensive analytics record.,Discovery,Application Layer Protocol
THR-2026-01041,Synthetic Social Engineering Observation,SOCIAL ENGINEERING,DOMAIN,example.org,Public Threat Feed,B,68,HIGH,67.35,UNDER_REVIEW,2025-01-25,2025-02-02,SYNTHETIC / DEMO ONLY. Defensive analytics record.,Initial Access,Valid Accounts
THR-2026-01042,Synthetic Data Exposure Observation,DATA EXPOSURE,EMAIL/SENDER DOMAIN,example.com,Internal SOC,A,40,HIGH,68.6,NEW,2025-12-29,2026-01-13,SYNTHETIC / DEMO ONLY. Defensive analytics record.,Discovery,Valid Accounts
THR-2026-01043,Synthetic Web Threats Observation,WEB THREATS,EMAIL/SENDER DOMAIN,example.org,Research Report,C,51,MEDIUM,54.2,NEW,2025-01-05,2025-02-03,SYNTHETIC / DEMO ONLY. Defensive analytics record.,Command and Control,Application Layer Protocol
THR-2026-01044,Synthetic Social Engineering Observation,SOCIAL ENGINEERING,URL,https://example.com/demo/1044,Security Vendor,B,70,LOW,54.6,UNDER_REVIEW,2025-11-22,2025-12-15,SYNTHETIC / DEMO ONLY. Defensive analytics record.,Initial Access,Network Service Discovery
THR-2026-01045,Synthetic Ransomware Observation,RANSOMWARE,EMAIL/SENDER DOMAIN,example.org,Research Report,C,44,MEDIUM,53.9,FALSE_POSITIVE,2025-05-25,2025-05-28,SYNTHETIC / DEMO ONLY. Defensive analytics record.,Discovery,Valid Accounts
THR-2026-01046,Synthetic Data Exposure Observation,DATA EXPOSURE,CVE ID,CVE-2026-2046,Unknown Source,D,39,HIGH,63.35,FALSE_POSITIVE,2025-08-29,2025-09-02,SYNTHETIC / DEMO ONLY. Defensive analytics record.,Command and Control,Valid Accounts
THR-2026-01047,Synthetic Credential Threats Observation,CREDENTIAL THREATS,URL,https://example.com/demo/1047,Research Report,C,58,MEDIUM,64.05,NEW,2025-10-26,2025-11-01,SYNTHETIC / DEMO ONLY. Defensive analytics record.,Exfiltration,Valid Accounts
THR-2026-01048,Synthetic Phishing Observation,PHISHING,FILE HASH,46cefc76386dd46317dc449660ac06b3ebc66840eb997f35ef62fcca1896f5ee,Community Submission,C,61,LOW,47.95,MONITORING,2025-06-01,2025-06-23,SYNTHETIC / DEMO ONLY. Defensive analytics record.,Exfiltration,Application Layer Protocol
THR-2026-01049,Synthetic Account Security Observation,ACCOUNT SECURITY,DOMAIN,example.org,Research Report,C,58,HIGH,61.55,CLOSED,2025-01-24,2025-02-08,SYNTHETIC / DEMO ONLY. Defensive analytics record.,Command and Control,Data from Local System
THR-2026-01050,Synthetic Network Threats Observation,NETWORK THREATS,EMAIL/SENDER DOMAIN,example.com,Internal SOC,A,63,MEDIUM,57.95,UNDER_REVIEW,2025-05-18,2025-05-28,SYNTHETIC / DEMO ONLY. Defensive analytics record.,Command and Control,Phishing
THR-2026-01051,Synthetic Ransomware Observation,RANSOMWARE,FILE HASH,fa545c4fa6bcc750f35f2c2011d5a1a742db474c43fafc739b9cea1553a582dc,Unknown Source,D,49,CRITICAL,64.85,CLOSED,2025-04-29,2025-05-25,SYNTHETIC / DEMO ONLY. Defensive analytics record.,Exfiltration,Application Layer Protocol
THR-2026-01052,Synthetic Credential Threats Observation,CREDENTIAL THREATS,IP ADDRESS,192.0.2.37,Community Submission,C,62,MEDIUM,57.15,MONITORING,2025-07-20,2025-07-28,SYNTHETIC / DEMO ONLY. Defensive analytics record.,Command and Control,Application Layer Protocol
THR-2026-01053,Synthetic Social Engineering Observation,SOCIAL ENGINEERING,FILE HASH,6361cc730c18f951a93697a2b8557225994c26b6a8a5d601f45220781a402989,Internal SOC,A,69,MEDIUM,63.25,NEW,2025-02-10,2025-03-08,SYNTHETIC / DEMO ONLY. Defensive analytics record.,Discovery,Application Layer Protocol
THR-2026-01054,Synthetic Vulnerability Exposure Observation,VULNERABILITY EXPOSURE,DOMAIN,example.net,Security Vendor,B,61,MEDIUM,63.15,UNDER_REVIEW,2025-02-23,2025-03-05,SYNTHETIC / DEMO ONLY. Defensive analytics record.,Exfiltration,Data from Local System
THR-2026-01055,Synthetic Phishing Observation,PHISHING,CVE ID,CVE-2026-2055,Research Report,C,46,INFORMATIONAL,46.8,NEW,2025-03-24,2025-03-26,SYNTHETIC / DEMO ONLY. Defensive analytics record.,Exfiltration,Valid Accounts
THR-2026-01056,Synthetic Network Threats Observation,NETWORK THREATS,EMAIL/SENDER DOMAIN,example.com,Security Vendor,B,85,LOW,59.8,MONITORING,2025-10-11,2025-11-09,SYNTHETIC / DEMO ONLY. Defensive analytics record.,Discovery,Application Layer Protocol
THR-2026-01057,Synthetic Credential Threats Observation,CREDENTIAL THREATS,EMAIL/SENDER DOMAIN,example.org,Internal SOC,A,39,HIGH,59.1,CLOSED,2025-04-20,2025-05-02,SYNTHETIC / DEMO ONLY. Defensive analytics record.,Initial Access,Valid Accounts
THR-2026-01058,Synthetic Web Threats Observation,WEB THREATS,URL,https://example.com/demo/1058,Unknown Source,D,66,INFORMATIONAL,36.1,CLOSED,2025-06-22,2025-07-12,SYNTHETIC / DEMO ONLY. Defensive analytics record.,Credential Access,Network Service Discovery
THR-2026-01059,Synthetic Malware Observation,MALWARE,IP ADDRESS,192.0.2.44,Unknown Source,D,88,LOW,46.55,UNDER_REVIEW,2025-02-26,2025-03-27,SYNTHETIC / DEMO ONLY. Defensive analytics record.,Initial Access,Data from Local System
THR-2026-01060,Synthetic Vulnerability Exposure Observation,VULNERABILITY EXPOSURE,DOMAIN,example.com,Public Threat Feed,B,76,HIGH,71.45,CLOSED,2025-07-31,2025-08-08,SYNTHETIC / DEMO ONLY. Defensive analytics record.,Credential Access,Phishing
THR-2026-01061,Synthetic Web Threats Observation,WEB THREATS,CVE ID,CVE-2026-2061,Research Report,C,72,MEDIUM,55.95,MONITORING,2025-06-07,2025-06-24,SYNTHETIC / DEMO ONLY. Defensive analytics record.,Command and Control,Network Service Discovery
THR-2026-01062,Synthetic Data Exposure Observation,DATA EXPOSURE,EMAIL/SENDER DOMAIN,example.com,Internal SOC,A,98,LOW,68.7,NEW,2025-03-28,2025-04-19,SYNTHETIC / DEMO ONLY. Defensive analytics record.,Command and Control,Valid Accounts
THR-2026-01063,Synthetic Account Security Observation,ACCOUNT SECURITY,IP ADDRESS,192.0.2.48,Security Vendor,B,92,MEDIUM,73.35,MONITORING,2025-11-07,2025-11-27,SYNTHETIC / DEMO ONLY. Defensive analytics record.,Discovery,Valid Accounts
THR-2026-01064,Synthetic Malware Observation,MALWARE,IP ADDRESS,192.0.2.49,Security Vendor,B,97,MEDIUM,67.9,FALSE_POSITIVE,2025-10-21,2025-11-02,SYNTHETIC / DEMO ONLY. Defensive analytics record.,Command and Control,Data from Local System
THR-2026-01065,Synthetic Account Security Observation,ACCOUNT SECURITY,DOMAIN,example.org,Research Report,C,67,LOW,52.9,MONITORING,2025-10-16,2025-10-17,SYNTHETIC / DEMO ONLY. Defensive analytics record.,Exfiltration,Data from Local System
THR-2026-01066,Synthetic Vulnerability Exposure Observation,VULNERABILITY EXPOSURE,IP ADDRESS,192.0.2.51,Security Vendor,B,97,MEDIUM,74.7,MONITORING,2025-02-02,2025-02-09,SYNTHETIC / DEMO ONLY. Defensive analytics record.,Command and Control,Application Layer Protocol
THR-2026-01067,Synthetic Data Exposure Observation,DATA EXPOSURE,EMAIL/SENDER DOMAIN,example.org,Unknown Source,D,45,HIGH,53.75,NEW,2025-06-23,2025-06-27,SYNTHETIC / DEMO ONLY. Defensive analytics record.,Credential Access,Data from Local System
THR-2026-01068,Synthetic Malware Observation,MALWARE,DOMAIN,example.com,Internal SOC,A,39,LOW,50.3,FALSE_POSITIVE,2025-02-15,2025-03-12,SYNTHETIC / DEMO ONLY. Defensive analytics record.,Command and Control,Valid Accounts
THR-2026-01069,Synthetic Data Exposure Observation,DATA EXPOSURE,FILE HASH,190a7ec5fd70b31c915744b69446f8b095bdb93d54813d0069f006ff8f740e79,Public Threat Feed,B,50,MEDIUM,56.45,FALSE_POSITIVE,2025-04-09,2025-04-19,SYNTHETIC / DEMO ONLY. Defensive analytics record.,Discovery,Data from Local System
THR-2026-01070,Synthetic Ransomware Observation,RANSOMWARE,DOMAIN,example.net,Unknown Source,D,61,MEDIUM,62.9,CLOSED,2025-02-26,2025-03-06,SYNTHETIC / DEMO ONLY. Defensive analytics record.,Command and Control,Valid Accounts
THR-2026-01071,Synthetic Network Threats Observation,NETWORK THREATS,CVE ID,CVE-2026-2071,Security Vendor,B,56,HIGH,67.6,UNDER_REVIEW,2025-07-23,2025-08-05,SYNTHETIC / DEMO ONLY. Defensive analytics record.,Credential Access,Application Layer Protocol
THR-2026-01072,Synthetic Malware Observation,MALWARE,IP ADDRESS,192.0.2.57,Security Vendor,B,60,MEDIUM,61.6,NEW,2025-05-12,2025-05-22,SYNTHETIC / DEMO ONLY. Defensive analytics record.,Initial Access,Data from Local System
THR-2026-01073,Synthetic Social Engineering Observation,SOCIAL ENGINEERING,EMAIL/SENDER DOMAIN,example.org,Public Threat Feed,B,63,LOW,54.35,MONITORING,2025-09-25,2025-10-03,SYNTHETIC / DEMO ONLY. Defensive analytics record.,Command and Control,Data from Local System
THR-2026-01074,Synthetic Web Threats Observation,WEB THREATS,URL,https://example.com/demo/1074,Research Report,C,67,HIGH,72.6,UNDER_REVIEW,2025-11-23,2025-12-11,SYNTHETIC / DEMO ONLY. Defensive analytics record.,Initial Access,Valid Accounts
THR-2026-01075,Synthetic Web Threats Observation,WEB THREATS,DOMAIN,demo.invalid,Internal SOC,A,51,MEDIUM,67.4,FALSE_POSITIVE,2025-07-16,2025-08-03,SYNTHETIC / DEMO ONLY. Defensive analytics record.,Exfiltration,Network Service Discovery
THR-2026-01076,Synthetic Account Security Observation,ACCOUNT SECURITY,CVE ID,CVE-2026-2076,Security Vendor,B,56,CRITICAL,63.55,FALSE_POSITIVE,2025-11-16,2025-12-15,SYNTHETIC / DEMO ONLY. Defensive analytics record.,Credential Access,Valid Accounts
THR-2026-01077,Synthetic Ransomware Observation,RANSOMWARE,FILE HASH,f79ede5fb0148e9622b00c70a0b04c63cf1d6bfb350609d2dd7a8b47af8b8d76,Public Threat Feed,B,44,HIGH,56.55,CLOSED,2025-05-21,2025-06-03,SYNTHETIC / DEMO ONLY. Defensive analytics record.,Discovery,Network Service Discovery
THR-2026-01078,Synthetic Data Exposure Observation,DATA EXPOSURE,IP ADDRESS,192.0.2.63,Research Report,C,83,LOW,60.25,FALSE_POSITIVE,2025-07-26,2025-08-21,SYNTHETIC / DEMO ONLY. Defensive analytics record.,Discovery,Data from Local System
THR-2026-01079,Synthetic Malware Observation,MALWARE,EMAIL/SENDER DOMAIN,example.org,Security Vendor,B,70,HIGH,71.2,CLOSED,2025-03-21,2025-04-04,SYNTHETIC / DEMO ONLY. Defensive analytics record.,Discovery,Phishing
THR-2026-01080,Synthetic Data Exposure Observation,DATA EXPOSURE,FILE HASH,3263cb379e19458c445f44a512c15e7aa1912a1c80aa54e06e83e0da95b1e60d,Security Vendor,B,38,HIGH,64.25,FALSE_POSITIVE,2025-05-29,2025-06-04,SYNTHETIC / DEMO ONLY. Defensive analytics record.,Exfiltration,Valid Accounts
THR-2026-01081,Synthetic Vulnerability Exposure Observation,VULNERABILITY EXPOSURE,URL,https://example.com/demo/1081,Unknown Source,D,36,LOW,42.5,NEW,2025-04-07,2025-04-13,SYNTHETIC / DEMO ONLY. Defensive analytics record.,Exfiltration,Network Service Discovery
THR-2026-01082,Synthetic Network Threats Observation,NETWORK THREATS,IP ADDRESS,192.0.2.67,Public Threat Feed,B,36,CRITICAL,66.0,CLOSED,2025-02-04,2025-02-12,SYNTHETIC / DEMO ONLY. Defensive analytics record.,Command and Control,Phishing
THR-2026-01083,Synthetic Web Threats Observation,WEB THREATS,URL,https://example.com/demo/1083,Community Submission,C,38,HIGH,70.2,CLOSED,2025-02-12,2025-02-26,SYNTHETIC / DEMO ONLY. Defensive analytics record.,Credential Access,Application Layer Protocol
THR-2026-01084,Synthetic Data Exposure Observation,DATA EXPOSURE,IP ADDRESS,192.0.2.69,Internal SOC,A,54,INFORMATIONAL,45.9,NEW,2025-11-20,2025-12-03,SYNTHETIC / DEMO ONLY. Defensive analytics record.,Initial Access,Application Layer Protocol
THR-2026-01085,Synthetic Phishing Observation,PHISHING,URL,https://example.com/demo/1085,Community Submission,C,70,LOW,52.4,MONITORING,2025-07-15,2025-08-10,SYNTHETIC / DEMO ONLY. Defensive analytics record.,Credential Access,Data from Local System
THR-2026-01086,Synthetic Network Threats Observation,NETWORK THREATS,EMAIL/SENDER DOMAIN,example.com,Unknown Source,D,86,INFORMATIONAL,42.35,FALSE_POSITIVE,2025-09-25,2025-10-21,SYNTHETIC / DEMO ONLY. Defensive analytics record.,Credential Access,Network Service Discovery
THR-2026-01087,Synthetic Malware Observation,MALWARE,DOMAIN,demo.invalid,Public Threat Feed,B,60,MEDIUM,67.8,NEW,2025-10-05,2025-10-25,SYNTHETIC / DEMO ONLY. Defensive analytics record.,Discovery,Network Service Discovery
THR-2026-01088,Synthetic Data Exposure Observation,DATA EXPOSURE,URL,https://example.com/demo/1088,Research Report,C,46,LOW,50.45,NEW,2025-11-03,2025-12-02,SYNTHETIC / DEMO ONLY. Defensive analytics record.,Credential Access,Phishing
THR-2026-01089,Synthetic Ransomware Observation,RANSOMWARE,URL,https://example.com/demo/1089,Internal SOC,A,56,MEDIUM,53.25,UNDER_REVIEW,2025-05-11,2025-05-13,SYNTHETIC / DEMO ONLY. Defensive analytics record.,Discovery,Valid Accounts
THR-2026-01090,Synthetic Ransomware Observation,RANSOMWARE,URL,https://example.com/demo/1090,Unknown Source,D,71,LOW,44.2,CLOSED,2025-03-18,2025-03-28,SYNTHETIC / DEMO ONLY. Defensive analytics record.,Credential Access,Valid Accounts
THR-2026-01091,Synthetic Web Threats Observation,WEB THREATS,DOMAIN,demo.invalid,Public Threat Feed,B,68,LOW,59.2,MONITORING,2025-11-15,2025-11-30,SYNTHETIC / DEMO ONLY. Defensive analytics record.,Exfiltration,Network Service Discovery
THR-2026-01092,Synthetic Network Threats Observation,NETWORK THREATS,CVE ID,CVE-2026-2092,Unknown Source,D,56,MEDIUM,55.0,FALSE_POSITIVE,2025-10-14,2025-10-31,SYNTHETIC / DEMO ONLY. Defensive analytics record.,Credential Access,Application Layer Protocol
THR-2026-01093,Synthetic Network Threats Observation,NETWORK THREATS,CVE ID,CVE-2026-2093,Public Threat Feed,B,61,HIGH,73.35,FALSE_POSITIVE,2025-08-17,2025-08-19,SYNTHETIC / DEMO ONLY. Defensive analytics record.,Credential Access,Network Service Discovery
THR-2026-01094,Synthetic Credential Threats Observation,CREDENTIAL THREATS,FILE HASH,9032f0ac199b37325d61a265adc3b708c0046e0eda96bd36c1f680274fca4186,Internal SOC,A,58,MEDIUM,60.45,MONITORING,2025-03-07,2025-03-17,SYNTHETIC / DEMO ONLY. Defensive analytics record.,Exfiltration,Application Layer Protocol
THR-2026-01095,Synthetic Account Security Observation,ACCOUNT SECURITY,IP ADDRESS,192.0.2.80,Internal SOC,A,80,MEDIUM,58.8,MONITORING,2025-05-03,2025-05-13,SYNTHETIC / DEMO ONLY. Defensive analytics record.,Initial Access,Valid Accounts
THR-2026-01096,Synthetic Network Threats Observation,NETWORK THREATS,URL,https://example.com/demo/1096,Community Submission,C,58,LOW,50.7,FALSE_POSITIVE,2025-05-13,2025-05-31,SYNTHETIC / DEMO ONLY. Defensive analytics record.,Command and Control,Application Layer Protocol
THR-2026-01097,Synthetic Social Engineering Observation,SOCIAL ENGINEERING,DOMAIN,example.org,Public Threat Feed,B,78,MEDIUM,66.95,UNDER_REVIEW,2025-12-12,2026-01-10,SYNTHETIC / DEMO ONLY. Defensive analytics record.,Exfiltration,Phishing
THR-2026-01098,Synthetic Vulnerability Exposure Observation,VULNERABILITY EXPOSURE,FILE HASH,c95558ed7dea0a52cb535386fb9b613510d3355625c9ae2d34ab157643f7ae56,Community Submission,C,86,HIGH,67.95,MONITORING,2025-04-14,2025-04-19,SYNTHETIC / DEMO ONLY. Defensive analytics record.,Exfiltration,Data from Local System
THR-2026-01099,Synthetic Credential Threats Observation,CREDENTIAL THREATS,EMAIL/SENDER DOMAIN,example.org,Security Vendor,B,77,HIGH,61.3,MONITORING,2025-10-21,2025-11-15,SYNTHETIC / DEMO ONLY. Defensive analytics record.,Command and Control,Application Layer Protocol
THR-2026-01100,Synthetic Ransomware Observation,RANSOMWARE,FILE HASH,9e160e6a23da12d3e13bb5aeabd23040edfae8d2d22fd9257d677a908cc298f8,Security Vendor,B,60,INFORMATIONAL,43.6,UNDER_REVIEW,2025-11-21,2025-11-26,SYNTHETIC / DEMO ONLY. Defensive analytics record.,Credential Access,Application Layer Protocol
THR-2026-01101,Synthetic Malware Observation,MALWARE,CVE ID,CVE-2026-2101,Unknown Source,D,82,LOW,49.15,CLOSED,2025-07-09,2025-07-12,SYNTHETIC / DEMO ONLY. Defensive analytics record.,Exfiltration,Application Layer Protocol
THR-2026-01102,Synthetic Credential Threats Observation,CREDENTIAL THREATS,FILE HASH,5bcfd910e53257c583dd5047772c7aa36e230008f332a35874c9e425ab657814,Research Report,C,66,HIGH,61.45,UNDER_REVIEW,2025-07-23,2025-08-16,SYNTHETIC / DEMO ONLY. Defensive analytics record.,Command and Control,Network Service Discovery
THR-2026-01103,Synthetic Web Threats Observation,WEB THREATS,CVE ID,CVE-2026-2103,Research Report,C,85,HIGH,70.0,FALSE_POSITIVE,2025-04-26,2025-05-17,SYNTHETIC / DEMO ONLY. Defensive analytics record.,Initial Access,Valid Accounts
THR-2026-01104,Synthetic Account Security Observation,ACCOUNT SECURITY,DOMAIN,example.com,Public Threat Feed,B,81,HIGH,71.35,CLOSED,2025-02-23,2025-03-14,SYNTHETIC / DEMO ONLY. Defensive analytics record.,Initial Access,Valid Accounts
THR-2026-01105,Synthetic Ransomware Observation,RANSOMWARE,FILE HASH,047d95d24422ff46de19f69c715ab0be23d116663c9e540159b933ef2ce2aeab,Security Vendor,B,73,LOW,51.7,UNDER_REVIEW,2025-06-19,2025-07-09,SYNTHETIC / DEMO ONLY. Defensive analytics record.,Command and Control,Valid Accounts
THR-2026-01106,Synthetic Web Threats Observation,WEB THREATS,URL,https://example.com/demo/1106,Research Report,C,39,MEDIUM,51.4,FALSE_POSITIVE,2025-10-10,2025-10-22,SYNTHETIC / DEMO ONLY. Defensive analytics record.,Initial Access,Application Layer Protocol
THR-2026-01107,Synthetic Malware Observation,MALWARE,URL,https://example.com/demo/1107,Internal SOC,A,86,HIGH,66.5,FALSE_POSITIVE,2025-10-28,2025-11-15,SYNTHETIC / DEMO ONLY. Defensive analytics record.,Command and Control,Application Layer Protocol
THR-2026-01108,Synthetic Phishing Observation,PHISHING,FILE HASH,dadbd1e031a86a05039cc5632c8a5c23fcb55767f2994bdc3f49696448bf9ffd,Unknown Source,D,86,HIGH,64.7,NEW,2025-05-29,2025-06-06,SYNTHETIC / DEMO ONLY. Defensive analytics record.,Exfiltration,Application Layer Protocol
THR-2026-01109,Synthetic Data Exposure Observation,DATA EXPOSURE,URL,https://example.com/demo/1109,Unknown Source,D,77,HIGH,68.05,FALSE_POSITIVE,2025-10-02,2025-10-15,SYNTHETIC / DEMO ONLY. Defensive analytics record.,Command and Control,Phishing
THR-2026-01110,Synthetic Ransomware Observation,RANSOMWARE,IP ADDRESS,192.0.2.95,Unknown Source,D,68,MEDIUM,62.55,NEW,2025-05-14,2025-05-27,SYNTHETIC / DEMO ONLY. Defensive analytics record.,Command and Control,Network Service Discovery
THR-2026-01111,Synthetic Phishing Observation,PHISHING,IP ADDRESS,192.0.2.96,Research Report,C,81,HIGH,71.35,MONITORING,2025-08-25,2025-09-07,SYNTHETIC / DEMO ONLY. Defensive analytics record.,Discovery,Phishing
THR-2026-01112,Synthetic Data Exposure Observation,DATA EXPOSURE,URL,https://example.com/demo/1112,Public Threat Feed,B,88,LOW,56.15,NEW,2025-08-02,2025-08-22,SYNTHETIC / DEMO ONLY. Defensive analytics record.,Exfiltration,Phishing
THR-2026-01113,Synthetic Network Threats Observation,NETWORK THREATS,CVE ID,CVE-2026-2113,Unknown Source,D,85,INFORMATIONAL,41.55,UNDER_REVIEW,2025-04-03,2025-04-06,SYNTHETIC / DEMO ONLY. Defensive analytics record.,Credential Access,Application Layer Protocol
THR-2026-01114,Synthetic Vulnerability Exposure Observation,VULNERABILITY EXPOSURE,URL,https://example.com/demo/1114,Research Report,C,66,MEDIUM,70.25,NEW,2025-05-12,2025-05-13,SYNTHETIC / DEMO ONLY. Defensive analytics record.,Discovery,Network Service Discovery
THR-2026-01115,Synthetic Phishing Observation,PHISHING,DOMAIN,demo.invalid,Unknown Source,D,47,HIGH,61.0,MONITORING,2025-07-13,2025-08-11,SYNTHETIC / DEMO ONLY. Defensive analytics record.,Command and Control,Application Layer Protocol
THR-2026-01116,Synthetic Phishing Observation,PHISHING,DOMAIN,example.com,Public Threat Feed,B,45,CRITICAL,64.25,MONITORING,2025-03-15,2025-03-23,SYNTHETIC / DEMO ONLY. Defensive analytics record.,Exfiltration,Data from Local System
THR-2026-01117,Synthetic Data Exposure Observation,DATA EXPOSURE,DOMAIN,example.org,Internal SOC,A,82,HIGH,79.2,UNDER_REVIEW,2025-05-23,2025-05-31,SYNTHETIC / DEMO ONLY. Defensive analytics record.,Discovery,Data from Local System
THR-2026-01118,Synthetic Phishing Observation,PHISHING,EMAIL/SENDER DOMAIN,example.com,Security Vendor,B,71,MEDIUM,55.95,CLOSED,2025-09-17,2025-09-17,SYNTHETIC / DEMO ONLY. Defensive analytics record.,Credential Access,Network Service Discovery
THR-2026-01119,Synthetic Web Threats Observation,WEB THREATS,FILE HASH,96be39119cb76eae1bd703d8f9e282f3edbfdfd48be6803ca42826dc627c2548,Unknown Source,D,75,MEDIUM,51.75,MONITORING,2025-12-23,2026-01-14,SYNTHETIC / DEMO ONLY. Defensive analytics record.,Credential Access,Phishing
THR-2026-01120,Synthetic Account Security Observation,ACCOUNT SECURITY,URL,https://example.com/demo/1120,Community Submission,C,93,HIGH,82.8,CLOSED,2025-07-17,2025-08-03,SYNTHETIC / DEMO ONLY. Defensive analytics record.,Command and Control,Data from Local System
THR-2026-01121,Synthetic Phishing Observation,PHISHING,URL,https://example.com/demo/1121,Public Threat Feed,B,91,MEDIUM,68.9,UNDER_REVIEW,2025-09-16,2025-10-03,SYNTHETIC / DEMO ONLY. Defensive analytics record.,Command and Control,Network Service Discovery
THR-2026-01122,Synthetic Vulnerability Exposure Observation,VULNERABILITY EXPOSURE,IP ADDRESS,192.0.2.107,Community Submission,C,45,HIGH,71.65,UNDER_REVIEW,2025-07-09,2025-07-11,SYNTHETIC / DEMO ONLY. Defensive analytics record.,Exfiltration,Network Service Discovery
THR-2026-01123,Synthetic Web Threats Observation,WEB THREATS,URL,https://example.com/demo/1123,Research Report,C,94,HIGH,69.25,FALSE_POSITIVE,2025-03-08,2025-03-13,SYNTHETIC / DEMO ONLY. Defensive analytics record.,Discovery,Data from Local System
THR-2026-01124,Synthetic Vulnerability Exposure Observation,VULNERABILITY EXPOSURE,FILE HASH,d7a8cf9fd9d25cbc57ee1887f9fcb95cffe234fcad62856b840e6f92f10d9c79,Internal SOC,A,71,CRITICAL,82.05,FALSE_POSITIVE,2025-06-23,2025-07-22,SYNTHETIC / DEMO ONLY. Defensive analytics record.,Credential Access,Application Layer Protocol
THR-2026-01125,Synthetic Account Security Observation,ACCOUNT SECURITY,IP ADDRESS,192.0.2.110,Security Vendor,B,62,LOW,52.65,UNDER_REVIEW,2025-10-02,2025-10-29,SYNTHETIC / DEMO ONLY. Defensive analytics record.,Command and Control,Data from Local System
THR-2026-01126,Synthetic Vulnerability Exposure Observation,VULNERABILITY EXPOSURE,URL,https://example.com/demo/1126,Research Report,C,70,HIGH,72.4,MONITORING,2025-11-08,2025-11-29,SYNTHETIC / DEMO ONLY. Defensive analytics record.,Exfiltration,Data from Local System
THR-2026-01127,Synthetic Data Exposure Observation,DATA EXPOSURE,FILE HASH,2d06b9cb9ace29ae330a5d080f654a84eec0c7a0f841723767da0f385125a4b4,Research Report,C,98,LOW,62.6,UNDER_REVIEW,2025-10-13,2025-11-11,SYNTHETIC / DEMO ONLY. Defensive analytics record.,Command and Control,Network Service Discovery
THR-2026-01128,Synthetic Phishing Observation,PHISHING,EMAIL/SENDER DOMAIN,example.com,Research Report,C,57,HIGH,64.95,CLOSED,2025-03-10,2025-03-30,SYNTHETIC / DEMO ONLY. Defensive analytics record.,Command and Control,Application Layer Protocol
THR-2026-01129,Synthetic Credential Threats Observation,CREDENTIAL THREATS,CVE ID,CVE-2026-2129,Security Vendor,B,52,INFORMATIONAL,57.25,FALSE_POSITIVE,2025-11-21,2025-12-10,SYNTHETIC / DEMO ONLY. Defensive analytics record.,Command and Control,Phishing
THR-2026-01130,Synthetic Network Threats Observation,NETWORK THREATS,EMAIL/SENDER DOMAIN,example.com,Community Submission,C,95,LOW,59.1,FALSE_POSITIVE,2025-12-21,2026-01-13,SYNTHETIC / DEMO ONLY. Defensive analytics record.,Command and Control,Data from Local System
THR-2026-01131,Synthetic Data Exposure Observation,DATA EXPOSURE,DOMAIN,demo.invalid,Security Vendor,B,93,HIGH,71.45,UNDER_REVIEW,2025-05-05,2025-06-03,SYNTHETIC / DEMO ONLY. Defensive analytics record.,Discovery,Valid Accounts
THR-2026-01132,Synthetic Web Threats Observation,WEB THREATS,IP ADDRESS,192.0.2.117,Security Vendor,B,94,HIGH,79.35,UNDER_REVIEW,2025-05-19,2025-05-26,SYNTHETIC / DEMO ONLY. Defensive analytics record.,Command and Control,Data from Local System
THR-2026-01133,Synthetic Malware Observation,MALWARE,EMAIL/SENDER DOMAIN,example.org,Security Vendor,B,66,HIGH,61.2,CLOSED,2025-12-16,2026-01-06,SYNTHETIC / DEMO ONLY. Defensive analytics record.,Exfiltration,Application Layer Protocol
THR-2026-01134,Synthetic Vulnerability Exposure Observation,VULNERABILITY EXPOSURE,IP ADDRESS,192.0.2.119,Public Threat Feed,B,50,HIGH,76.35,CLOSED,2025-01-01,2025-01-01,SYNTHETIC / DEMO ONLY. Defensive analytics record.,Command and Control,Phishing
THR-2026-01135,Synthetic Web Threats Observation,WEB THREATS,FILE HASH,086612af8b15875ffab35b3d4026a5bc38379c885762b5e6a79c977ead30a1f6,Unknown Source,D,40,HIGH,61.65,CLOSED,2025-02-13,2025-03-05,SYNTHETIC / DEMO ONLY. Defensive analytics record.,Command and Control,Phishing
THR-2026-01136,Synthetic Malware Observation,MALWARE,DOMAIN,example.com,Community Submission,C,49,HIGH,64.0,MONITORING,2025-06-04,2025-06-25,SYNTHETIC / DEMO ONLY. Defensive analytics record.,Credential Access,Valid Accounts
THR-2026-01137,Synthetic Social Engineering Observation,SOCIAL ENGINEERING,DOMAIN,example.org,Public Threat Feed,B,44,MEDIUM,59.4,MONITORING,2025-08-21,2025-08-31,SYNTHETIC / DEMO ONLY. Defensive analytics record.,Command and Control,Network Service Discovery
THR-2026-01138,Synthetic Social Engineering Observation,SOCIAL ENGINEERING,CVE ID,CVE-2026-2138,Public Threat Feed,B,39,MEDIUM,50.05,UNDER_REVIEW,2025-08-07,2025-08-07,SYNTHETIC / DEMO ONLY. Defensive analytics record.,Discovery,Data from Local System
THR-2026-01139,Synthetic Network Threats Observation,NETWORK THREATS,CVE ID,CVE-2026-2139,Unknown Source,D,55,MEDIUM,59.6,MONITORING,2025-01-01,2025-01-15,SYNTHETIC / DEMO ONLY. Defensive analytics record.,Credential Access,Valid Accounts
THR-2026-01140,Synthetic Ransomware Observation,RANSOMWARE,EMAIL/SENDER DOMAIN,example.com,Research Report,C,67,MEDIUM,57.9,MONITORING,2025-09-15,2025-10-03,SYNTHETIC / DEMO ONLY. Defensive analytics record.,Credential Access,Data from Local System
THR-2026-01141,Synthetic Phishing Observation,PHISHING,URL,https://example.com/demo/1141,Community Submission,C,86,MEDIUM,69.95,UNDER_REVIEW,2025-07-09,2025-07-29,SYNTHETIC / DEMO ONLY. Defensive analytics record.,Exfiltration,Data from Local System
THR-2026-01142,Synthetic Network Threats Observation,NETWORK THREATS,EMAIL/SENDER DOMAIN,example.com,Research Report,C,56,MEDIUM,60.85,CLOSED,2025-04-29,2025-05-27,SYNTHETIC / DEMO ONLY. Defensive analytics record.,Initial Access,Phishing
THR-2026-01143,Synthetic Network Threats Observation,NETWORK THREATS,DOMAIN,demo.invalid,Security Vendor,B,54,MEDIUM,59.55,MONITORING,2025-02-03,2025-02-09,SYNTHETIC / DEMO ONLY. Defensive analytics record.,Command and Control,Application Layer Protocol
THR-2026-01144,Synthetic Account Security Observation,ACCOUNT SECURITY,CVE ID,CVE-2026-2144,Unknown Source,D,64,CRITICAL,71.85,CLOSED,2025-01-26,2025-01-27,SYNTHETIC / DEMO ONLY. Defensive analytics record.,Initial Access,Network Service Discovery
THR-2026-01145,Synthetic Data Exposure Observation,DATA EXPOSURE,IP ADDRESS,192.0.2.130,Community Submission,C,45,MEDIUM,54.5,UNDER_REVIEW,2025-04-09,2025-04-16,SYNTHETIC / DEMO ONLY. Defensive analytics record.,Discovery,Valid Accounts
THR-2026-01146,Synthetic Credential Threats Observation,CREDENTIAL THREATS,DOMAIN,example.net,Research Report,C,57,HIGH,64.2,NEW,2025-03-25,2025-04-02,SYNTHETIC / DEMO ONLY. Defensive analytics record.,Credential Access,Phishing
THR-2026-01147,Synthetic Ransomware Observation,RANSOMWARE,EMAIL/SENDER DOMAIN,example.org,Security Vendor,B,64,MEDIUM,66.5,NEW,2025-05-02,2025-05-16,SYNTHETIC / DEMO ONLY. Defensive analytics record.,Exfiltration,Phishing
THR-2026-01148,Synthetic Network Threats Observation,NETWORK THREATS,CVE ID,CVE-2026-2148,Research Report,C,49,LOW,46.75,FALSE_POSITIVE,2025-09-22,2025-09-25,SYNTHETIC / DEMO ONLY. Defensive analytics record.,Exfiltration,Valid Accounts
THR-2026-01149,Synthetic Account Security Observation,ACCOUNT SECURITY,FILE HASH,9c4d28e508176515883a54e2ed30f24eee8389978ee4b32a1ae243d4cd63f4b8,Internal SOC,A,90,MEDIUM,64.8,FALSE_POSITIVE,2025-03-06,2025-03-31,SYNTHETIC / DEMO ONLY. Defensive analytics record.,Command and Control,Phishing
THR-2026-01150,Synthetic Web Threats Observation,WEB THREATS,FILE HASH,93710dc7c0d5769141c2c69cb8acaff6e887f66339500c6ba7d4c801ca9af76c,Research Report,C,57,HIGH,69.95,MONITORING,2025-04-13,2025-04-22,SYNTHETIC / DEMO ONLY. Defensive analytics record.,Discovery,Data from Local System
THR-2026-01151,Synthetic Credential Threats Observation,CREDENTIAL THREATS,URL,https://example.com/demo/1151,Community Submission,C,74,MEDIUM,64.8,NEW,2025-09-30,2025-10-15,SYNTHETIC / DEMO ONLY. Defensive analytics record.,Discovery,Data from Local System
THR-2026-01152,Synthetic Social Engineering Observation,SOCIAL ENGINEERING,FILE HASH,1d76964d0d47aee9f828f60615ac7d7b49651024ed23cd9b7804a5c9310eeeed,Internal SOC,A,90,LOW,61.4,FALSE_POSITIVE,2025-05-20,2025-05-30,SYNTHETIC / DEMO ONLY. Defensive analytics record.,Credential Access,Valid Accounts
THR-2026-01153,Synthetic Malware Observation,MALWARE,DOMAIN,example.org,Community Submission,C,74,LOW,59.55,MONITORING,2025-11-10,2025-12-01,SYNTHETIC / DEMO ONLY. Defensive analytics record.,Exfiltration,Valid Accounts
THR-2026-01154,Synthetic Account Security Observation,ACCOUNT SECURITY,CVE ID,CVE-2026-2154,Security Vendor,B,59,LOW,47.4,UNDER_REVIEW,2025-02-23,2025-03-16,SYNTHETIC / DEMO ONLY. Defensive analytics record.,Discovery,Data from Local System
THR-2026-01155,Synthetic Social Engineering Observation,SOCIAL ENGINEERING,CVE ID,CVE-2026-2155,Research Report,C,69,MEDIUM,58.7,UNDER_REVIEW,2025-07-30,2025-08-10,SYNTHETIC / DEMO ONLY. Defensive analytics record.,Discovery,Network Service Discovery
THR-2026-01156,Synthetic Network Threats Observation,NETWORK THREATS,CVE ID,CVE-2026-2156,Public Threat Feed,B,89,MEDIUM,73.05,CLOSED,2025-12-30,2026-01-23,SYNTHETIC / DEMO ONLY. Defensive analytics record.,Initial Access,Application Layer Protocol
THR-2026-01157,Synthetic Network Threats Observation,NETWORK THREATS,CVE ID,CVE-2026-2157,Research Report,C,70,HIGH,58.85,MONITORING,2025-01-28,2025-02-19,SYNTHETIC / DEMO ONLY. Defensive analytics record.,Discovery,Network Service Discovery
THR-2026-01158,Synthetic Phishing Observation,PHISHING,URL,https://example.com/demo/1158,Research Report,C,76,MEDIUM,67.65,FALSE_POSITIVE,2025-09-13,2025-10-02,SYNTHETIC / DEMO ONLY. Defensive analytics record.,Command and Control,Network Service Discovery
THR-2026-01159,Synthetic Malware Observation,MALWARE,IP ADDRESS,192.0.2.144,Public Threat Feed,B,96,LOW,71.75,CLOSED,2025-12-09,2026-01-02,SYNTHETIC / DEMO ONLY. Defensive analytics record.,Command and Control,Valid Accounts
THR-2026-01160,Synthetic Web Threats Observation,WEB THREATS,EMAIL/SENDER DOMAIN,example.com,Internal SOC,A,47,MEDIUM,52.2,CLOSED,2025-04-01,2025-04-12,SYNTHETIC / DEMO ONLY. Defensive analytics record.,Discovery,Phishing
THR-2026-01161,Synthetic Social Engineering Observation,SOCIAL ENGINEERING,DOMAIN,example.org,Internal SOC,A,76,HIGH,75.7,MONITORING,2025-10-16,2025-11-03,SYNTHETIC / DEMO ONLY. Defensive analytics record.,Exfiltration,Valid Accounts
THR-2026-01162,Synthetic Data Exposure Observation,DATA EXPOSURE,IP ADDRESS,192.0.2.147,Public Threat Feed,B,68,MEDIUM,67.75,UNDER_REVIEW,2025-01-13,2025-01-13,SYNTHETIC / DEMO ONLY. Defensive analytics record.,Initial Access,Network Service Discovery
THR-2026-01163,Synthetic Network Threats Observation,NETWORK THREATS,FILE HASH,9f77ff08e07386d87ead8d73f6f037bb683e6d383c383cfc54e31a91785e9685,Security Vendor,B,58,HIGH,67.75,MONITORING,2025-05-11,2025-05-22,SYNTHETIC / DEMO ONLY. Defensive analytics record.,Credential Access,Network Service Discovery
THR-2026-01164,Synthetic Web Threats Observation,WEB THREATS,EMAIL/SENDER DOMAIN,example.com,Internal SOC,A,52,HIGH,65.2,CLOSED,2025-06-13,2025-07-08,SYNTHETIC / DEMO ONLY. Defensive analytics record.,Initial Access,Data from Local System
THR-2026-01165,Synthetic Phishing Observation,PHISHING,EMAIL/SENDER DOMAIN,example.org,Community Submission,C,90,MEDIUM,63.7,MONITORING,2025-04-01,2025-04-16,SYNTHETIC / DEMO ONLY. Defensive analytics record.,Exfiltration,Network Service Discovery
THR-2026-01166,Synthetic Malware Observation,MALWARE,CVE ID,CVE-2026-2166,Internal SOC,A,49,LOW,52.75,CLOSED,2025-11-18,2025-12-06,SYNTHETIC / DEMO ONLY. Defensive analytics record.,Exfiltration,Valid Accounts
THR-2026-01167,Synthetic Malware Observation,MALWARE,CVE ID,CVE-2026-2167,Public Threat Feed,B,94,MEDIUM,66.55,FALSE_POSITIVE,2025-11-25,2025-11-30,SYNTHETIC / DEMO ONLY. Defensive analytics record.,Discovery,Application Layer Protocol
THR-2026-01168,Synthetic Data Exposure Observation,DATA EXPOSURE,CVE ID,CVE-2026-2168,Research Report,C,37,HIGH,64.9,CLOSED,2025-12-29,2026-01-17,SYNTHETIC / DEMO ONLY. Defensive analytics record.,Initial Access,Phishing
THR-2026-01169,Synthetic Credential Threats Observation,CREDENTIAL THREATS,URL,https://example.com/demo/1169,Public Threat Feed,B,63,MEDIUM,66.7,UNDER_REVIEW,2025-05-12,2025-06-01,SYNTHETIC / DEMO ONLY. Defensive analytics record.,Exfiltration,Network Service Discovery
THR-2026-01170,Synthetic Account Security Observation,ACCOUNT SECURITY,DOMAIN,example.net,Security Vendor,B,61,LOW,45.4,FALSE_POSITIVE,2025-12-19,2026-01-05,SYNTHETIC / DEMO ONLY. Defensive analytics record.,Initial Access,Valid Accounts
THR-2026-01171,Synthetic Data Exposure Observation,DATA EXPOSURE,URL,https://example.com/demo/1171,Public Threat Feed,B,75,CRITICAL,70.65,CLOSED,2025-07-30,2025-08-04,SYNTHETIC / DEMO ONLY. Defensive analytics record.,Discovery,Valid Accounts
THR-2026-01172,Synthetic Credential Threats Observation,CREDENTIAL THREATS,URL,https://example.com/demo/1172,Research Report,C,50,INFORMATIONAL,40.05,NEW,2025-09-17,2025-09-29,SYNTHETIC / DEMO ONLY. Defensive analytics record.,Command and Control,Application Layer Protocol
THR-2026-01173,Synthetic Vulnerability Exposure Observation,VULNERABILITY EXPOSURE,DOMAIN,example.org,Research Report,C,50,LOW,43.2,FALSE_POSITIVE,2025-03-11,2025-04-03,SYNTHETIC / DEMO ONLY. Defensive analytics record.,Initial Access,Valid Accounts
THR-2026-01174,Synthetic Credential Threats Observation,CREDENTIAL THREATS,IP ADDRESS,192.0.2.159,Unknown Source,D,80,CRITICAL,78.8,NEW,2025-09-26,2025-10-02,SYNTHETIC / DEMO ONLY. Defensive analytics record.,Exfiltration,Network Service Discovery
THR-2026-01175,Synthetic Social Engineering Observation,SOCIAL ENGINEERING,URL,https://example.com/demo/1175,Research Report,C,37,MEDIUM,49.25,NEW,2025-06-11,2025-07-11,SYNTHETIC / DEMO ONLY. Defensive analytics record.,Discovery,Network Service Discovery
THR-2026-01176,Synthetic Web Threats Observation,WEB THREATS,IP ADDRESS,192.0.2.161,Unknown Source,D,73,MEDIUM,52.65,MONITORING,2025-05-05,2025-05-05,SYNTHETIC / DEMO ONLY. Defensive analytics record.,Discovery,Phishing
THR-2026-01177,Synthetic Ransomware Observation,RANSOMWARE,DOMAIN,example.org,Internal SOC,A,51,LOW,48.3,NEW,2025-01-11,2025-01-26,SYNTHETIC / DEMO ONLY. Defensive analytics record.,Initial Access,Data from Local System
THR-2026-01178,Synthetic Credential Threats Observation,CREDENTIAL THREATS,CVE ID,CVE-2026-2178,Public Threat Feed,B,88,HIGH,70.65,FALSE_POSITIVE,2025-10-04,2025-11-02,SYNTHETIC / DEMO ONLY. Defensive analytics record.,Credential Access,Valid Accounts
THR-2026-01179,Synthetic Network Threats Observation,NETWORK THREATS,IP ADDRESS,192.0.2.164,Internal SOC,A,98,HIGH,76.45,MONITORING,2025-02-15,2025-02-26,SYNTHETIC / DEMO ONLY. Defensive analytics record.,Exfiltration,Network Service Discovery
THR-2026-01180,Synthetic Phishing Observation,PHISHING,IP ADDRESS,192.0.2.165,Research Report,C,39,MEDIUM,54.15,CLOSED,2025-12-09,2025-12-26,SYNTHETIC / DEMO ONLY. Defensive analytics record.,Exfiltration,Data from Local System
THR-2026-01181,Synthetic Ransomware Observation,RANSOMWARE,DOMAIN,example.org,Public Threat Feed,B,63,LOW,47.0,CLOSED,2025-11-05,2025-12-05,SYNTHETIC / DEMO ONLY. Defensive analytics record.,Command and Control,Application Layer Protocol
THR-2026-01182,Synthetic Data Exposure Observation,DATA EXPOSURE,FILE HASH,7007e16661e24aa7c7233e4a4b4c57f0b8ce8a431339827cec5b7911ad8ed604,Community Submission,C,35,LOW,47.75,MONITORING,2025-08-23,2025-08-27,SYNTHETIC / DEMO ONLY. Defensive analytics record.,Exfiltration,Network Service Discovery
THR-2026-01183,Synthetic Account Security Observation,ACCOUNT SECURITY,CVE ID,CVE-2026-2183,Research Report,C,98,HIGH,81.95,FALSE_POSITIVE,2025-10-29,2025-11-05,SYNTHETIC / DEMO ONLY. Defensive analytics record.,Credential Access,Valid Accounts
THR-2026-01184,Synthetic Credential Threats Observation,CREDENTIAL THREATS,CVE ID,CVE-2026-2184,Internal SOC,A,86,LOW,61.5,MONITORING,2025-08-27,2025-09-03,SYNTHETIC / DEMO ONLY. Defensive analytics record.,Credential Access,Network Service Discovery
THR-2026-01185,Synthetic Network Threats Observation,NETWORK THREATS,CVE ID,CVE-2026-2185,Unknown Source,D,69,CRITICAL,69.3,UNDER_REVIEW,2025-06-24,2025-07-15,SYNTHETIC / DEMO ONLY. Defensive analytics record.,Exfiltration,Phishing
THR-2026-01186,Synthetic Vulnerability Exposure Observation,VULNERABILITY EXPOSURE,CVE ID,CVE-2026-2186,Security Vendor,B,58,INFORMATIONAL,34.6,CLOSED,2025-09-02,2025-09-07,SYNTHETIC / DEMO ONLY. Defensive analytics record.,Discovery,Phishing
THR-2026-01187,Synthetic Account Security Observation,ACCOUNT SECURITY,FILE HASH,fb30d010bed72df48af304885205f4ad363487a433f11098b65897688bac3dc2,Public Threat Feed,B,59,MEDIUM,68.8,CLOSED,2025-05-15,2025-05-21,SYNTHETIC / DEMO ONLY. Defensive analytics record.,Exfiltration,Network Service Discovery
THR-2026-01188,Synthetic Data Exposure Observation,DATA EXPOSURE,FILE HASH,ab63bcfd31c3c899d32682d6d4b11cd0ab361948ac531cd34733f7c7da1d5906,Public Threat Feed,B,78,LOW,52.65,CLOSED,2025-07-11,2025-08-05,SYNTHETIC / DEMO ONLY. Defensive analytics record.,Exfiltration,Application Layer Protocol
THR-2026-01189,Synthetic Malware Observation,MALWARE,CVE ID,CVE-2026-2189,Community Submission,C,68,HIGH,65.3,FALSE_POSITIVE,2025-02-07,2025-02-07,SYNTHETIC / DEMO ONLY. Defensive analytics record.,Credential Access,Phishing
THR-2026-01190,Synthetic Credential Threats Observation,CREDENTIAL THREATS,FILE HASH,0762ccdee5d5c0bd5dbcddcf3333a5142a8775a32ba4f32401ff249ea694b0f3,Internal SOC,A,72,HIGH,68.5,FALSE_POSITIVE,2025-05-15,2025-05-28,SYNTHETIC / DEMO ONLY. Defensive analytics record.,Initial Access,Data from Local System
THR-2026-01191,Synthetic Ransomware Observation,RANSOMWARE,FILE HASH,5edbfdf9bb095589bc1b06eea0d653f60178c129e30eb82b7d160da1ee00212e,Community Submission,C,59,HIGH,56.15,MONITORING,2025-09-22,2025-10-15,SYNTHETIC / DEMO ONLY. Defensive analytics record.,Exfiltration,Data from Local System
THR-2026-01192,Synthetic Ransomware Observation,RANSOMWARE,EMAIL/SENDER DOMAIN,example.com,Community Submission,C,41,HIGH,67.05,FALSE_POSITIVE,2025-09-06,2025-09-28,SYNTHETIC / DEMO ONLY. Defensive analytics record.,Credential Access,Network Service Discovery
THR-2026-01193,Synthetic Ransomware Observation,RANSOMWARE,IP ADDRESS,192.0.2.178,Unknown Source,D,63,HIGH,67.0,UNDER_REVIEW,2025-02-23,2025-03-08,SYNTHETIC / DEMO ONLY. Defensive analytics record.,Discovery,Phishing
THR-2026-01194,Synthetic Vulnerability Exposure Observation,VULNERABILITY EXPOSURE,URL,https://example.com/demo/1194,Community Submission,C,88,MEDIUM,69.45,MONITORING,2025-10-24,2025-11-16,SYNTHETIC / DEMO ONLY. Defensive analytics record.,Initial Access,Phishing
THR-2026-01195,Synthetic Web Threats Observation,WEB THREATS,CVE ID,CVE-2026-2195,Public Threat Feed,B,61,MEDIUM,72.55,CLOSED,2025-11-28,2025-11-29,SYNTHETIC / DEMO ONLY. Defensive analytics record.,Credential Access,Valid Accounts
THR-2026-01196,Synthetic Social Engineering Observation,SOCIAL ENGINEERING,DOMAIN,example.com,Security Vendor,B,85,HIGH,72.7,UNDER_REVIEW,2025-03-05,2025-03-11,SYNTHETIC / DEMO ONLY. Defensive analytics record.,Discovery,Phishing
THR-2026-01197,Synthetic Credential Threats Observation,CREDENTIAL THREATS,URL,https://example.com/demo/1197,Research Report,C,50,LOW,54.5,UNDER_REVIEW,2025-09-18,2025-10-02,SYNTHETIC / DEMO ONLY. Defensive analytics record.,Discovery,Network Service Discovery
THR-2026-01198,Synthetic Phishing Observation,PHISHING,CVE ID,CVE-2026-2198,Public Threat Feed,B,48,LOW,59.9,CLOSED,2025-09-05,2025-09-26,SYNTHETIC / DEMO ONLY. Defensive analytics record.,Discovery,Phishing
THR-2026-01199,Synthetic Data Exposure Observation,DATA EXPOSURE,CVE ID,CVE-2026-2199,Security Vendor,B,44,HIGH,66.35,MONITORING,2025-12-12,2025-12-24,SYNTHETIC / DEMO ONLY. Defensive analytics record.,Initial Access,Application Layer Protocol
THR-2026-01200,Synthetic Vulnerability Exposure Observation,VULNERABILITY EXPOSURE,EMAIL/SENDER DOMAIN,example.com,Unknown Source,D,97,LOW,56.55,FALSE_POSITIVE,2025-11-10,2025-11-12,SYNTHETIC / DEMO ONLY. Defensive analytics record.,Exfiltration,Network Service Discovery
THR-2026-01201,Synthetic Credential Threats Observation,CREDENTIAL THREATS,CVE ID,CVE-2026-2201,Unknown Source,D,90,MEDIUM,55.85,MONITORING,2025-08-11,2025-09-06,SYNTHETIC / DEMO ONLY. Defensive analytics record.,Discovery,Data from Local System
THR-2026-01202,Synthetic Network Threats Observation,NETWORK THREATS,FILE HASH,f5fff0c33a30ee705d37cd6263b8259b18c09386d8c0eefe0db5a40c351c778e,Public Threat Feed,B,80,HIGH,58.85,CLOSED,2025-01-01,2025-01-26,SYNTHETIC / DEMO ONLY. Defensive analytics record.,Credential Access,Data from Local System
THR-2026-01203,Synthetic Social Engineering Observation,SOCIAL ENGINEERING,DOMAIN,demo.invalid,Unknown Source,D,69,MEDIUM,59.65,FALSE_POSITIVE,2025-02-25,2025-03-23,SYNTHETIC / DEMO ONLY. Defensive analytics record.,Command and Control,Data from Local System
THR-2026-01204,Synthetic Data Exposure Observation,DATA EXPOSURE,CVE ID,CVE-2026-2204,Community Submission,C,48,MEDIUM,57.6,UNDER_REVIEW,2025-11-14,2025-11-17,SYNTHETIC / DEMO ONLY. Defensive analytics record.,Discovery,Data from Local System
THR-2026-01205,Synthetic Account Security Observation,ACCOUNT SECURITY,FILE HASH,94890f556ebac29a59b32f67281c58f614c4aa6d1c78c2b83d9d65a174677c6b,Unknown Source,D,40,HIGH,61.7,FALSE_POSITIVE,2025-03-14,2025-04-10,SYNTHETIC / DEMO ONLY. Defensive analytics record.,Initial Access,Application Layer Protocol
THR-2026-01206,Synthetic Vulnerability Exposure Observation,VULNERABILITY EXPOSURE,CVE ID,CVE-2026-2206,Security Vendor,B,58,CRITICAL,73.2,CLOSED,2025-11-12,2025-11-21,SYNTHETIC / DEMO ONLY. Defensive analytics record.,Initial Access,Application Layer Protocol
THR-2026-01207,Synthetic Web Threats Observation,WEB THREATS,URL,https://example.com/demo/1207,Public Threat Feed,B,80,HIGH,70.45,CLOSED,2025-12-08,2025-12-18,SYNTHETIC / DEMO ONLY. Defensive analytics record.,Discovery,Valid Accounts
THR-2026-01208,Synthetic Credential Threats Observation,CREDENTIAL THREATS,EMAIL/SENDER DOMAIN,example.com,Community Submission,C,76,HIGH,75.05,CLOSED,2025-10-05,2025-11-01,SYNTHETIC / DEMO ONLY. Defensive analytics record.,Initial Access,Network Service Discovery
THR-2026-01209,Synthetic Network Threats Observation,NETWORK THREATS,EMAIL/SENDER DOMAIN,example.org,Security Vendor,B,75,MEDIUM,54.65,MONITORING,2025-02-08,2025-02-20,SYNTHETIC / DEMO ONLY. Defensive analytics record.,Exfiltration,Application Layer Protocol
THR-2026-01210,Synthetic Ransomware Observation,RANSOMWARE,FILE HASH,2d5c8086750790aae22e6d5a4304dce35bf3d74c28084cccc663fff00aeb9147,Unknown Source,D,97,LOW,58.8,UNDER_REVIEW,2025-06-30,2025-07-24,SYNTHETIC / DEMO ONLY. Defensive analytics record.,Credential Access,Network Service Discovery
THR-2026-01211,Synthetic Phishing Observation,PHISHING,IP ADDRESS,192.0.2.196,Public Threat Feed,B,72,LOW,59.9,NEW,2025-06-12,2025-07-01,SYNTHETIC / DEMO ONLY. Defensive analytics record.,Credential Access,Phishing
THR-2026-01212,Synthetic Malware Observation,MALWARE,CVE ID,CVE-2026-2212,Unknown Source,D,86,MEDIUM,57.5,CLOSED,2025-04-04,2025-04-15,SYNTHETIC / DEMO ONLY. Defensive analytics record.,Credential Access,Application Layer Protocol
THR-2026-01213,Synthetic Malware Observation,MALWARE,CVE ID,CVE-2026-2213,Public Threat Feed,B,45,HIGH,62.55,FALSE_POSITIVE,2025-12-12,2025-12-19,SYNTHETIC / DEMO ONLY. Defensive analytics record.,Credential Access,Network Service Discovery
THR-2026-01214,Synthetic Phishing Observation,PHISHING,FILE HASH,475bdd127ba08b70f34bd6c9046593947dee6b3070ca19835496e666080cf2ca,Unknown Source,D,63,LOW,46.05,UNDER_REVIEW,2025-02-04,2025-03-01,SYNTHETIC / DEMO ONLY. Defensive analytics record.,Credential Access,Phishing
THR-2026-01215,Synthetic Web Threats Observation,WEB THREATS,DOMAIN,demo.invalid,Community Submission,C,96,CRITICAL,87.05,UNDER_REVIEW,2025-03-25,2025-04-12,SYNTHETIC / DEMO ONLY. Defensive analytics record.,Command and Control,Valid Accounts
THR-2026-01216,Synthetic Data Exposure Observation,DATA EXPOSURE,EMAIL/SENDER DOMAIN,example.com,Community Submission,C,84,MEDIUM,67.05,MONITORING,2025-08-20,2025-09-02,SYNTHETIC / DEMO ONLY. Defensive analytics record.,Discovery,Valid Accounts
THR-2026-01217,Synthetic Network Threats Observation,NETWORK THREATS,EMAIL/SENDER DOMAIN,example.org,Unknown Source,D,52,MEDIUM,54.45,NEW,2025-03-11,2025-03-15,SYNTHETIC / DEMO ONLY. Defensive analytics record.,Exfiltration,Application Layer Protocol
THR-2026-01218,Synthetic Data Exposure Observation,DATA EXPOSURE,URL,https://example.com/demo/1218,Community Submission,C,64,LOW,58.6,MONITORING,2025-09-09,2025-09-23,SYNTHETIC / DEMO ONLY. Defensive analytics record.,Exfiltration,Phishing
THR-2026-01219,Synthetic Social Engineering Observation,SOCIAL ENGINEERING,EMAIL/SENDER DOMAIN,example.org,Community Submission,C,90,MEDIUM,54.35,FALSE_POSITIVE,2025-03-21,2025-04-04,SYNTHETIC / DEMO ONLY. Defensive analytics record.,Initial Access,Network Service Discovery
THR-2026-01220,Synthetic Social Engineering Observation,SOCIAL ENGINEERING,CVE ID,CVE-2026-2220,Unknown Source,D,80,LOW,50.95,NEW,2025-08-25,2025-09-24,SYNTHETIC / DEMO ONLY. Defensive analytics record.,Exfiltration,Application Layer Protocol
THR-2026-01221,Synthetic Vulnerability Exposure Observation,VULNERABILITY EXPOSURE,CVE ID,CVE-2026-2221,Security Vendor,B,85,HIGH,73.2,MONITORING,2025-04-01,2025-04-23,SYNTHETIC / DEMO ONLY. Defensive analytics record.,Discovery,Valid Accounts
THR-2026-01222,Synthetic Account Security Observation,ACCOUNT SECURITY,EMAIL/SENDER DOMAIN,example.com,Security Vendor,B,75,CRITICAL,73.55,MONITORING,2025-01-02,2025-01-26,SYNTHETIC / DEMO ONLY. Defensive analytics record.,Exfiltration,Phishing
THR-2026-01223,Synthetic Malware Observation,MALWARE,EMAIL/SENDER DOMAIN,example.org,Research Report,C,55,LOW,49.45,UNDER_REVIEW,2025-02-28,2025-03-24,SYNTHETIC / DEMO ONLY. Defensive analytics record.,Credential Access,Phishing
THR-2026-01224,Synthetic Social Engineering Observation,SOCIAL ENGINEERING,CVE ID,CVE-2026-2224,Internal SOC,A,47,LOW,56.6,CLOSED,2025-06-07,2025-06-19,SYNTHETIC / DEMO ONLY. Defensive analytics record.,Credential Access,Network Service Discovery
THR-2026-01225,Synthetic Ransomware Observation,RANSOMWARE,IP ADDRESS,192.0.2.210,Security Vendor,B,90,MEDIUM,66.05,CLOSED,2025-09-29,2025-10-07,SYNTHETIC / DEMO ONLY. Defensive analytics record.,Credential Access,Valid Accounts
THR-2026-01226,Synthetic Network Threats Observation,NETWORK THREATS,CVE ID,CVE-2026-2226,Public Threat Feed,B,92,HIGH,73.75,FALSE_POSITIVE,2025-12-22,2026-01-19,SYNTHETIC / DEMO ONLY. Defensive analytics record.,Initial Access,Data from Local System
THR-2026-01227,Synthetic Phishing Observation,PHISHING,CVE ID,CVE-2026-2227,Security Vendor,B,35,MEDIUM,45.9,MONITORING,2025-07-18,2025-07-30,SYNTHETIC / DEMO ONLY. Defensive analytics record.,Initial Access,Data from Local System
THR-2026-01228,Synthetic Account Security Observation,ACCOUNT SECURITY,URL,https://example.com/demo/1228,Security Vendor,B,59,HIGH,78.4,UNDER_REVIEW,2025-09-30,2025-10-17,SYNTHETIC / DEMO ONLY. Defensive analytics record.,Discovery,Phishing
THR-2026-01229,Synthetic Ransomware Observation,RANSOMWARE,EMAIL/SENDER DOMAIN,example.org,Security Vendor,B,91,MEDIUM,70.45,CLOSED,2025-10-17,2025-11-12,SYNTHETIC / DEMO ONLY. Defensive analytics record.,Initial Access,Data from Local System
THR-2026-01230,Synthetic Phishing Observation,PHISHING,EMAIL/SENDER DOMAIN,example.com,Internal SOC,A,74,HIGH,66.85,FALSE_POSITIVE,2025-01-17,2025-01-22,SYNTHETIC / DEMO ONLY. Defensive analytics record.,Exfiltration,Valid Accounts
THR-2026-01231,Synthetic Malware Observation,MALWARE,FILE HASH,09d20e49ae64abf108d72981205cb06d01ce6e5b4b2e3f888b684e4a8f71ae3e,Security Vendor,B,78,LOW,63.4,NEW,2025-05-17,2025-06-16,SYNTHETIC / DEMO ONLY. Defensive analytics record.,Exfiltration,Phishing
THR-2026-01232,Synthetic Network Threats Observation,NETWORK THREATS,DOMAIN,example.com,Security Vendor,B,97,MEDIUM,64.4,CLOSED,2025-07-02,2025-07-03,SYNTHETIC / DEMO ONLY. Defensive analytics record.,Exfiltration,Phishing
THR-2026-01233,Synthetic Data Exposure Observation,DATA EXPOSURE,IP ADDRESS,192.0.2.218,Public Threat Feed,B,85,HIGH,73.1,CLOSED,2025-07-21,2025-07-25,SYNTHETIC / DEMO ONLY. Defensive analytics record.,Credential Access,Network Service Discovery
THR-2026-01234,Synthetic Vulnerability Exposure Observation,VULNERABILITY EXPOSURE,FILE HASH,e6d956063cabf5b3bd79dd9d470e712ba4416001bb9516c0b031b9b027424fbd,Internal SOC,A,97,MEDIUM,65.35,CLOSED,2025-07-21,2025-08-07,SYNTHETIC / DEMO ONLY. Defensive analytics record.,Exfiltration,Application Layer Protocol
THR-2026-01235,Synthetic Web Threats Observation,WEB THREATS,FILE HASH,d412e3218da42798da3e1b4c76ec332264bd9de4e5f09f300cd0798acbaacbdf,Public Threat Feed,B,42,CRITICAL,64.15,FALSE_POSITIVE,2025-11-17,2025-11-26,SYNTHETIC / DEMO ONLY. Defensive analytics record.,Exfiltration,Data from Local System
THR-2026-01236,Synthetic Ransomware Observation,RANSOMWARE,CVE ID,CVE-2026-2236,Internal SOC,A,38,MEDIUM,50.6,FALSE_POSITIVE,2025-09-27,2025-10-08,SYNTHETIC / DEMO ONLY. Defensive analytics record.,Initial Access,Application Layer Protocol
THR-2026-01237,Synthetic Data Exposure Observation,DATA EXPOSURE,EMAIL/SENDER DOMAIN,example.org,Community Submission,C,82,HIGH,67.95,UNDER_REVIEW,2025-11-12,2025-11-26,SYNTHETIC / DEMO ONLY. Defensive analytics record.,Credential Access,Network Service Discovery
THR-2026-01238,Synthetic Malware Observation,MALWARE,CVE ID,CVE-2026-2238,Security Vendor,B,36,LOW,40.3,MONITORING,2025-01-14,2025-01-17,SYNTHETIC / DEMO ONLY. Defensive analytics record.,Initial Access,Valid Accounts
THR-2026-01239,Synthetic Network Threats Observation,NETWORK THREATS,DOMAIN,demo.invalid,Security Vendor,B,82,CRITICAL,71.65,UNDER_REVIEW,2025-10-21,2025-11-09,SYNTHETIC / DEMO ONLY. Defensive analytics record.,Exfiltration,Network Service Discovery
THR-2026-01240,Synthetic Vulnerability Exposure Observation,VULNERABILITY EXPOSURE,CVE ID,CVE-2026-2240,Unknown Source,D,74,MEDIUM,56.8,CLOSED,2025-01-13,2025-01-13,SYNTHETIC / DEMO ONLY. Defensive analytics record.,Command and Control,Application Layer Protocol
THR-2026-01241,Synthetic Web Threats Observation,WEB THREATS,DOMAIN,example.org,Research Report,C,67,HIGH,68.9,NEW,2025-01-12,2025-01-24,SYNTHETIC / DEMO ONLY. Defensive analytics record.,Command and Control,Valid Accounts
THR-2026-01242,Synthetic Credential Threats Observation,CREDENTIAL THREATS,IP ADDRESS,192.0.2.227,Internal SOC,A,55,HIGH,62.25,UNDER_REVIEW,2025-04-02,2025-04-12,SYNTHETIC / DEMO ONLY. Defensive analytics record.,Discovery,Application Layer Protocol
THR-2026-01243,Synthetic Web Threats Observation,WEB THREATS,EMAIL/SENDER DOMAIN,example.org,Community Submission,C,68,MEDIUM,52.75,NEW,2025-09-20,2025-10-20,SYNTHETIC / DEMO ONLY. Defensive analytics record.,Exfiltration,Application Layer Protocol
THR-2026-01244,Synthetic Credential Threats Observation,CREDENTIAL THREATS,DOMAIN,example.com,Internal SOC,A,95,MEDIUM,64.6,CLOSED,2025-09-06,2025-09-07,SYNTHETIC / DEMO ONLY. Defensive analytics record.,Credential Access,Phishing
THR-2026-01245,Synthetic Malware Observation,MALWARE,DOMAIN,example.org,Public Threat Feed,B,91,MEDIUM,69.05,NEW,2025-03-02,2025-03-26,SYNTHETIC / DEMO ONLY. Defensive analytics record.,Exfiltration,Valid Accounts
THR-2026-01246,Synthetic Credential Threats Observation,CREDENTIAL THREATS,CVE ID,CVE-2026-2246,Community Submission,C,36,MEDIUM,48.15,CLOSED,2025-10-04,2025-10-15,SYNTHETIC / DEMO ONLY. Defensive analytics record.,Credential Access,Phishing
THR-2026-01247,Synthetic Vulnerability Exposure Observation,VULNERABILITY EXPOSURE,FILE HASH,d16cbbb0f3a04d934d2436b15a2d52b679384addaf88faa2b10fdb8f40120af5,Public Threat Feed,B,43,LOW,46.7,CLOSED,2025-09-24,2025-10-04,SYNTHETIC / DEMO ONLY. Defensive analytics record.,Initial Access,Application Layer Protocol
THR-2026-01248,Synthetic Malware Observation,MALWARE,DOMAIN,example.com,Public Threat Feed,B,55,HIGH,66.75,NEW,2025-12-03,2025-12-06,SYNTHETIC / DEMO ONLY. Defensive analytics record.,Command and Control,Data from Local System
THR-2026-01249,Synthetic Data Exposure Observation,DATA EXPOSURE,IP ADDRESS,192.0.2.234,Security Vendor,B,76,HIGH,62.9,UNDER_REVIEW,2025-11-09,2025-11-30,SYNTHETIC / DEMO ONLY. Defensive analytics record.,Initial Access,Application Layer Protocol
THR-2026-01250,Synthetic Phishing Observation,PHISHING,EMAIL/SENDER DOMAIN,example.com,Research Report,C,50,LOW,47.9,NEW,2025-03-19,2025-04-05,SYNTHETIC / DEMO ONLY. Defensive analytics record.,Initial Access,Application Layer Protocol
THR-2026-01251,Synthetic Account Security Observation,ACCOUNT SECURITY,CVE ID,CVE-2026-2251,Unknown Source,D,84,MEDIUM,63.7,MONITORING,2025-02-22,2025-03-02,SYNTHETIC / DEMO ONLY. Defensive analytics record.,Command and Control,Application Layer Protocol
THR-2026-01252,Synthetic Ransomware Observation,RANSOMWARE,FILE HASH,4e84fc96ddf031d4f9a9d6a5766fce678eb34d544a20ea3de75cff866d55d5a2,Public Threat Feed,B,63,MEDIUM,54.35,UNDER_REVIEW,2025-06-17,2025-06-25,SYNTHETIC / DEMO ONLY. Defensive analytics record.,Discovery,Phishing
THR-2026-01253,Synthetic Vulnerability Exposure Observation,VULNERABILITY EXPOSURE,URL,https://example.com/demo/1253,Research Report,C,87,LOW,64.0,MONITORING,2025-06-10,2025-06-14,SYNTHETIC / DEMO ONLY. Defensive analytics record.,Credential Access,Application Layer Protocol
THR-2026-01254,Synthetic Vulnerability Exposure Observation,VULNERABILITY EXPOSURE,FILE HASH,49d4df4a0260449061f6e1d4a1a9e7df8556e62f5382ed8113add3c745f55f81,Research Report,C,91,MEDIUM,69.7,CLOSED,2025-07-13,2025-07-23,SYNTHETIC / DEMO ONLY. Defensive analytics record.,Credential Access,Data from Local System
THR-2026-01255,Synthetic Credential Threats Observation,CREDENTIAL THREATS,DOMAIN,demo.invalid,Security Vendor,B,59,LOW,61.7,CLOSED,2025-05-09,2025-05-26,SYNTHETIC / DEMO ONLY. Defensive analytics record.,Discovery,Network Service Discovery
THR-2026-01256,Synthetic Credential Threats Observation,CREDENTIAL THREATS,FILE HASH,2c72c58a34af3f997e18e1e032386f39320fde35f060e243cc1c26c404bba647,Internal SOC,A,92,LOW,67.05,UNDER_REVIEW,2025-12-06,2025-12-12,SYNTHETIC / DEMO ONLY. Defensive analytics record.,Discovery,Data from Local System
THR-2026-01257,Synthetic Ransomware Observation,RANSOMWARE,CVE ID,CVE-2026-2257,Community Submission,C,90,MEDIUM,60.7,CLOSED,2025-01-11,2025-01-17,SYNTHETIC / DEMO ONLY. Defensive analytics record.,Exfiltration,Valid Accounts
THR-2026-01258,Synthetic Web Threats Observation,WEB THREATS,CVE ID,CVE-2026-2258,Security Vendor,B,86,HIGH,72.65,CLOSED,2025-06-05,2025-06-15,SYNTHETIC / DEMO ONLY. Defensive analytics record.,Credential Access,Valid Accounts
THR-2026-01259,Synthetic Social Engineering Observation,SOCIAL ENGINEERING,URL,https://example.com/demo/1259,Community Submission,C,39,HIGH,56.35,NEW,2025-11-19,2025-11-19,SYNTHETIC / DEMO ONLY. Defensive analytics record.,Initial Access,Network Service Discovery
THR-2026-01260,Synthetic Malware Observation,MALWARE,URL,https://example.com/demo/1260,Public Threat Feed,B,60,CRITICAL,72.05,NEW,2025-07-28,2025-08-23,SYNTHETIC / DEMO ONLY. Defensive analytics record.,Discovery,Data from Local System
THR-2026-01261,Synthetic Network Threats Observation,NETWORK THREATS,EMAIL/SENDER DOMAIN,example.org,Research Report,C,95,CRITICAL,76.75,FALSE_POSITIVE,2025-07-30,2025-08-02,SYNTHETIC / DEMO ONLY. Defensive analytics record.,Credential Access,Valid Accounts
THR-2026-01262,Synthetic Ransomware Observation,RANSOMWARE,FILE HASH,273c6268ef0ff0a746edb5fd1bd0ffc52874bc309a024eff8a9aef380f57870a,Community Submission,C,87,LOW,61.4,MONITORING,2025-02-14,2025-03-01,SYNTHETIC / DEMO ONLY. Defensive analytics record.,Credential Access,Phishing
THR-2026-01263,Synthetic Ransomware Observation,RANSOMWARE,FILE HASH,53835ecfa27807e17f8d62667fbadf42cefb23605a0a8832aba405da083970ab,Internal SOC,A,52,LOW,55.8,NEW,2025-05-02,2025-05-07,SYNTHETIC / DEMO ONLY. Defensive analytics record.,Exfiltration,Network Service Discovery
THR-2026-01264,Synthetic Social Engineering Observation,SOCIAL ENGINEERING,EMAIL/SENDER DOMAIN,example.com,Research Report,C,37,MEDIUM,58.95,MONITORING,2025-07-12,2025-07-14,SYNTHETIC / DEMO ONLY. Defensive analytics record.,Initial Access,Valid Accounts
THR-2026-01265,Synthetic Ransomware Observation,RANSOMWARE,EMAIL/SENDER DOMAIN,example.org,Research Report,C,54,MEDIUM,49.85,NEW,2025-08-05,2025-08-27,SYNTHETIC / DEMO ONLY. Defensive analytics record.,Discovery,Data from Local System
THR-2026-01266,Synthetic Social Engineering Observation,SOCIAL ENGINEERING,IP ADDRESS,192.0.2.251,Community Submission,C,88,HIGH,69.1,MONITORING,2025-09-25,2025-10-11,SYNTHETIC / DEMO ONLY. Defensive analytics record.,Exfiltration,Phishing
THR-2026-01267,Synthetic Social Engineering Observation,SOCIAL ENGINEERING,URL,https://example.com/demo/1267,Internal SOC,A,65,CRITICAL,78.4,MONITORING,2025-05-17,2025-05-30,SYNTHETIC / DEMO ONLY. Defensive analytics record.,Initial Access,Network Service Discovery
THR-2026-01268,Synthetic Social Engineering Observation,SOCIAL ENGINEERING,CVE ID,CVE-2026-2268,Community Submission,C,39,LOW,43.7,MONITORING,2025-03-14,2025-03-14,SYNTHETIC / DEMO ONLY. Defensive analytics record.,Command and Control,Valid Accounts
THR-2026-01269,Synthetic Social Engineering Observation,SOCIAL ENGINEERING,FILE HASH,d4c81366cff48868423af46d83f5975f398a7e51e7c13b3059e2d0e318b742d4,Unknown Source,D,69,MEDIUM,62.65,FALSE_POSITIVE,2025-06-28,2025-07-23,SYNTHETIC / DEMO ONLY. Defensive analytics record.,Command and Control,Application Layer Protocol
THR-2026-01270,Synthetic Network Threats Observation,NETWORK THREATS,DOMAIN,example.net,Unknown Source,D,68,CRITICAL,73.3,NEW,2025-08-10,2025-08-18,SYNTHETIC / DEMO ONLY. Defensive analytics record.,Command and Control,Phishing
THR-2026-01271,Synthetic Network Threats Observation,NETWORK THREATS,EMAIL/SENDER DOMAIN,example.org,Internal SOC,A,51,HIGH,57.3,NEW,2025-10-03,2025-10-14,SYNTHETIC / DEMO ONLY. Defensive analytics record.,Credential Access,Data from Local System
THR-2026-01272,Synthetic Credential Threats Observation,CREDENTIAL THREATS,IP ADDRESS,192.0.2.3,Internal SOC,A,36,HIGH,70.35,FALSE_POSITIVE,2025-11-26,2025-11-30,SYNTHETIC / DEMO ONLY. Defensive analytics record.,Command and Control,Network Service Discovery
THR-2026-01273,Synthetic Malware Observation,MALWARE,EMAIL/SENDER DOMAIN,example.org,Unknown Source,D,52,LOW,37.3,NEW,2025-11-16,2025-12-08,SYNTHETIC / DEMO ONLY. Defensive analytics record.,Initial Access,Application Layer Protocol
THR-2026-01274,Synthetic Credential Threats Observation,CREDENTIAL THREATS,DOMAIN,example.net,Internal SOC,A,84,INFORMATIONAL,63.2,UNDER_REVIEW,2025-09-25,2025-10-10,SYNTHETIC / DEMO ONLY. Defensive analytics record.,Command and Control,Data from Local System
THR-2026-01275,Synthetic Ransomware Observation,RANSOMWARE,FILE HASH,e541b7182e6149cb73a6532eaa6e708ab9cab8970ddb2555159c7f3959871d62,Unknown Source,D,42,MEDIUM,52.35,UNDER_REVIEW,2025-12-29,2025-12-31,SYNTHETIC / DEMO ONLY. Defensive analytics record.,Credential Access,Network Service Discovery
THR-2026-01276,Synthetic Ransomware Observation,RANSOMWARE,EMAIL/SENDER DOMAIN,example.com,Security Vendor,B,50,MEDIUM,54.25,MONITORING,2025-09-28,2025-10-25,SYNTHETIC / DEMO ONLY. Defensive analytics record.,Credential Access,Valid Accounts
THR-2026-01277,Synthetic Vulnerability Exposure Observation,VULNERABILITY EXPOSURE,CVE ID,CVE-2026-2277,Public Threat Feed,B,87,HIGH,74.35,MONITORING,2025-05-28,2025-06-05,SYNTHETIC / DEMO ONLY. Defensive analytics record.,Credential Access,Data from Local System
THR-2026-01278,Synthetic Phishing Observation,PHISHING,CVE ID,CVE-2026-2278,Unknown Source,D,67,HIGH,57.05,CLOSED,2025-12-01,2025-12-03,SYNTHETIC / DEMO ONLY. Defensive analytics record.,Discovery,Phishing
THR-2026-01279,Synthetic Account Security Observation,ACCOUNT SECURITY,FILE HASH,e8c509acae6ab6d10c28dc1469c90e6ba6cd82243d76a9fe927856009e962b34,Unknown Source,D,92,LOW,46.15,MONITORING,2025-03-06,2025-03-30,SYNTHETIC / DEMO ONLY. Defensive analytics record.,Exfiltration,Phishing
THR-2026-01280,Synthetic Account Security Observation,ACCOUNT SECURITY,URL,https://example.com/demo/1280,Public Threat Feed,B,92,HIGH,78.35,CLOSED,2025-04-21,2025-04-30,SYNTHETIC / DEMO ONLY. Defensive analytics record.,Discovery,Data from Local System
THR-2026-01281,Synthetic Credential Threats Observation,CREDENTIAL THREATS,DOMAIN,example.org,Internal SOC,A,80,MEDIUM,71.25,CLOSED,2025-07-19,2025-08-17,SYNTHETIC / DEMO ONLY. Defensive analytics record.,Command and Control,Application Layer Protocol
THR-2026-01282,Synthetic Social Engineering Observation,SOCIAL ENGINEERING,DOMAIN,example.net,Research Report,C,88,LOW,48.55,UNDER_REVIEW,2025-06-20,2025-07-17,SYNTHETIC / DEMO ONLY. Defensive analytics record.,Command and Control,Network Service Discovery
THR-2026-01283,Synthetic Phishing Observation,PHISHING,FILE HASH,618da6f8d62915c5da092c63d03cb54673d350880d56fcd68bf68d048d3fcacf,Unknown Source,D,57,HIGH,62.3,NEW,2025-09-12,2025-09-15,SYNTHETIC / DEMO ONLY. Defensive analytics record.,Command and Control,Application Layer Protocol
THR-2026-01284,Synthetic Ransomware Observation,RANSOMWARE,URL,https://example.com/demo/1284,Internal SOC,A,98,MEDIUM,67.8,UNDER_REVIEW,2025-03-26,2025-04-03,SYNTHETIC / DEMO ONLY. Defensive analytics record.,Credential Access,Application Layer Protocol
THR-2026-01285,Synthetic Account Security Observation,ACCOUNT SECURITY,CVE ID,CVE-2026-2285,Research Report,C,55,MEDIUM,53.8,MONITORING,2025-11-08,2025-11-10,SYNTHETIC / DEMO ONLY. Defensive analytics record.,Command and Control,Data from Local System
THR-2026-01286,Synthetic Web Threats Observation,WEB THREATS,DOMAIN,example.net,Research Report,C,62,LOW,50.9,UNDER_REVIEW,2025-07-28,2025-08-17,SYNTHETIC / DEMO ONLY. Defensive analytics record.,Discovery,Network Service Discovery
THR-2026-01287,Synthetic Account Security Observation,ACCOUNT SECURITY,FILE HASH,6401cfdfb7959717acb9f0f5f5a64a3ba6fc56d265dcbfb71b4d611871e9dc23,Community Submission,C,51,HIGH,65.45,UNDER_REVIEW,2025-06-24,2025-07-19,SYNTHETIC / DEMO ONLY. Defensive analytics record.,Discovery,Data from Local System
THR-2026-01288,Synthetic Social Engineering Observation,SOCIAL ENGINEERING,IP ADDRESS,192.0.2.19,Public Threat Feed,B,88,INFORMATIONAL,50.0,MONITORING,2025-01-14,2025-01-21,SYNTHETIC / DEMO ONLY. Defensive analytics record.,Command and Control,Network Service Discovery
THR-2026-01289,Synthetic Data Exposure Observation,DATA EXPOSURE,URL,https://example.com/demo/1289,Public Threat Feed,B,59,MEDIUM,59.9,UNDER_REVIEW,2025-03-14,2025-04-12,SYNTHETIC / DEMO ONLY. Defensive analytics record.,Exfiltration,Data from Local System
THR-2026-01290,Synthetic Credential Threats Observation,CREDENTIAL THREATS,DOMAIN,example.net,Research Report,C,37,MEDIUM,52.7,UNDER_REVIEW,2025-06-19,2025-07-13,SYNTHETIC / DEMO ONLY. Defensive analytics record.,Exfiltration,Network Service Discovery
THR-2026-01291,Synthetic Malware Observation,MALWARE,EMAIL/SENDER DOMAIN,example.org,Community Submission,C,69,MEDIUM,59.2,MONITORING,2025-09-25,2025-10-20,SYNTHETIC / DEMO ONLY. Defensive analytics record.,Credential Access,Network Service Discovery
THR-2026-01292,Synthetic Phishing Observation,PHISHING,FILE HASH,61a68fdf703f4d8462bfeadedaf9459543becdc9a039f5c3640f213b3d0c7010,Unknown Source,D,35,LOW,45.9,UNDER_REVIEW,2025-04-29,2025-05-16,SYNTHETIC / DEMO ONLY. Defensive analytics record.,Discovery,Network Service Discovery
THR-2026-01293,Synthetic Social Engineering Observation,SOCIAL ENGINEERING,URL,https://example.com/demo/1293,Community Submission,C,60,HIGH,70.2,MONITORING,2025-02-26,2025-03-01,SYNTHETIC / DEMO ONLY. Defensive analytics record.,Initial Access,Valid Accounts
THR-2026-01294,Synthetic Data Exposure Observation,DATA EXPOSURE,EMAIL/SENDER DOMAIN,example.com,Research Report,C,89,MEDIUM,62.7,UNDER_REVIEW,2025-08-21,2025-08-27,SYNTHETIC / DEMO ONLY. Defensive analytics record.,Discovery,Phishing
THR-2026-01295,Synthetic Phishing Observation,PHISHING,CVE ID,CVE-2026-2295,Research Report,C,45,HIGH,61.9,CLOSED,2025-05-18,2025-06-07,SYNTHETIC / DEMO ONLY. Defensive analytics record.,Exfiltration,Valid Accounts
THR-2026-01296,Synthetic Account Security Observation,ACCOUNT SECURITY,FILE HASH,d9d49d56dd9ca0e127e64a88d944db6f0e3033f05c7cdf7b447af33313ed2b4a,Internal SOC,A,70,HIGH,70.25,CLOSED,2025-01-05,2025-01-24,SYNTHETIC / DEMO ONLY. Defensive analytics record.,Discovery,Valid Accounts
THR-2026-01297,Synthetic Account Security Observation,ACCOUNT SECURITY,DOMAIN,example.org,Internal SOC,A,50,MEDIUM,56.15,UNDER_REVIEW,2025-05-02,2025-05-13,SYNTHETIC / DEMO ONLY. Defensive analytics record.,Discovery,Application Layer Protocol
THR-2026-01298,Synthetic Data Exposure Observation,DATA EXPOSURE,IP ADDRESS,192.0.2.29,Unknown Source,D,76,HIGH,64.9,NEW,2025-02-22,2025-03-20,SYNTHETIC / DEMO ONLY. Defensive analytics record.,Discovery,Network Service Discovery
THR-2026-01299,Synthetic Account Security Observation,ACCOUNT SECURITY,EMAIL/SENDER DOMAIN,example.org,Community Submission,C,42,INFORMATIONAL,43.7,NEW,2025-11-30,2025-12-29,SYNTHETIC / DEMO ONLY. Defensive analytics record.,Credential Access,Valid Accounts
THR-2026-01300,Synthetic Malware Observation,MALWARE,EMAIL/SENDER DOMAIN,example.com,Unknown Source,D,65,LOW,46.15,CLOSED,2025-07-12,2025-07-14,SYNTHETIC / DEMO ONLY. Defensive analytics record.,Discovery,Phishing
THR-2026-01301,Synthetic Social Engineering Observation,SOCIAL ENGINEERING,FILE HASH,2ef8602e4d2bb4e8957458b323694217a77544f5ac1fdf56eaeb6bc4e1f306fb,Community Submission,C,88,MEDIUM,67.9,NEW,2025-03-27,2025-04-22,SYNTHETIC / DEMO ONLY. Defensive analytics record.,Credential Access,Application Layer Protocol
THR-2026-01302,Synthetic Ransomware Observation,RANSOMWARE,IP ADDRESS,192.0.2.33,Public Threat Feed,B,64,HIGH,63.65,UNDER_REVIEW,2025-12-20,2025-12-21,SYNTHETIC / DEMO ONLY. Defensive analytics record.,Command and Control,Phishing
THR-2026-01303,Synthetic Phishing Observation,PHISHING,DOMAIN,demo.invalid,Security Vendor,B,52,HIGH,67.6,CLOSED,2025-06-17,2025-07-11,SYNTHETIC / DEMO ONLY. Defensive analytics record.,Initial Access,Data from Local System
THR-2026-01304,Synthetic Web Threats Observation,WEB THREATS,FILE HASH,e63dd39a1dde62e02ea90227877c7a78fa9def97255da6a8700dc111f0636781,Unknown Source,D,88,INFORMATIONAL,44.7,NEW,2025-09-21,2025-10-09,SYNTHETIC / DEMO ONLY. Defensive analytics record.,Credential Access,Valid Accounts
THR-2026-01305,Synthetic Account Security Observation,ACCOUNT SECURITY,FILE HASH,62c4ad920d80a0e8b1c6673116906e6cbd770cba830596b43fd9f48b33762562,Unknown Source,D,45,INFORMATIONAL,46.8,UNDER_REVIEW,2025-10-09,2025-10-21,SYNTHETIC / DEMO ONLY. Defensive analytics record.,Credential Access,Data from Local System
THR-2026-01306,Synthetic Phishing Observation,PHISHING,CVE ID,CVE-2026-2306,Public Threat Feed,B,69,HIGH,75.3,UNDER_REVIEW,2025-06-17,2025-06-22,SYNTHETIC / DEMO ONLY. Defensive analytics record.,Exfiltration,Network Service Discovery
THR-2026-01307,Synthetic Network Threats Observation,NETWORK THREATS,DOMAIN,demo.invalid,Public Threat Feed,B,85,MEDIUM,62.35,FALSE_POSITIVE,2025-12-18,2026-01-01,SYNTHETIC / DEMO ONLY. Defensive analytics record.,Exfiltration,Application Layer Protocol
THR-2026-01308,Synthetic Credential Threats Observation,CREDENTIAL THREATS,DOMAIN,example.com,Research Report,C,48,LOW,47.4,MONITORING,2025-03-16,2025-04-08,SYNTHETIC / DEMO ONLY. Defensive analytics record.,Credential Access,Data from Local System
THR-2026-01309,Synthetic Web Threats Observation,WEB THREATS,URL,https://example.com/demo/1309,Unknown Source,D,64,MEDIUM,57.5,MONITORING,2025-04-15,2025-04-15,SYNTHETIC / DEMO ONLY. Defensive analytics record.,Initial Access,Valid Accounts
THR-2026-01310,Synthetic Ransomware Observation,RANSOMWARE,URL,https://example.com/demo/1310,Unknown Source,D,84,LOW,59.45,UNDER_REVIEW,2025-06-15,2025-07-04,SYNTHETIC / DEMO ONLY. Defensive analytics record.,Command and Control,Application Layer Protocol
THR-2026-01311,Synthetic Data Exposure Observation,DATA EXPOSURE,EMAIL/SENDER DOMAIN,example.org,Unknown Source,D,66,MEDIUM,55.5,NEW,2026-01-01,2026-01-28,SYNTHETIC / DEMO ONLY. Defensive analytics record.,Exfiltration,Phishing
THR-2026-01312,Synthetic Phishing Observation,PHISHING,URL,https://example.com/demo/1312,Public Threat Feed,B,91,CRITICAL,84.05,MONITORING,2025-11-13,2025-11-14,SYNTHETIC / DEMO ONLY. Defensive analytics record.,Credential Access,Valid Accounts
THR-2026-01313,Synthetic Vulnerability Exposure Observation,VULNERABILITY EXPOSURE,CVE ID,CVE-2026-2313,Internal SOC,A,70,HIGH,65.6,NEW,2025-12-15,2026-01-12,SYNTHETIC / DEMO ONLY. Defensive analytics record.,Discovery,Valid Accounts
THR-2026-01314,Synthetic Web Threats Observation,WEB THREATS,FILE HASH,9aa1423e9a2466e469f9eb9b64f728481f32fa710b4f14c8ab31436760ae3678,Security Vendor,B,50,CRITICAL,70.45,NEW,2025-10-04,2025-10-04,SYNTHETIC / DEMO ONLY. Defensive analytics record.,Initial Access,Valid Accounts
THR-2026-01315,Synthetic Social Engineering Observation,SOCIAL ENGINEERING,EMAIL/SENDER DOMAIN,example.org,Public Threat Feed,B,69,HIGH,70.65,UNDER_REVIEW,2025-11-30,2025-12-23,SYNTHETIC / DEMO ONLY. Defensive analytics record.,Credential Access,Phishing
THR-2026-01316,Synthetic Vulnerability Exposure Observation,VULNERABILITY EXPOSURE,CVE ID,CVE-2026-2316,Internal SOC,A,98,MEDIUM,75.05,FALSE_POSITIVE,2025-10-04,2025-10-04,SYNTHETIC / DEMO ONLY. Defensive analytics record.,Initial Access,Phishing
THR-2026-01317,Synthetic Web Threats Observation,WEB THREATS,CVE ID,CVE-2026-2317,Research Report,C,60,MEDIUM,50.35,CLOSED,2025-09-27,2025-10-04,SYNTHETIC / DEMO ONLY. Defensive analytics record.,Initial Access,Phishing
THR-2026-01318,Synthetic Account Security Observation,ACCOUNT SECURITY,FILE HASH,db4b21146b14064393a7d7b653df3b4bb23e1bc5b6f1e89967767779f2c54a09,Unknown Source,D,97,MEDIUM,56.75,FALSE_POSITIVE,2025-06-29,2025-07-01,SYNTHETIC / DEMO ONLY. Defensive analytics record.,Discovery,Application Layer Protocol
THR-2026-01319,Synthetic Social Engineering Observation,SOCIAL ENGINEERING,EMAIL/SENDER DOMAIN,example.org,Unknown Source,D,82,LOW,64.4,MONITORING,2025-10-19,2025-10-29,SYNTHETIC / DEMO ONLY. Defensive analytics record.,Command and Control,Valid Accounts
THR-2026-01320,Synthetic Account Security Observation,ACCOUNT SECURITY,FILE HASH,1a8b2031066a3c9c76be7d73c9d8b5fc8430c34c876696a5162bfe880b48f0ca,Public Threat Feed,B,72,MEDIUM,65.35,CLOSED,2025-06-07,2025-06-18,SYNTHETIC / DEMO ONLY. Defensive analytics record.,Initial Access,Data from Local System
THR-2026-01321,Synthetic Web Threats Observation,WEB THREATS,DOMAIN,example.org,Public Threat Feed,B,94,MEDIUM,71.95,FALSE_POSITIVE,2025-12-11,2025-12-21,SYNTHETIC / DEMO ONLY. Defensive analytics record.,Credential Access,Data from Local System
THR-2026-01322,Synthetic Network Threats Observation,NETWORK THREATS,EMAIL/SENDER DOMAIN,example.com,Unknown Source,D,55,HIGH,60.4,NEW,2025-01-12,2025-01-24,SYNTHETIC / DEMO ONLY. Defensive analytics record.,Command and Control,Phishing
THR-2026-01323,Synthetic Data Exposure Observation,DATA EXPOSURE,EMAIL/SENDER DOMAIN,example.org,Internal SOC,A,35,INFORMATIONAL,43.85,MONITORING,2025-09-07,2025-09-28,SYNTHETIC / DEMO ONLY. Defensive analytics record.,Command and Control,Phishing
THR-2026-01324,Synthetic Network Threats Observation,NETWORK THREATS,CVE ID,CVE-2026-2324,Public Threat Feed,B,85,HIGH,76.05,CLOSED,2025-03-12,2025-03-23,SYNTHETIC / DEMO ONLY. Defensive analytics record.,Initial Access,Valid Accounts
THR-2026-01325,Synthetic Social Engineering Observation,SOCIAL ENGINEERING,DOMAIN,example.org,Security Vendor,B,35,HIGH,61.5,NEW,2025-10-20,2025-11-18,SYNTHETIC / DEMO ONLY. Defensive analytics record.,Discovery,Valid Accounts
THR-2026-01326,Synthetic Vulnerability Exposure Observation,VULNERABILITY EXPOSURE,URL,https://example.com/demo/1326,Community Submission,C,47,HIGH,50.4,NEW,2025-12-17,2025-12-26,SYNTHETIC / DEMO ONLY. Defensive analytics record.,Credential Access,Valid Accounts
THR-2026-01327,Synthetic Malware Observation,MALWARE,IP ADDRESS,192.0.2.58,Internal SOC,A,89,MEDIUM,65.5,MONITORING,2025-01-09,2025-01-28,SYNTHETIC / DEMO ONLY. Defensive analytics record.,Discovery,Application Layer Protocol
THR-2026-01328,Synthetic Network Threats Observation,NETWORK THREATS,DOMAIN,example.com,Community Submission,C,96,MEDIUM,79.7,CLOSED,2025-12-11,2026-01-01,SYNTHETIC / DEMO ONLY. Defensive analytics record.,Initial Access,Application Layer Protocol
THR-2026-01329,Synthetic Network Threats Observation,NETWORK THREATS,URL,https://example.com/demo/1329,Unknown Source,D,95,INFORMATIONAL,54.15,FALSE_POSITIVE,2025-05-30,2025-06-21,SYNTHETIC / DEMO ONLY. Defensive analytics record.,Exfiltration,Network Service Discovery
THR-2026-01330,Synthetic Social Engineering Observation,SOCIAL ENGINEERING,IP ADDRESS,192.0.2.61,Research Report,C,46,MEDIUM,57.7,UNDER_REVIEW,2025-11-15,2025-11-17,SYNTHETIC / DEMO ONLY. Defensive analytics record.,Initial Access,Application Layer Protocol
THR-2026-01331,Synthetic Vulnerability Exposure Observation,VULNERABILITY EXPOSURE,CVE ID,CVE-2026-2331,Community Submission,C,95,MEDIUM,61.3,CLOSED,2025-03-25,2025-04-18,SYNTHETIC / DEMO ONLY. Defensive analytics record.,Credential Access,Data from Local System
THR-2026-01332,Synthetic Vulnerability Exposure Observation,VULNERABILITY EXPOSURE,IP ADDRESS,192.0.2.63,Security Vendor,B,38,INFORMATIONAL,43.7,CLOSED,2025-04-19,2025-04-24,SYNTHETIC / DEMO ONLY. Defensive analytics record.,Discovery,Data from Local System
THR-2026-01333,Synthetic Vulnerability Exposure Observation,VULNERABILITY EXPOSURE,EMAIL/SENDER DOMAIN,example.org,Internal SOC,A,67,HIGH,72.6,CLOSED,2025-04-25,2025-04-30,SYNTHETIC / DEMO ONLY. Defensive analytics record.,Discovery,Valid Accounts
THR-2026-01334,Synthetic Phishing Observation,PHISHING,URL,https://example.com/demo/1334,Research Report,C,49,HIGH,60.0,CLOSED,2025-09-22,2025-10-07,SYNTHETIC / DEMO ONLY. Defensive analytics record.,Credential Access,Phishing
THR-2026-01335,Synthetic Vulnerability Exposure Observation,VULNERABILITY EXPOSURE,CVE ID,CVE-2026-2335,Security Vendor,B,83,HIGH,65.25,FALSE_POSITIVE,2025-09-09,2025-09-19,SYNTHETIC / DEMO ONLY. Defensive analytics record.,Command and Control,Valid Accounts
THR-2026-01336,Synthetic Social Engineering Observation,SOCIAL ENGINEERING,CVE ID,CVE-2026-2336,Internal SOC,A,47,CRITICAL,61.9,NEW,2025-02-26,2025-03-16,SYNTHETIC / DEMO ONLY. Defensive analytics record.,Command and Control,Application Layer Protocol
THR-2026-01337,Synthetic Network Threats Observation,NETWORK THREATS,CVE ID,CVE-2026-2337,Unknown Source,D,82,MEDIUM,66.15,NEW,2025-06-01,2025-06-16,SYNTHETIC / DEMO ONLY. Defensive analytics record.,Discovery,Application Layer Protocol
THR-2026-01338,Synthetic Data Exposure Observation,DATA EXPOSURE,CVE ID,CVE-2026-2338,Internal SOC,A,46,MEDIUM,58.75,UNDER_REVIEW,2025-06-10,2025-06-26,SYNTHETIC / DEMO ONLY. Defensive analytics record.,Credential Access,Phishing
THR-2026-01339,Synthetic Phishing Observation,PHISHING,DOMAIN,demo.invalid,Security Vendor,B,60,LOW,58.55,CLOSED,2025-03-22,2025-03-30,SYNTHETIC / DEMO ONLY. Defensive analytics record.,Initial Access,Valid Accounts
THR-2026-01340,Synthetic Account Security Observation,ACCOUNT SECURITY,FILE HASH,50153282e8de54e59403520a53d37e2ad1918202234162589cac2a9ddca4c58f,Internal SOC,A,64,LOW,48.5,CLOSED,2025-10-25,2025-11-17,SYNTHETIC / DEMO ONLY. Defensive analytics record.,Initial Access,Network Service Discovery
THR-2026-01341,Synthetic Phishing Observation,PHISHING,EMAIL/SENDER DOMAIN,example.org,Internal SOC,A,69,HIGH,74.4,UNDER_REVIEW,2025-07-30,2025-08-27,SYNTHETIC / DEMO ONLY. Defensive analytics record.,Discovery,Valid Accounts
THR-2026-01342,Synthetic Social Engineering Observation,SOCIAL ENGINEERING,DOMAIN,example.net,Research Report,C,96,LOW,56.25,FALSE_POSITIVE,2025-10-05,2025-10-17,SYNTHETIC / DEMO ONLY. Defensive analytics record.,Exfiltration,Phishing
THR-2026-01343,Synthetic Ransomware Observation,RANSOMWARE,CVE ID,CVE-2026-2343,Community Submission,C,53,LOW,49.9,UNDER_REVIEW,2025-11-25,2025-12-13,SYNTHETIC / DEMO ONLY. Defensive analytics record.,Credential Access,Application Layer Protocol
THR-2026-01344,Synthetic Network Threats Observation,NETWORK THREATS,DOMAIN,example.com,Research Report,C,42,HIGH,56.35,UNDER_REVIEW,2025-06-13,2025-06-13,SYNTHETIC / DEMO ONLY. Defensive analytics record.,Discovery,Application Layer Protocol
THR-2026-01345,Synthetic Social Engineering Observation,SOCIAL ENGINEERING,EMAIL/SENDER DOMAIN,example.org,Security Vendor,B,51,HIGH,74.45,UNDER_REVIEW,2025-06-07,2025-06-27,SYNTHETIC / DEMO ONLY. Defensive analytics record.,Credential Access,Data from Local System
THR-2026-01346,Synthetic Data Exposure Observation,DATA EXPOSURE,URL,https://example.com/demo/1346,Internal SOC,A,90,MEDIUM,67.75,NEW,2025-11-29,2025-12-16,SYNTHETIC / DEMO ONLY. Defensive analytics record.,Credential Access,Phishing
THR-2026-01347,Synthetic Network Threats Observation,NETWORK THREATS,URL,https://example.com/demo/1347,Research Report,C,78,MEDIUM,68.9,MONITORING,2025-07-18,2025-08-16,SYNTHETIC / DEMO ONLY. Defensive analytics record.,Command and Control,Data from Local System
THR-2026-01348,Synthetic Social Engineering Observation,SOCIAL ENGINEERING,FILE HASH,ed6e98874d6f1141aa735f0f8979b9b94957131c8ea2e5014bdbd8190846778b,Unknown Source,D,52,HIGH,60.05,MONITORING,2025-01-12,2025-01-27,SYNTHETIC / DEMO ONLY. Defensive analytics record.,Exfiltration,Data from Local System
THR-2026-01349,Synthetic Account Security Observation,ACCOUNT SECURITY,CVE ID,CVE-2026-2349,Unknown Source,D,69,LOW,51.75,MONITORING,2025-04-14,2025-04-21,SYNTHETIC / DEMO ONLY. Defensive analytics record.,Discovery,Valid Accounts
THR-2026-01350,Synthetic Account Security Observation,ACCOUNT SECURITY,DOMAIN,example.net,Public Threat Feed,B,59,MEDIUM,63.85,FALSE_POSITIVE,2025-08-12,2025-08-20,SYNTHETIC / DEMO ONLY. Defensive analytics record.,Command and Control,Valid Accounts
THR-2026-01351,Synthetic Account Security Observation,ACCOUNT SECURITY,DOMAIN,demo.invalid,Unknown Source,D,72,HIGH,67.3,UNDER_REVIEW,2025-03-24,2025-04-03,SYNTHETIC / DEMO ONLY. Defensive analytics record.,Command and Control,Data from Local System
THR-2026-01352,Synthetic Data Exposure Observation,DATA EXPOSURE,DOMAIN,example.com,Unknown Source,D,72,LOW,51.75,MONITORING,2025-03-01,2025-03-26,SYNTHETIC / DEMO ONLY. Defensive analytics record.,Credential Access,Application Layer Protocol
THR-2026-01353,Synthetic Network Threats Observation,NETWORK THREATS,DOMAIN,example.org,Unknown Source,D,69,MEDIUM,66.75,MONITORING,2025-07-11,2025-07-15,SYNTHETIC / DEMO ONLY. Defensive analytics record.,Exfiltration,Phishing
THR-2026-01354,Synthetic Web Threats Observation,WEB THREATS,IP ADDRESS,192.0.2.85,Community Submission,C,85,CRITICAL,65.85,CLOSED,2025-08-24,2025-09-22,SYNTHETIC / DEMO ONLY. Defensive analytics record.,Command and Control,Data from Local System
THR-2026-01355,Synthetic Account Security Observation,ACCOUNT SECURITY,URL,https://example.com/demo/1355,Research Report,C,60,MEDIUM,52.8,FALSE_POSITIVE,2025-02-14,2025-03-01,SYNTHETIC / DEMO ONLY. Defensive analytics record.,Initial Access,Application Layer Protocol
THR-2026-01356,Synthetic Vulnerability Exposure Observation,VULNERABILITY EXPOSURE,FILE HASH,62299820516b7a40fb73240e8231830197a5530becee717c6da008fb6c6aebbb,Security Vendor,B,58,MEDIUM,52.0,NEW,2025-12-11,2026-01-07,SYNTHETIC / DEMO ONLY. Defensive analytics record.,Discovery,Phishing
THR-2026-01357,Synthetic Data Exposure Observation,DATA EXPOSURE,EMAIL/SENDER DOMAIN,example.org,Internal SOC,A,89,MEDIUM,63.7,NEW,2025-12-02,2025-12-02,SYNTHETIC / DEMO ONLY. Defensive analytics record.,Discovery,Data from Local System
THR-2026-01358,Synthetic Web Threats Observation,WEB THREATS,URL,https://example.com/demo/1358,Security Vendor,B,63,MEDIUM,72.6,FALSE_POSITIVE,2025-08-18,2025-09-16,SYNTHETIC / DEMO ONLY. Defensive analytics record.,Discovery,Valid Accounts
THR-2026-01359,Synthetic Ransomware Observation,RANSOMWARE,IP ADDRESS,192.0.2.90,Public Threat Feed,B,63,MEDIUM,56.7,NEW,2025-03-30,2025-04-18,SYNTHETIC / DEMO ONLY. Defensive analytics record.,Credential Access,Phishing
THR-2026-01360,Synthetic Account Security Observation,ACCOUNT SECURITY,CVE ID,CVE-2026-2360,Public Threat Feed,B,97,HIGH,66.65,UNDER_REVIEW,2025-06-07,2025-06-14,SYNTHETIC / DEMO ONLY. Defensive analytics record.,Command and Control,Data from Local System
THR-2026-01361,Synthetic Ransomware Observation,RANSOMWARE,DOMAIN,example.org,Public Threat Feed,B,48,CRITICAL,62.9,FALSE_POSITIVE,2025-05-24,2025-06-11,SYNTHETIC / DEMO ONLY. Defensive analytics record.,Command and Control,Application Layer Protocol
THR-2026-01362,Synthetic Credential Threats Observation,CREDENTIAL THREATS,DOMAIN,example.net,Internal SOC,A,87,LOW,67.75,CLOSED,2025-10-17,2025-11-09,SYNTHETIC / DEMO ONLY. Defensive analytics record.,Exfiltration,Application Layer Protocol
THR-2026-01363,Synthetic Phishing Observation,PHISHING,EMAIL/SENDER DOMAIN,example.org,Security Vendor,B,97,HIGH,81.1,CLOSED,2025-07-21,2025-07-21,SYNTHETIC / DEMO ONLY. Defensive analytics record.,Exfiltration,Data from Local System
THR-2026-01364,Synthetic Vulnerability Exposure Observation,VULNERABILITY EXPOSURE,FILE HASH,b55c3a37a7f7f7785f84faf70e7ff0157db88b2bbc745d15eed2f473691837ad,Public Threat Feed,B,53,HIGH,67.7,CLOSED,2025-01-09,2025-01-30,SYNTHETIC / DEMO ONLY. Defensive analytics record.,Credential Access,Application Layer Protocol
THR-2026-01365,Synthetic Credential Threats Observation,CREDENTIAL THREATS,DOMAIN,example.org,Research Report,C,70,MEDIUM,56.45,CLOSED,2025-06-21,2025-07-10,SYNTHETIC / DEMO ONLY. Defensive analytics record.,Initial Access,Data from Local System
THR-2026-01366,Synthetic Credential Threats Observation,CREDENTIAL THREATS,CVE ID,CVE-2026-2366,Research Report,C,37,HIGH,65.6,NEW,2025-07-01,2025-07-13,SYNTHETIC / DEMO ONLY. Defensive analytics record.,Command and Control,Application Layer Protocol
THR-2026-01367,Synthetic Social Engineering Observation,SOCIAL ENGINEERING,FILE HASH,c45d4f7699daa0b413df57b797bc41fffe5b3d6c18e31e58f2c7cd83f1a632f5,Public Threat Feed,B,79,LOW,53.95,UNDER_REVIEW,2025-08-21,2025-09-05,SYNTHETIC / DEMO ONLY. Defensive analytics record.,Credential Access,Valid Accounts
THR-2026-01368,Synthetic Account Security Observation,ACCOUNT SECURITY,CVE ID,CVE-2026-2368,Community Submission,C,60,MEDIUM,54.3,UNDER_REVIEW,2025-12-08,2026-01-01,SYNTHETIC / DEMO ONLY. Defensive analytics record.,Initial Access,Valid Accounts
THR-2026-01369,Synthetic Malware Observation,MALWARE,EMAIL/SENDER DOMAIN,example.org,Internal SOC,A,67,HIGH,69.0,MONITORING,2025-05-15,2025-05-19,SYNTHETIC / DEMO ONLY. Defensive analytics record.,Credential Access,Application Layer Protocol
THR-2026-01370,Synthetic Web Threats Observation,WEB THREATS,DOMAIN,example.net,Public Threat Feed,B,56,LOW,47.6,NEW,2025-11-15,2025-12-04,SYNTHETIC / DEMO ONLY. Defensive analytics record.,Exfiltration,Valid Accounts
THR-2026-01371,Synthetic Web Threats Observation,WEB THREATS,EMAIL/SENDER DOMAIN,example.org,Research Report,C,56,MEDIUM,47.3,NEW,2025-02-27,2025-03-21,SYNTHETIC / DEMO ONLY. Defensive analytics record.,Initial Access,Phishing
THR-2026-01372,Synthetic Web Threats Observation,WEB THREATS,DOMAIN,example.com,Research Report,C,82,MEDIUM,62.2,UNDER_REVIEW,2025-04-03,2025-05-02,SYNTHETIC / DEMO ONLY. Defensive analytics record.,Credential Access,Phishing
THR-2026-01373,Synthetic Network Threats Observation,NETWORK THREATS,DOMAIN,example.org,Community Submission,C,37,HIGH,62.55,UNDER_REVIEW,2025-06-14,2025-06-18,SYNTHETIC / DEMO ONLY. Defensive analytics record.,Initial Access,Application Layer Protocol
THR-2026-01374,Synthetic Ransomware Observation,RANSOMWARE,DOMAIN,example.net,Community Submission,C,82,LOW,60.65,UNDER_REVIEW,2025-08-29,2025-09-12,SYNTHETIC / DEMO ONLY. Defensive analytics record.,Initial Access,Valid Accounts
THR-2026-01375,Synthetic Ransomware Observation,RANSOMWARE,CVE ID,CVE-2026-2375,Internal SOC,A,43,HIGH,57.3,FALSE_POSITIVE,2025-08-07,2025-08-21,SYNTHETIC / DEMO ONLY. Defensive analytics record.,Command and Control,Application Layer Protocol
THR-2026-01376,Synthetic Data Exposure Observation,DATA EXPOSURE,EMAIL/SENDER DOMAIN,example.com,Community Submission,C,94,HIGH,81.9,CLOSED,2025-02-25,2025-03-15,SYNTHETIC / DEMO ONLY. Defensive analytics record.,Discovery,Data from Local System
THR-2026-01377,Synthetic Vulnerability Exposure Observation,VULNERABILITY EXPOSURE,DOMAIN,example.org,Research Report,C,51,MEDIUM,45.05,MONITORING,2025-02-28,2025-03-11,SYNTHETIC / DEMO ONLY. Defensive analytics record.,Initial Access,Data from Local System
THR-2026-01378,Synthetic Vulnerability Exposure Observation,VULNERABILITY EXPOSURE,FILE HASH,d86f2873d6fce72bd03091ea0820080dada606236d880105c04f763a40a87147,Public Threat Feed,B,38,MEDIUM,55.3,CLOSED,2025-12-24,2025-12-30,SYNTHETIC / DEMO ONLY. Defensive analytics record.,Credential Access,Application Layer Protocol
THR-2026-01379,Synthetic Account Security Observation,ACCOUNT SECURITY,CVE ID,CVE-2026-2379,Public Threat Feed,B,85,LOW,48.65,CLOSED,2025-09-07,2025-10-05,SYNTHETIC / DEMO ONLY. Defensive analytics record.,Discovery,Application Layer Protocol
THR-2026-01380,Synthetic Vulnerability Exposure Observation,VULNERABILITY EXPOSURE,FILE HASH,9e66e4b8f459aa0a75b2e45737f2fbd61c84639b0ff7e938f2fb90a49d5d3158,Public Threat Feed,B,61,HIGH,66.45,UNDER_REVIEW,2025-12-06,2025-12-13,SYNTHETIC / DEMO ONLY. Defensive analytics record.,Initial Access,Network Service Discovery
THR-2026-01381,Synthetic Network Threats Observation,NETWORK THREATS,IP ADDRESS,192.0.2.112,Research Report,C,90,MEDIUM,66.1,FALSE_POSITIVE,2025-07-04,2025-07-30,SYNTHETIC / DEMO ONLY. Defensive analytics record.,Exfiltration,Application Layer Protocol
THR-2026-01382,Synthetic Phishing Observation,PHISHING,FILE HASH,048bc8370ba09c476e654cd0dc395bfdcca5491702ad08f9978989002b1d3cb3,Public Threat Feed,B,59,LOW,51.95,UNDER_REVIEW,2025-12-27,2025-12-30,SYNTHETIC / DEMO ONLY. Defensive analytics record.,Exfiltration,Network Service Discovery
THR-2026-01383,Synthetic Phishing Observation,PHISHING,IP ADDRESS,192.0.2.114,Unknown Source,D,82,MEDIUM,59.15,FALSE_POSITIVE,2025-07-14,2025-08-08,SYNTHETIC / DEMO ONLY. Defensive analytics record.,Command and Control,Network Service Discovery
THR-2026-01384,Synthetic Account Security Observation,ACCOUNT SECURITY,URL,https://example.com/demo/1384,Internal SOC,A,50,MEDIUM,64.8,FALSE_POSITIVE,2025-04-13,2025-04-14,SYNTHETIC / DEMO ONLY. Defensive analytics record.,Exfiltration,Data from Local System
THR-2026-01385,Synthetic Malware Observation,MALWARE,DOMAIN,example.org,Research Report,C,77,CRITICAL,81.05,UNDER_REVIEW,2025-10-20,2025-10-24,SYNTHETIC / DEMO ONLY. Defensive analytics record.,Initial Access,Data from Local System
THR-2026-01386,Synthetic Vulnerability Exposure Observation,VULNERABILITY EXPOSURE,URL,https://example.com/demo/1386,Internal SOC,A,40,MEDIUM,46.35,FALSE_POSITIVE,2025-09-24,2025-10-07,SYNTHETIC / DEMO ONLY. Defensive analytics record.,Credential Access,Application Layer Protocol
THR-2026-01387,Synthetic Ransomware Observation,RANSOMWARE,FILE HASH,9866d4567655648bbe68498feb358621c53c2e853de7fa4053ec63b52629796e,Public Threat Feed,B,61,MEDIUM,47.45,CLOSED,2025-12-13,2025-12-21,SYNTHETIC / DEMO ONLY. Defensive analytics record.,Initial Access,Valid Accounts
THR-2026-01388,Synthetic Social Engineering Observation,SOCIAL ENGINEERING,DOMAIN,example.com,Research Report,C,49,CRITICAL,67.25,MONITORING,2025-02-20,2025-03-15,SYNTHETIC / DEMO ONLY. Defensive analytics record.,Command and Control,Network Service Discovery
THR-2026-01389,Synthetic Account Security Observation,ACCOUNT SECURITY,EMAIL/SENDER DOMAIN,example.org,Unknown Source,D,77,MEDIUM,66.1,FALSE_POSITIVE,2025-10-14,2025-11-04,SYNTHETIC / DEMO ONLY. Defensive analytics record.,Exfiltration,Network Service Discovery
THR-2026-01390,Synthetic Account Security Observation,ACCOUNT SECURITY,DOMAIN,example.net,Internal SOC,A,90,LOW,61.8,CLOSED,2025-04-16,2025-04-25,SYNTHETIC / DEMO ONLY. Defensive analytics record.,Command and Control,Phishing
THR-2026-01391,Synthetic Account Security Observation,ACCOUNT SECURITY,URL,https://example.com/demo/1391,Public Threat Feed,B,48,HIGH,63.95,UNDER_REVIEW,2025-09-11,2025-10-09,SYNTHETIC / DEMO ONLY. Defensive analytics record.,Command and Control,Valid Accounts
THR-2026-01392,Synthetic Malware Observation,MALWARE,CVE ID,CVE-2026-2392,Public Threat Feed,B,87,MEDIUM,72.7,MONITORING,2025-03-17,2025-03-27,SYNTHETIC / DEMO ONLY. Defensive analytics record.,Initial Access,Valid Accounts
THR-2026-01393,Synthetic Ransomware Observation,RANSOMWARE,EMAIL/SENDER DOMAIN,example.org,Unknown Source,D,43,MEDIUM,47.3,CLOSED,2025-06-08,2025-07-04,SYNTHETIC / DEMO ONLY. Defensive analytics record.,Credential Access,Application Layer Protocol
THR-2026-01394,Synthetic Social Engineering Observation,SOCIAL ENGINEERING,IP ADDRESS,192.0.2.125,Public Threat Feed,B,50,MEDIUM,56.2,CLOSED,2025-04-25,2025-05-24,SYNTHETIC / DEMO ONLY. Defensive analytics record.,Exfiltration,Valid Accounts
THR-2026-01395,Synthetic Vulnerability Exposure Observation,VULNERABILITY EXPOSURE,FILE HASH,99d1671f5e65140886efd7c009e83078dfaecdcc976affae0bd59682892331ec,Public Threat Feed,B,66,HIGH,69.45,MONITORING,2025-10-12,2025-10-31,SYNTHETIC / DEMO ONLY. Defensive analytics record.,Exfiltration,Application Layer Protocol
THR-2026-01396,Synthetic Malware Observation,MALWARE,IP ADDRESS,192.0.2.127,Unknown Source,D,36,LOW,44.25,NEW,2025-04-24,2025-05-22,SYNTHETIC / DEMO ONLY. Defensive analytics record.,Credential Access,Phishing
THR-2026-01397,Synthetic Phishing Observation,PHISHING,FILE HASH,a42c649435866421cbbe18529c1f8aa34f00da468bb71327d7652702a68f90bb,Security Vendor,B,72,LOW,58.55,UNDER_REVIEW,2025-11-18,2025-11-19,SYNTHETIC / DEMO ONLY. Defensive analytics record.,Discovery,Network Service Discovery
THR-2026-01398,Synthetic Malware Observation,MALWARE,IP ADDRESS,192.0.2.129,Internal SOC,A,40,CRITICAL,65.4,CLOSED,2025-10-06,2025-11-03,SYNTHETIC / DEMO ONLY. Defensive analytics record.,Command and Control,Phishing
THR-2026-01399,Synthetic Web Threats Observation,WEB THREATS,EMAIL/SENDER DOMAIN,example.org,Community Submission,C,44,MEDIUM,54.6,FALSE_POSITIVE,2025-11-29,2025-12-13,SYNTHETIC / DEMO ONLY. Defensive analytics record.,Discovery,Valid Accounts
THR-2026-01400,Synthetic Data Exposure Observation,DATA EXPOSURE,IP ADDRESS,192.0.2.131,Security Vendor,B,71,MEDIUM,58.55,CLOSED,2025-01-26,2025-01-31,SYNTHETIC / DEMO ONLY. Defensive analytics record.,Command and Control,Network Service Discovery
THR-2026-01401,Synthetic Data Exposure Observation,DATA EXPOSURE,URL,https://example.com/demo/1401,Unknown Source,D,86,MEDIUM,60.9,UNDER_REVIEW,2025-01-25,2025-02-04,SYNTHETIC / DEMO ONLY. Defensive analytics record.,Credential Access,Application Layer Protocol
THR-2026-01402,Synthetic Ransomware Observation,RANSOMWARE,CVE ID,CVE-2026-2402,Internal SOC,A,42,LOW,46.55,UNDER_REVIEW,2025-11-07,2025-11-21,SYNTHETIC / DEMO ONLY. Defensive analytics record.,Credential Access,Phishing
THR-2026-01403,Synthetic Web Threats Observation,WEB THREATS,URL,https://example.com/demo/1403,Community Submission,C,65,HIGH,74.9,FALSE_POSITIVE,2025-06-06,2025-06-09,SYNTHETIC / DEMO ONLY. Defensive analytics record.,Exfiltration,Network Service Discovery
THR-2026-01404,Synthetic Credential Threats Observation,CREDENTIAL THREATS,FILE HASH,ea2b3a0ddcb8ef91381ada652bdb780d303ee039edd653a7d0b6d0e499ad6e35,Public Threat Feed,B,55,HIGH,64.25,NEW,2025-11-29,2025-11-30,SYNTHETIC / DEMO ONLY. Defensive analytics record.,Discovery,Application Layer Protocol
THR-2026-01405,Synthetic Ransomware Observation,RANSOMWARE,FILE HASH,4e127ff61858f61b9b8be57503ce44b6e60a0e54ba18dd052a6ba6e4527a5b55,Research Report,C,76,MEDIUM,60.15,MONITORING,2025-01-04,2025-01-17,SYNTHETIC / DEMO ONLY. Defensive analytics record.,Exfiltration,Valid Accounts
THR-2026-01406,Synthetic Phishing Observation,PHISHING,DOMAIN,example.net,Research Report,C,46,CRITICAL,67.6,UNDER_REVIEW,2025-12-11,2026-01-08,SYNTHETIC / DEMO ONLY. Defensive analytics record.,Credential Access,Data from Local System
THR-2026-01407,Synthetic Account Security Observation,ACCOUNT SECURITY,FILE HASH,91933dd9372a79f49bd7ff29c0fe220489d68988a74a2020ed7e6255bbf71a03,Security Vendor,B,58,CRITICAL,63.7,MONITORING,2025-02-12,2025-02-23,SYNTHETIC / DEMO ONLY. Defensive analytics record.,Exfiltration,Network Service Discovery
THR-2026-01408,Synthetic Network Threats Observation,NETWORK THREATS,IP ADDRESS,192.0.2.139,Community Submission,C,60,LOW,44.9,FALSE_POSITIVE,2025-01-18,2025-02-08,SYNTHETIC / DEMO ONLY. Defensive analytics record.,Discovery,Data from Local System
THR-2026-01409,Synthetic Vulnerability Exposure Observation,VULNERABILITY EXPOSURE,EMAIL/SENDER DOMAIN,example.org,Community Submission,C,60,CRITICAL,68.55,MONITORING,2025-03-05,2025-03-22,SYNTHETIC / DEMO ONLY. Defensive analytics record.,Exfiltration,Application Layer Protocol
THR-2026-01410,Synthetic Phishing Observation,PHISHING,URL,https://example.com/demo/1410,Research Report,C,43,MEDIUM,59.1,UNDER_REVIEW,2025-02-24,2025-03-14,SYNTHETIC / DEMO ONLY. Defensive analytics record.,Discovery,Data from Local System
THR-2026-01411,Synthetic Credential Threats Observation,CREDENTIAL THREATS,FILE HASH,3c98ba36f639e81889da6be938a33e432aec111b67c84fe550bcf98ef9c1b9dc,Unknown Source,D,39,MEDIUM,52.05,NEW,2025-06-13,2025-06-21,SYNTHETIC / DEMO ONLY. Defensive analytics record.,Exfiltration,Valid Accounts
THR-2026-01412,Synthetic Phishing Observation,PHISHING,DOMAIN,example.com,Research Report,C,65,CRITICAL,68.75,NEW,2025-12-08,2026-01-07,SYNTHETIC / DEMO ONLY. Defensive analytics record.,Discovery,Data from Local System
THR-2026-01413,Synthetic Data Exposure Observation,DATA EXPOSURE,FILE HASH,b902ea7ebfa879eda9918ad17ac56de363ef159276489b4a05a611275d7d7f98,Unknown Source,D,74,INFORMATIONAL,47.7,FALSE_POSITIVE,2025-03-10,2025-03-16,SYNTHETIC / DEMO ONLY. Defensive analytics record.,Exfiltration,Network Service Discovery
THR-2026-01414,Synthetic Malware Observation,MALWARE,DOMAIN,example.net,Research Report,C,77,CRITICAL,75.1,CLOSED,2025-12-25,2026-01-15,SYNTHETIC / DEMO ONLY. Defensive analytics record.,Initial Access,Network Service Discovery
THR-2026-01415,Synthetic Credential Threats Observation,CREDENTIAL THREATS,FILE HASH,ee717bcfe57859773a1838f515648f2f04fb73f5ae4a1c67144b5b0e741ccd4d,Security Vendor,B,68,INFORMATIONAL,44.75,CLOSED,2025-06-03,2025-06-08,SYNTHETIC / DEMO ONLY. Defensive analytics record.,Credential Access,Valid Accounts
THR-2026-01416,Synthetic Network Threats Observation,NETWORK THREATS,IP ADDRESS,192.0.2.147,Public Threat Feed,B,74,HIGH,74.3,NEW,2025-11-23,2025-11-27,SYNTHETIC / DEMO ONLY. Defensive analytics record.,Initial Access,Valid Accounts
THR-2026-01417,Synthetic Malware Observation,MALWARE,URL,https://example.com/demo/1417,Internal SOC,A,92,CRITICAL,80.65,FALSE_POSITIVE,2025-04-03,2025-04-17,SYNTHETIC / DEMO ONLY. Defensive analytics record.,Initial Access,Application Layer Protocol
THR-2026-01418,Synthetic Account Security Observation,ACCOUNT SECURITY,URL,https://example.com/demo/1418,Public Threat Feed,B,46,HIGH,61.2,MONITORING,2025-09-27,2025-10-14,SYNTHETIC / DEMO ONLY. Defensive analytics record.,Initial Access,Data from Local System
THR-2026-01419,Synthetic Malware Observation,MALWARE,IP ADDRESS,192.0.2.150,Public Threat Feed,B,55,LOW,55.85,MONITORING,2025-05-01,2025-05-30,SYNTHETIC / DEMO ONLY. Defensive analytics record.,Initial Access,Network Service Discovery
THR-2026-01420,Synthetic Vulnerability Exposure Observation,VULNERABILITY EXPOSURE,FILE HASH,04360530b7e3ccf730fedd6c7f1b13f1ff4c94d91dcfdd46d30e24306db433b5,Community Submission,C,86,LOW,50.05,CLOSED,2025-02-18,2025-03-10,SYNTHETIC / DEMO ONLY. Defensive analytics record.,Exfiltration,Phishing
THR-2026-01421,Synthetic Credential Threats Observation,CREDENTIAL THREATS,CVE ID,CVE-2026-2421,Research Report,C,93,CRITICAL,81.1,NEW,2025-09-22,2025-10-20,SYNTHETIC / DEMO ONLY. Defensive analytics record.,Initial Access,Application Layer Protocol
THR-2026-01422,Synthetic Credential Threats Observation,CREDENTIAL THREATS,IP ADDRESS,192.0.2.153,Internal SOC,A,82,MEDIUM,71.75,CLOSED,2025-12-29,2026-01-08,SYNTHETIC / DEMO ONLY. Defensive analytics record.,Initial Access,Valid Accounts
THR-2026-01423,Synthetic Malware Observation,MALWARE,EMAIL/SENDER DOMAIN,example.org,Internal SOC,A,52,MEDIUM,66.95,MONITORING,2025-03-25,2025-04-17,SYNTHETIC / DEMO ONLY. Defensive analytics record.,Initial Access,Data from Local System
THR-2026-01424,Synthetic Phishing Observation,PHISHING,CVE ID,CVE-2026-2424,Public Threat Feed,B,89,MEDIUM,57.15,MONITORING,2025-12-04,2026-01-03,SYNTHETIC / DEMO ONLY. Defensive analytics record.,Credential Access,Network Service Discovery
THR-2026-01425,Synthetic Vulnerability Exposure Observation,VULNERABILITY EXPOSURE,DOMAIN,example.org,Research Report,C,44,MEDIUM,54.3,MONITORING,2025-04-21,2025-04-30,SYNTHETIC / DEMO ONLY. Defensive analytics record.,Command and Control,Phishing
THR-2026-01426,Synthetic Phishing Observation,PHISHING,URL,https://example.com/demo/1426,Unknown Source,D,46,MEDIUM,56.25,NEW,2025-03-01,2025-03-28,SYNTHETIC / DEMO ONLY. Defensive analytics record.,Discovery,Phishing
THR-2026-01427,Synthetic Malware Observation,MALWARE,URL,https://example.com/demo/1427,Public Threat Feed,B,50,HIGH,64.65,NEW,2025-03-09,2025-04-03,SYNTHETIC / DEMO ONLY. Defensive analytics record.,Credential Access,Phishing
THR-2026-01428,Synthetic Web Threats Observation,WEB THREATS,URL,https://example.com/demo/1428,Community Submission,C,45,HIGH,73.05,MONITORING,2025-01-13,2025-01-30,SYNTHETIC / DEMO ONLY. Defensive analytics record.,Exfiltration,Network Service Discovery
THR-2026-01429,Synthetic Malware Observation,MALWARE,FILE HASH,2ead0151f46337da5116b9c97a2de183b4b4c937e2630daade46c8da67ed69ba,Internal SOC,A,74,HIGH,68.35,NEW,2025-08-17,2025-09-09,SYNTHETIC / DEMO ONLY. Defensive analytics record.,Credential Access,Phishing
THR-2026-01430,Synthetic Malware Observation,MALWARE,EMAIL/SENDER DOMAIN,example.com,Research Report,C,40,INFORMATIONAL,44.5,MONITORING,2025-03-30,2025-04-02,SYNTHETIC / DEMO ONLY. Defensive analytics record.,Credential Access,Data from Local System
THR-2026-01431,Synthetic Data Exposure Observation,DATA EXPOSURE,DOMAIN,demo.invalid,Security Vendor,B,58,LOW,57.1,NEW,2025-02-13,2025-03-10,SYNTHETIC / DEMO ONLY. Defensive analytics record.,Command and Control,Valid Accounts
THR-2026-01432,Synthetic Ransomware Observation,RANSOMWARE,DOMAIN,example.com,Unknown Source,D,65,HIGH,61.35,UNDER_REVIEW,2025-08-15,2025-09-02,SYNTHETIC / DEMO ONLY. Defensive analytics record.,Command and Control,Data from Local System
THR-2026-01433,Synthetic Credential Threats Observation,CREDENTIAL THREATS,IP ADDRESS,192.0.2.164,Community Submission,C,84,MEDIUM,65.25,CLOSED,2025-07-09,2025-07-13,SYNTHETIC / DEMO ONLY. Defensive analytics record.,Exfiltration,Application Layer Protocol
THR-2026-01434,Synthetic Account Security Observation,ACCOUNT SECURITY,URL,https://example.com/demo/1434,Community Submission,C,50,MEDIUM,60.15,CLOSED,2025-02-04,2025-02-23,SYNTHETIC / DEMO ONLY. Defensive analytics record.,Initial Access,Phishing
THR-2026-01435,Synthetic Vulnerability Exposure Observation,VULNERABILITY EXPOSURE,EMAIL/SENDER DOMAIN,example.org,Public Threat Feed,B,51,LOW,54.1,UNDER_REVIEW,2025-11-01,2025-12-01,SYNTHETIC / DEMO ONLY. Defensive analytics record.,Credential Access,Phishing
THR-2026-01436,Synthetic Credential Threats Observation,CREDENTIAL THREATS,DOMAIN,example.com,Unknown Source,D,44,HIGH,61.7,NEW,2025-09-12,2025-09-20,SYNTHETIC / DEMO ONLY. Defensive analytics record.,Exfiltration,Phishing
THR-2026-01437,Synthetic Credential Threats Observation,CREDENTIAL THREATS,CVE ID,CVE-2026-2437,Unknown Source,D,36,LOW,38.75,UNDER_REVIEW,2025-09-18,2025-10-02,SYNTHETIC / DEMO ONLY. Defensive analytics record.,Credential Access,Phishing
THR-2026-01438,Synthetic Network Threats Observation,NETWORK THREATS,URL,https://example.com/demo/1438,Research Report,C,70,CRITICAL,71.05,MONITORING,2025-09-18,2025-09-30,SYNTHETIC / DEMO ONLY. Defensive analytics record.,Credential Access,Valid Accounts
THR-2026-01439,Synthetic Social Engineering Observation,SOCIAL ENGINEERING,FILE HASH,15a4f187507706cddee8390083626c014980268e84cd0ecbcf457455e1b75d11,Research Report,C,41,CRITICAL,60.75,NEW,2025-05-09,2025-05-14,SYNTHETIC / DEMO ONLY. Defensive analytics record.,Initial Access,Application Layer Protocol
THR-2026-01440,Synthetic Data Exposure Observation,DATA EXPOSURE,URL,https://example.com/demo/1440,Internal SOC,A,71,LOW,51.65,NEW,2025-10-03,2025-10-16,SYNTHETIC / DEMO ONLY. Defensive analytics record.,Command and Control,Data from Local System
THR-2026-01441,Synthetic Malware Observation,MALWARE,EMAIL/SENDER DOMAIN,example.org,Public Threat Feed,B,63,MEDIUM,59.0,CLOSED,2025-05-02,2025-06-01,SYNTHETIC / DEMO ONLY. Defensive analytics record.,Discovery,Valid Accounts
THR-2026-01442,Synthetic Social Engineering Observation,SOCIAL ENGINEERING,DOMAIN,example.net,Security Vendor,B,37,MEDIUM,55.45,FALSE_POSITIVE,2025-09-11,2025-10-11,SYNTHETIC / DEMO ONLY. Defensive analytics record.,Exfiltration,Valid Accounts
THR-2026-01443,Synthetic Malware Observation,MALWARE,URL,https://example.com/demo/1443,Community Submission,C,67,HIGH,65.95,MONITORING,2025-01-29,2025-02-14,SYNTHETIC / DEMO ONLY. Defensive analytics record.,Command and Control,Phishing
THR-2026-01444,Synthetic Malware Observation,MALWARE,EMAIL/SENDER DOMAIN,example.com,Internal SOC,A,65,CRITICAL,72.15,FALSE_POSITIVE,2025-01-24,2025-02-22,SYNTHETIC / DEMO ONLY. Defensive analytics record.,Exfiltration,Data from Local System
THR-2026-01445,Synthetic Data Exposure Observation,DATA EXPOSURE,DOMAIN,example.org,Community Submission,C,35,HIGH,50.15,FALSE_POSITIVE,2025-01-13,2025-02-06,SYNTHETIC / DEMO ONLY. Defensive analytics record.,Command and Control,Data from Local System
THR-2026-01446,Synthetic Network Threats Observation,NETWORK THREATS,IP ADDRESS,192.0.2.177,Security Vendor,B,48,MEDIUM,61.25,MONITORING,2025-08-26,2025-09-17,SYNTHETIC / DEMO ONLY. Defensive analytics record.,Exfiltration,Valid Accounts
THR-2026-01447,Synthetic Vulnerability Exposure Observation,VULNERABILITY EXPOSURE,CVE ID,CVE-2026-2447,Community Submission,C,80,HIGH,69.2,UNDER_REVIEW,2025-02-16,2025-02-22,SYNTHETIC / DEMO ONLY. Defensive analytics record.,Discovery,Phishing
THR-2026-01448,Synthetic Network Threats Observation,NETWORK THREATS,URL,https://example.com/demo/1448,Security Vendor,B,77,MEDIUM,65.1,NEW,2025-03-20,2025-03-20,SYNTHETIC / DEMO ONLY. Defensive analytics record.,Initial Access,Data from Local System
THR-2026-01449,Synthetic Ransomware Observation,RANSOMWARE,DOMAIN,example.org,Internal SOC,A,61,MEDIUM,67.35,FALSE_POSITIVE,2025-11-25,2025-11-28,SYNTHETIC / DEMO ONLY. Defensive analytics record.,Command and Control,Valid Accounts
THR-2026-01450,Synthetic Credential Threats Observation,CREDENTIAL THREATS,CVE ID,CVE-2026-2450,Public Threat Feed,B,47,LOW,38.15,NEW,2025-03-07,2025-03-20,SYNTHETIC / DEMO ONLY. Defensive analytics record.,Discovery,Data from Local System
THR-2026-01451,Synthetic Social Engineering Observation,SOCIAL ENGINEERING,DOMAIN,demo.invalid,Security Vendor,B,50,LOW,47.4,UNDER_REVIEW,2025-04-02,2025-04-25,SYNTHETIC / DEMO ONLY. Defensive analytics record.,Initial Access,Application Layer Protocol
THR-2026-01452,Synthetic Web Threats Observation,WEB THREATS,EMAIL/SENDER DOMAIN,example.com,Unknown Source,D,35,LOW,42.5,NEW,2025-07-16,2025-07-19,SYNTHETIC / DEMO ONLY. Defensive analytics record.,Exfiltration,Data from Local System
THR-2026-01453,Synthetic Credential Threats Observation,CREDENTIAL THREATS,EMAIL/SENDER DOMAIN,example.org,Research Report,C,79,MEDIUM,67.9,NEW,2025-01-10,2025-01-15,SYNTHETIC / DEMO ONLY. Defensive analytics record.,Initial Access,Data from Local System
THR-2026-01454,Synthetic Phishing Observation,PHISHING,CVE ID,CVE-2026-2454,Security Vendor,B,55,MEDIUM,48.7,UNDER_REVIEW,2025-09-23,2025-10-19,SYNTHETIC / DEMO ONLY. Defensive analytics record.,Credential Access,Valid Accounts
THR-2026-01455,Synthetic Web Threats Observation,WEB THREATS,FILE HASH,36927931885873f33fb773c99e1de7b58b358593d7f2547eac7e13fe544dd08a,Research Report,C,63,LOW,47.7,UNDER_REVIEW,2025-11-02,2025-11-25,SYNTHETIC / DEMO ONLY. Defensive analytics record.,Discovery,Network Service Discovery
THR-2026-01456,Synthetic Vulnerability Exposure Observation,VULNERABILITY EXPOSURE,DOMAIN,example.com,Security Vendor,B,95,HIGH,68.35,FALSE_POSITIVE,2025-06-24,2025-06-25,SYNTHETIC / DEMO ONLY. Defensive analytics record.,Credential Access,Application Layer Protocol
THR-2026-01457,Synthetic Malware Observation,MALWARE,IP ADDRESS,192.0.2.188,Security Vendor,B,44,HIGH,58.75,UNDER_REVIEW,2025-05-24,2025-05-31,SYNTHETIC / DEMO ONLY. Defensive analytics record.,Discovery,Data from Local System
THR-2026-01458,Synthetic Data Exposure Observation,DATA EXPOSURE,CVE ID,CVE-2026-2458,Community Submission,C,77,MEDIUM,64.35,FALSE_POSITIVE,2025-04-04,2025-04-25,SYNTHETIC / DEMO ONLY. Defensive analytics record.,Credential Access,Application Layer Protocol
THR-2026-01459,Synthetic Vulnerability Exposure Observation,VULNERABILITY EXPOSURE,DOMAIN,demo.invalid,Research Report,C,70,HIGH,70.15,NEW,2025-09-14,2025-10-13,SYNTHETIC / DEMO ONLY. Defensive analytics record.,Credential Access,Application Layer Protocol
THR-2026-01460,Synthetic Web Threats Observation,WEB THREATS,FILE HASH,f8030275ec417250bf8bc97d9ef069b5634bca15af0a850f22f9b884c29efed9,Research Report,C,46,HIGH,59.2,FALSE_POSITIVE,2025-12-05,2025-12-12,SYNTHETIC / DEMO ONLY. Defensive analytics record.,Initial Access,Data from Local System
THR-2026-01461,Synthetic Social Engineering Observation,SOCIAL ENGINEERING,FILE HASH,b7e4f65cc11b19da2c50f70c62f1cec38178b11f9ee7cda0bac86c2b43b7cd0f,Community Submission,C,52,CRITICAL,66.2,UNDER_REVIEW,2025-04-01,2025-04-29,SYNTHETIC / DEMO ONLY. Defensive analytics record.,Credential Access,Valid Accounts
THR-2026-01462,Synthetic Phishing Observation,PHISHING,EMAIL/SENDER DOMAIN,example.com,Community Submission,C,44,HIGH,66.2,FALSE_POSITIVE,2025-11-20,2025-11-30,SYNTHETIC / DEMO ONLY. Defensive analytics record.,Exfiltration,Phishing
THR-2026-01463,Synthetic Web Threats Observation,WEB THREATS,URL,https://example.com/demo/1463,Security Vendor,B,57,MEDIUM,57.55,UNDER_REVIEW,2025-09-18,2025-09-22,SYNTHETIC / DEMO ONLY. Defensive analytics record.,Initial Access,Data from Local System
THR-2026-01464,Synthetic Ransomware Observation,RANSOMWARE,EMAIL/SENDER DOMAIN,example.com,Research Report,C,45,MEDIUM,59.7,MONITORING,2025-10-09,2025-10-30,SYNTHETIC / DEMO ONLY. Defensive analytics record.,Discovery,Phishing
THR-2026-01465,Synthetic Phishing Observation,PHISHING,IP ADDRESS,192.0.2.196,Unknown Source,D,38,HIGH,52.45,FALSE_POSITIVE,2025-07-20,2025-07-25,SYNTHETIC / DEMO ONLY. Defensive analytics record.,Initial Access,Phishing
THR-2026-01466,Synthetic Credential Threats Observation,CREDENTIAL THREATS,FILE HASH,d06acf153e8f01a4103e277df7356de9901bd6a133e7d5aaa7dcd04698883d70,Internal SOC,A,91,CRITICAL,82.5,FALSE_POSITIVE,2025-02-13,2025-03-08,SYNTHETIC / DEMO ONLY. Defensive analytics record.,Initial Access,Valid Accounts
THR-2026-01467,Synthetic Network Threats Observation,NETWORK THREATS,URL,https://example.com/demo/1467,Internal SOC,A,72,MEDIUM,59.45,UNDER_REVIEW,2025-11-19,2025-12-06,SYNTHETIC / DEMO ONLY. Defensive analytics record.,Exfiltration,Data from Local System
THR-2026-01468,Synthetic Data Exposure Observation,DATA EXPOSURE,FILE HASH,961678de004fd96ecb84598046ceca18c54fb4e1e135bd0ab5517cf34c749103,Community Submission,C,44,MEDIUM,47.4,NEW,2025-04-20,2025-05-09,SYNTHETIC / DEMO ONLY. Defensive analytics record.,Discovery,Application Layer Protocol
THR-2026-01469,Synthetic Social Engineering Observation,SOCIAL ENGINEERING,IP ADDRESS,192.0.2.200,Research Report,C,38,MEDIUM,49.0,MONITORING,2025-12-31,2026-01-21,SYNTHETIC / DEMO ONLY. Defensive analytics record.,Credential Access,Application Layer Protocol
THR-2026-01470,Synthetic Network Threats Observation,NETWORK THREATS,CVE ID,CVE-2026-2470,Public Threat Feed,B,70,MEDIUM,62.45,NEW,2025-06-22,2025-07-10,SYNTHETIC / DEMO ONLY. Defensive analytics record.,Credential Access,Application Layer Protocol
THR-2026-01471,Synthetic Ransomware Observation,RANSOMWARE,URL,https://example.com/demo/1471,Public Threat Feed,B,82,MEDIUM,64.0,UNDER_REVIEW,2025-07-27,2025-08-22,SYNTHETIC / DEMO ONLY. Defensive analytics record.,Exfiltration,Application Layer Protocol
THR-2026-01472,Synthetic Phishing Observation,PHISHING,EMAIL/SENDER DOMAIN,example.com,Unknown Source,D,95,HIGH,66.65,FALSE_POSITIVE,2025-08-31,2025-09-13,SYNTHETIC / DEMO ONLY. Defensive analytics record.,Exfiltration,Data from Local System
THR-2026-01473,Synthetic Social Engineering Observation,SOCIAL ENGINEERING,EMAIL/SENDER DOMAIN,example.org,Internal SOC,A,58,MEDIUM,48.9,NEW,2025-08-17,2025-09-11,SYNTHETIC / DEMO ONLY. Defensive analytics record.,Initial Access,Application Layer Protocol
THR-2026-01474,Synthetic Web Threats Observation,WEB THREATS,EMAIL/SENDER DOMAIN,example.com,Community Submission,C,35,LOW,48.05,FALSE_POSITIVE,2025-02-06,2025-02-11,SYNTHETIC / DEMO ONLY. Defensive analytics record.,Command and Control,Application Layer Protocol
THR-2026-01475,Synthetic Credential Threats Observation,CREDENTIAL THREATS,EMAIL/SENDER DOMAIN,example.org,Unknown Source,D,59,LOW,46.55,UNDER_REVIEW,2025-08-17,2025-08-24,SYNTHETIC / DEMO ONLY. Defensive analytics record.,Initial Access,Valid Accounts
THR-2026-01476,Synthetic Vulnerability Exposure Observation,VULNERABILITY EXPOSURE,EMAIL/SENDER DOMAIN,example.com,Unknown Source,D,56,HIGH,69.35,UNDER_REVIEW,2025-06-07,2025-06-16,SYNTHETIC / DEMO ONLY. Defensive analytics record.,Initial Access,Valid Accounts
THR-2026-01477,Synthetic Vulnerability Exposure Observation,VULNERABILITY EXPOSURE,CVE ID,CVE-2026-2477,Unknown Source,D,90,LOW,48.85,CLOSED,2025-08-26,2025-08-28,SYNTHETIC / DEMO ONLY. Defensive analytics record.,Initial Access,Application Layer Protocol
THR-2026-01478,Synthetic Web Threats Observation,WEB THREATS,CVE ID,CVE-2026-2478,Public Threat Feed,B,82,MEDIUM,56.55,UNDER_REVIEW,2025-06-09,2025-07-04,SYNTHETIC / DEMO ONLY. Defensive analytics record.,Discovery,Network Service Discovery
THR-2026-01479,Synthetic Data Exposure Observation,DATA EXPOSURE,CVE ID,CVE-2026-2479,Security Vendor,B,37,LOW,47.25,CLOSED,2025-06-22,2025-07-01,SYNTHETIC / DEMO ONLY. Defensive analytics record.,Discovery,Network Service Discovery
THR-2026-01480,Synthetic Data Exposure Observation,DATA EXPOSURE,EMAIL/SENDER DOMAIN,example.com,Community Submission,C,37,CRITICAL,59.9,FALSE_POSITIVE,2025-08-31,2025-09-17,SYNTHETIC / DEMO ONLY. Defensive analytics record.,Exfiltration,Valid Accounts
THR-2026-01481,Synthetic Web Threats Observation,WEB THREATS,URL,https://example.com/demo/1481,Security Vendor,B,94,HIGH,74.35,NEW,2025-12-13,2025-12-22,SYNTHETIC / DEMO ONLY. Defensive analytics record.,Discovery,Valid Accounts
THR-2026-01482,Synthetic Credential Threats Observation,CREDENTIAL THREATS,DOMAIN,example.net,Public Threat Feed,B,59,LOW,56.55,NEW,2025-07-24,2025-08-21,SYNTHETIC / DEMO ONLY. Defensive analytics record.,Command and Control,Valid Accounts
THR-2026-01483,Synthetic Ransomware Observation,RANSOMWARE,IP ADDRESS,192.0.2.214,Unknown Source,D,93,LOW,59.1,FALSE_POSITIVE,2025-03-29,2025-03-30,SYNTHETIC / DEMO ONLY. Defensive analytics record.,Credential Access,Valid Accounts
THR-2026-01484,Synthetic Account Security Observation,ACCOUNT SECURITY,IP ADDRESS,192.0.2.215,Security Vendor,B,98,HIGH,71.65,UNDER_REVIEW,2025-02-06,2025-02-16,SYNTHETIC / DEMO ONLY. Defensive analytics record.,Initial Access,Application Layer Protocol
THR-2026-01485,Synthetic Phishing Observation,PHISHING,CVE ID,CVE-2026-2485,Internal SOC,A,98,LOW,61.05,FALSE_POSITIVE,2025-05-10,2025-06-09,SYNTHETIC / DEMO ONLY. Defensive analytics record.,Command and Control,Data from Local System
THR-2026-01486,Synthetic Data Exposure Observation,DATA EXPOSURE,IP ADDRESS,192.0.2.217,Security Vendor,B,61,INFORMATIONAL,40.2,CLOSED,2025-11-08,2025-11-18,SYNTHETIC / DEMO ONLY. Defensive analytics record.,Initial Access,Data from Local System
THR-2026-01487,Synthetic Ransomware Observation,RANSOMWARE,EMAIL/SENDER DOMAIN,example.org,Internal SOC,A,66,MEDIUM,67.4,CLOSED,2025-05-05,2025-05-25,SYNTHETIC / DEMO ONLY. Defensive analytics record.,Discovery,Network Service Discovery
THR-2026-01488,Synthetic Account Security Observation,ACCOUNT SECURITY,IP ADDRESS,192.0.2.219,Research Report,C,35,CRITICAL,67.8,MONITORING,2025-06-27,2025-07-16,SYNTHETIC / DEMO ONLY. Defensive analytics record.,Credential Access,Phishing
THR-2026-01489,Synthetic Malware Observation,MALWARE,URL,https://example.com/demo/1489,Internal SOC,A,71,HIGH,70.8,CLOSED,2025-09-08,2025-09-15,SYNTHETIC / DEMO ONLY. Defensive analytics record.,Exfiltration,Application Layer Protocol
THR-2026-01490,Synthetic Network Threats Observation,NETWORK THREATS,IP ADDRESS,192.0.2.221,Research Report,C,59,MEDIUM,49.95,FALSE_POSITIVE,2025-02-25,2025-03-16,SYNTHETIC / DEMO ONLY. Defensive analytics record.,Credential Access,Phishing
THR-2026-01491,Synthetic Credential Threats Observation,CREDENTIAL THREATS,FILE HASH,313ec526dd666a0fdda35a76e75968abe3c4a29c9d8c92de280dca5f65f695e9,Public Threat Feed,B,88,MEDIUM,56.85,MONITORING,2025-12-14,2026-01-05,SYNTHETIC / DEMO ONLY. Defensive analytics record.,Credential Access,Data from Local System
THR-2026-01492,Synthetic Data Exposure Observation,DATA EXPOSURE,FILE HASH,3d8412bbbca18186b299a154bef3ce6ff94be5ab21daadec5efd41df3a21613a,Internal SOC,A,81,CRITICAL,77.85,CLOSED,2025-09-02,2025-09-17,SYNTHETIC / DEMO ONLY. Defensive analytics record.,Command and Control,Application Layer Protocol
THR-2026-01493,Synthetic Phishing Observation,PHISHING,EMAIL/SENDER DOMAIN,example.org,Internal SOC,A,51,HIGH,57.55,NEW,2025-09-25,2025-10-22,SYNTHETIC / DEMO ONLY. Defensive analytics record.,Exfiltration,Valid Accounts
THR-2026-01494,Synthetic Network Threats Observation,NETWORK THREATS,FILE HASH,6becfdfdfa4164bf2ae1a5913ab6b49cbcd64af07b8491a299f8e6f6e2f63941,Community Submission,C,46,MEDIUM,48.25,NEW,2025-01-16,2025-01-30,SYNTHETIC / DEMO ONLY. Defensive analytics record.,Discovery,Valid Accounts
THR-2026-01495,Synthetic Malware Observation,MALWARE,DOMAIN,demo.invalid,Public Threat Feed,B,78,HIGH,67.4,UNDER_REVIEW,2025-04-16,2025-05-03,SYNTHETIC / DEMO ONLY. Defensive analytics record.,Command and Control,Data from Local System
THR-2026-01496,Synthetic Malware Observation,MALWARE,FILE HASH,dc92dcbff662249346f670e70e3244e9b36ef8e7accc1428e2f10c337d572439,Research Report,C,89,HIGH,75.85,MONITORING,2025-09-16,2025-10-02,SYNTHETIC / DEMO ONLY. Defensive analytics record.,Discovery,Phishing
THR-2026-01497,Synthetic Malware Observation,MALWARE,DOMAIN,example.org,Community Submission,C,35,MEDIUM,55.2,UNDER_REVIEW,2025-07-10,2025-07-19,SYNTHETIC / DEMO ONLY. Defensive analytics record.,Command and Control,Data from Local System
THR-2026-01498,Synthetic Data Exposure Observation,DATA EXPOSURE,DOMAIN,example.net,Security Vendor,B,64,MEDIUM,68.85,NEW,2025-10-30,2025-10-31,SYNTHETIC / DEMO ONLY. Defensive analytics record.,Discovery,Application Layer Protocol
THR-2026-01499,Synthetic Phishing Observation,PHISHING,EMAIL/SENDER DOMAIN,example.org,Community Submission,C,82,HIGH,76.4,FALSE_POSITIVE,2025-08-06,2025-08-15,SYNTHETIC / DEMO ONLY. Defensive analytics record.,Credential Access,Phishing
THR-2026-01500,Synthetic Social Engineering Observation,SOCIAL ENGINEERING,URL,https://example.com/demo/1500,Security Vendor,B,86,MEDIUM,78.35,FALSE_POSITIVE,2025-02-15,2025-02-28,SYNTHETIC / DEMO ONLY. Defensive analytics record.,Exfiltration,Application Layer Protocol
THR-2026-01501,Synthetic Web Threats Observation,WEB THREATS,EMAIL/SENDER DOMAIN,example.org,Community Submission,C,93,HIGH,72.85,MONITORING,2025-10-19,2025-11-05,SYNTHETIC / DEMO ONLY. Defensive analytics record.,Exfiltration,Application Layer Protocol
THR-2026-01502,Synthetic Account Security Observation,ACCOUNT SECURITY,DOMAIN,example.net,Community Submission,C,48,LOW,42.7,FALSE_POSITIVE,2025-07-27,2025-08-14,SYNTHETIC / DEMO ONLY. Defensive analytics record.,Credential Access,Valid Accounts
THR-2026-01503,Synthetic Credential Threats Observation,CREDENTIAL THREATS,IP ADDRESS,192.0.2.234,Security Vendor,B,72,LOW,54.85,NEW,2025-03-19,2025-04-05,SYNTHETIC / DEMO ONLY. Defensive analytics record.,Command and Control,Data from Local System
THR-2026-01504,Synthetic Phishing Observation,PHISHING,EMAIL/SENDER DOMAIN,example.com,Research Report,C,50,MEDIUM,55.25,UNDER_REVIEW,2025-02-07,2025-02-21,SYNTHETIC / DEMO ONLY. Defensive analytics record.,Credential Access,Network Service Discovery
THR-2026-01505,Synthetic Data Exposure Observation,DATA EXPOSURE,CVE ID,CVE-2026-2505,Community Submission,C,63,LOW,56.9,FALSE_POSITIVE,2025-02-03,2025-02-10,SYNTHETIC / DEMO ONLY. Defensive analytics record.,Credential Access,Data from Local System
THR-2026-01506,Synthetic Phishing Observation,PHISHING,URL,https://example.com/demo/1506,Public Threat Feed,B,87,HIGH,71.3,FALSE_POSITIVE,2025-01-11,2025-01-29,SYNTHETIC / DEMO ONLY. Defensive analytics record.,Command and Control,Network Service Discovery
THR-2026-01507,Synthetic Phishing Observation,PHISHING,EMAIL/SENDER DOMAIN,example.org,Security Vendor,B,86,HIGH,80.65,CLOSED,2025-01-20,2025-01-24,SYNTHETIC / DEMO ONLY. Defensive analytics record.,Discovery,Phishing
THR-2026-01508,Synthetic Data Exposure Observation,DATA EXPOSURE,FILE HASH,a55c34f414ef261241fee46bf467b2dd2f8f4f0bb5385113fe8959eeeb445a94,Public Threat Feed,B,87,MEDIUM,63.8,CLOSED,2025-12-25,2026-01-11,SYNTHETIC / DEMO ONLY. Defensive analytics record.,Command and Control,Phishing
THR-2026-01509,Synthetic Ransomware Observation,RANSOMWARE,DOMAIN,example.org,Public Threat Feed,B,78,HIGH,64.2,FALSE_POSITIVE,2025-08-18,2025-08-30,SYNTHETIC / DEMO ONLY. Defensive analytics record.,Credential Access,Valid Accounts
THR-2026-01510,Synthetic Account Security Observation,ACCOUNT SECURITY,URL,https://example.com/demo/1510,Public Threat Feed,B,40,HIGH,55.75,NEW,2025-09-09,2025-09-09,SYNTHETIC / DEMO ONLY. Defensive analytics record.,Exfiltration,Application Layer Protocol
THR-2026-01511,Synthetic Account Security Observation,ACCOUNT SECURITY,FILE HASH,57f4c6e84b4d1253e662a3edc6a1f76e8847ea5833bbf32712ede5c718d68b41,Research Report,C,43,CRITICAL,58.75,NEW,2025-04-19,2025-04-25,SYNTHETIC / DEMO ONLY. Defensive analytics record.,Initial Access,Valid Accounts
THR-2026-01512,Synthetic Account Security Observation,ACCOUNT SECURITY,URL,https://example.com/demo/1512,Internal SOC,A,41,HIGH,63.15,MONITORING,2025-12-04,2025-12-23,SYNTHETIC / DEMO ONLY. Defensive analytics record.,Initial Access,Network Service Discovery
THR-2026-01513,Synthetic Account Security Observation,ACCOUNT SECURITY,IP ADDRESS,192.0.2.244,Public Threat Feed,B,41,HIGH,63.75,UNDER_REVIEW,2025-02-13,2025-03-01,SYNTHETIC / DEMO ONLY. Defensive analytics record.,Exfiltration,Application Layer Protocol
THR-2026-01514,Synthetic Vulnerability Exposure Observation,VULNERABILITY EXPOSURE,CVE ID,CVE-2026-2514,Unknown Source,D,82,LOW,49.65,CLOSED,2025-12-24,2026-01-21,SYNTHETIC / DEMO ONLY. Defensive analytics record.,Command and Control,Application Layer Protocol
THR-2026-01515,Synthetic Account Security Observation,ACCOUNT SECURITY,URL,https://example.com/demo/1515,Internal SOC,A,92,MEDIUM,68.35,FALSE_POSITIVE,2025-01-23,2025-01-27,SYNTHETIC / DEMO ONLY. Defensive analytics record.,Credential Access,Network Service Discovery
THR-2026-01516,Synthetic Phishing Observation,PHISHING,EMAIL/SENDER DOMAIN,example.com,Unknown Source,D,97,HIGH,83.75,NEW,2025-06-19,2025-07-18,SYNTHETIC / DEMO ONLY. Defensive analytics record.,Credential Access,Data from Local System
THR-2026-01517,Synthetic Account Security Observation,ACCOUNT SECURITY,IP ADDRESS,192.0.2.248,Public Threat Feed,B,37,HIGH,68.6,UNDER_REVIEW,2025-08-20,2025-08-22,SYNTHETIC / DEMO ONLY. Defensive analytics record.,Credential Access,Valid Accounts
THR-2026-01518,Synthetic Social Engineering Observation,SOCIAL ENGINEERING,DOMAIN,example.net,Security Vendor,B,75,LOW,50.9,CLOSED,2025-07-09,2025-08-07,SYNTHETIC / DEMO ONLY. Defensive analytics record.,Initial Access,Application Layer Protocol
THR-2026-01519,Synthetic Data Exposure Observation,DATA EXPOSURE,IP ADDRESS,192.0.2.250,Security Vendor,B,56,MEDIUM,54.95,NEW,2025-02-27,2025-03-04,SYNTHETIC / DEMO ONLY. Defensive analytics record.,Command and Control,Phishing
THR-2026-01520,Synthetic Credential Threats Observation,CREDENTIAL THREATS,FILE HASH,b77c949b3139b0557628b283aedd935d93dc930c854a3875fd030f37bf89717f,Community Submission,C,75,LOW,55.9,MONITORING,2025-03-28,2025-04-15,SYNTHETIC / DEMO ONLY. Defensive analytics record.,Command and Control,Phishing
THR-2026-01521,Synthetic Credential Threats Observation,CREDENTIAL THREATS,DOMAIN,example.org,Unknown Source,D,72,MEDIUM,59.45,UNDER_REVIEW,2025-12-07,2025-12-30,SYNTHETIC / DEMO ONLY. Defensive analytics record.,Exfiltration,Network Service Discovery
THR-2026-01522,Synthetic Phishing Observation,PHISHING,DOMAIN,example.net,Public Threat Feed,B,40,HIGH,59.25,UNDER_REVIEW,2025-08-09,2025-08-10,SYNTHETIC / DEMO ONLY. Defensive analytics record.,Command and Control,Valid Accounts
THR-2026-01523,Synthetic Web Threats Observation,WEB THREATS,IP ADDRESS,192.0.2.254,Community Submission,C,48,MEDIUM,56.65,UNDER_REVIEW,2025-01-25,2025-02-10,SYNTHETIC / DEMO ONLY. Defensive analytics record.,Credential Access,Phishing
THR-2026-01524,Synthetic Phishing Observation,PHISHING,DOMAIN,example.com,Research Report,C,58,HIGH,64.9,CLOSED,2025-08-21,2025-09-06,SYNTHETIC / DEMO ONLY. Defensive analytics record.,Credential Access,Data from Local System
THR-2026-01525,Synthetic Data Exposure Observation,DATA EXPOSURE,URL,https://example.com/demo/1525,Research Report,C,91,HIGH,71.75,NEW,2025-03-31,2025-04-07,SYNTHETIC / DEMO ONLY. Defensive analytics record.,Exfiltration,Valid Accounts
THR-2026-01526,Synthetic Data Exposure Observation,DATA EXPOSURE,CVE ID,CVE-2026-2526,Research Report,C,38,CRITICAL,67.15,NEW,2025-05-16,2025-06-15,SYNTHETIC / DEMO ONLY. Defensive analytics record.,Command and Control,Data from Local System
THR-2026-01527,Synthetic Data Exposure Observation,DATA EXPOSURE,CVE ID,CVE-2026-2527,Research Report,C,50,HIGH,64.35,CLOSED,2025-06-09,2025-07-06,SYNTHETIC / DEMO ONLY. Defensive analytics record.,Credential Access,Application Layer Protocol
THR-2026-01528,Synthetic Data Exposure Observation,DATA EXPOSURE,DOMAIN,example.com,Internal SOC,A,81,HIGH,72.35,UNDER_REVIEW,2025-10-20,2025-10-22,SYNTHETIC / DEMO ONLY. Defensive analytics record.,Credential Access,Valid Accounts
THR-2026-01529,Synthetic Network Threats Observation,NETWORK THREATS,URL,https://example.com/demo/1529,Internal SOC,A,85,HIGH,75.25,CLOSED,2025-07-14,2025-07-31,SYNTHETIC / DEMO ONLY. Defensive analytics record.,Initial Access,Network Service Discovery
THR-2026-01530,Synthetic Vulnerability Exposure Observation,VULNERABILITY EXPOSURE,EMAIL/SENDER DOMAIN,example.com,Internal SOC,A,57,LOW,50.9,CLOSED,2025-07-18,2025-08-05,SYNTHETIC / DEMO ONLY. Defensive analytics record.,Command and Control,Data from Local System
THR-2026-01531,Synthetic Phishing Observation,PHISHING,EMAIL/SENDER DOMAIN,example.org,Unknown Source,D,69,MEDIUM,61.4,MONITORING,2025-02-24,2025-03-13,SYNTHETIC / DEMO ONLY. Defensive analytics record.,Exfiltration,Phishing
THR-2026-01532,Synthetic Ransomware Observation,RANSOMWARE,DOMAIN,example.com,Internal SOC,A,77,HIGH,71.7,FALSE_POSITIVE,2025-01-27,2025-02-22,SYNTHETIC / DEMO ONLY. Defensive analytics record.,Command and Control,Data from Local System
THR-2026-01533,Synthetic Web Threats Observation,WEB THREATS,EMAIL/SENDER DOMAIN,example.org,Unknown Source,D,51,CRITICAL,71.1,FALSE_POSITIVE,2025-02-23,2025-03-11,SYNTHETIC / DEMO ONLY. Defensive analytics record.,Initial Access,Phishing
THR-2026-01534,Synthetic Web Threats Observation,WEB THREATS,URL,https://example.com/demo/1534,Community Submission,C,93,MEDIUM,60.25,UNDER_REVIEW,2025-07-03,2025-08-01,SYNTHETIC / DEMO ONLY. Defensive analytics record.,Credential Access,Data from Local System
THR-2026-01535,Synthetic Vulnerability Exposure Observation,VULNERABILITY EXPOSURE,FILE HASH,b20878e65c6a1f179ae534b0689874c34e05b47df2719bfefdef2a68b6b56845,Security Vendor,B,58,MEDIUM,60.9,NEW,2025-08-14,2025-08-26,SYNTHETIC / DEMO ONLY. Defensive analytics record.,Exfiltration,Phishing
THR-2026-01536,Synthetic Social Engineering Observation,SOCIAL ENGINEERING,FILE HASH,22e7ab6fbb9696a2c2d5213e4704d5ad7d2af39c5a3e5f4fe08b0d74276518eb,Research Report,C,84,HIGH,74.75,CLOSED,2025-03-13,2025-04-11,SYNTHETIC / DEMO ONLY. Defensive analytics record.,Exfiltration,Application Layer Protocol
THR-2026-01537,Synthetic Ransomware Observation,RANSOMWARE,DOMAIN,example.org,Community Submission,C,60,MEDIUM,56.9,FALSE_POSITIVE,2025-07-23,2025-08-13,SYNTHETIC / DEMO ONLY. Defensive analytics record.,Initial Access,Application Layer Protocol
THR-2026-01538,Synthetic Ransomware Observation,RANSOMWARE,CVE ID,CVE-2026-2538,Security Vendor,B,82,HIGH,62.4,MONITORING,2025-01-27,2025-02-24,SYNTHETIC / DEMO ONLY. Defensive analytics record.,Command and Control,Application Layer Protocol
THR-2026-01539,Synthetic Account Security Observation,ACCOUNT SECURITY,URL,https://example.com/demo/1539,Community Submission,C,39,HIGH,49.1,FALSE_POSITIVE,2025-08-11,2025-09-08,SYNTHETIC / DEMO ONLY. Defensive analytics record.,Credential Access,Network Service Discovery
THR-2026-01540,Synthetic Network Threats Observation,NETWORK THREATS,URL,https://example.com/demo/1540,Community Submission,C,85,MEDIUM,72.0,MONITORING,2025-09-23,2025-09-27,SYNTHETIC / DEMO ONLY. Defensive analytics record.,Exfiltration,Network Service Discovery
THR-2026-01541,Synthetic Ransomware Observation,RANSOMWARE,CVE ID,CVE-2026-2541,Security Vendor,B,69,LOW,51.35,FALSE_POSITIVE,2025-03-28,2025-04-27,SYNTHETIC / DEMO ONLY. Defensive analytics record.,Initial Access,Network Service Discovery
THR-2026-01542,Synthetic Vulnerability Exposure Observation,VULNERABILITY EXPOSURE,DOMAIN,example.net,Unknown Source,D,76,MEDIUM,60.5,MONITORING,2025-04-29,2025-05-04,SYNTHETIC / DEMO ONLY. Defensive analytics record.,Command and Control,Valid Accounts
THR-2026-01543,Synthetic Account Security Observation,ACCOUNT SECURITY,DOMAIN,demo.invalid,Community Submission,C,63,MEDIUM,60.75,MONITORING,2025-04-05,2025-04-24,SYNTHETIC / DEMO ONLY. Defensive analytics record.,Initial Access,Valid Accounts
THR-2026-01544,Synthetic Data Exposure Observation,DATA EXPOSURE,IP ADDRESS,192.0.2.21,Research Report,C,82,MEDIUM,59.65,CLOSED,2025-04-11,2025-04-19,SYNTHETIC / DEMO ONLY. Defensive analytics record.,Exfiltration,Network Service Discovery
THR-2026-01545,Synthetic Phishing Observation,PHISHING,EMAIL/SENDER DOMAIN,example.org,Research Report,C,71,MEDIUM,53.45,FALSE_POSITIVE,2025-09-24,2025-10-03,SYNTHETIC / DEMO ONLY. Defensive analytics record.,Initial Access,Data from Local System
THR-2026-01546,Synthetic Account Security Observation,ACCOUNT SECURITY,IP ADDRESS,192.0.2.23,Internal SOC,A,96,CRITICAL,88.25,FALSE_POSITIVE,2025-12-08,2025-12-14,SYNTHETIC / DEMO ONLY. Defensive analytics record.,Discovery,Data from Local System
THR-2026-01547,Synthetic Credential Threats Observation,CREDENTIAL THREATS,URL,https://example.com/demo/1547,Internal SOC,A,81,HIGH,72.65,MONITORING,2025-11-17,2025-11-27,SYNTHETIC / DEMO ONLY. Defensive analytics record.,Command and Control,Phishing
THR-2026-01548,Synthetic Network Threats Observation,NETWORK THREATS,URL,https://example.com/demo/1548,Security Vendor,B,57,LOW,55.3,FALSE_POSITIVE,2025-06-01,2025-06-16,SYNTHETIC / DEMO ONLY. Defensive analytics record.,Initial Access,Valid Accounts
THR-2026-01549,Synthetic Vulnerability Exposure Observation,VULNERABILITY EXPOSURE,FILE HASH,5b301592ed7b40080d3f0f99dbf9bfaa1b1ee3544c2e7151ff9736ebb1712588,Internal SOC,A,37,HIGH,63.25,NEW,2025-01-10,2025-02-06,SYNTHETIC / DEMO ONLY. Defensive analytics record.,Discovery,Phishing
THR-2026-01550,Synthetic Phishing Observation,PHISHING,URL,https://example.com/demo/1550,Research Report,C,50,LOW,59.45,NEW,2025-05-04,2025-05-21,SYNTHETIC / DEMO ONLY. Defensive analytics record.,Exfiltration,Valid Accounts
THR-2026-01551,Synthetic Social Engineering Observation,SOCIAL ENGINEERING,IP ADDRESS,192.0.2.28,Security Vendor,B,65,MEDIUM,70.4,UNDER_REVIEW,2025-07-07,2025-07-19,SYNTHETIC / DEMO ONLY. Defensive analytics record.,Credential Access,Network Service Discovery
THR-2026-01552,Synthetic Data Exposure Observation,DATA EXPOSURE,FILE HASH,94662ec981740d87f611480f211a0a076b46c5401eb6d743c1d54f567d904608,Public Threat Feed,B,88,MEDIUM,73.8,UNDER_REVIEW,2025-08-11,2025-08-20,SYNTHETIC / DEMO ONLY. Defensive analytics record.,Credential Access,Application Layer Protocol
THR-2026-01553,Synthetic Network Threats Observation,NETWORK THREATS,EMAIL/SENDER DOMAIN,example.org,Unknown Source,D,70,MEDIUM,66.8,MONITORING,2025-03-06,2025-03-19,SYNTHETIC / DEMO ONLY. Defensive analytics record.,Discovery,Data from Local System
THR-2026-01554,Synthetic Web Threats Observation,WEB THREATS,DOMAIN,example.net,Public Threat Feed,B,50,MEDIUM,54.8,NEW,2025-12-19,2025-12-23,SYNTHETIC / DEMO ONLY. Defensive analytics record.,Initial Access,Phishing
THR-2026-01555,Synthetic Ransomware Observation,RANSOMWARE,URL,https://example.com/demo/1555,Security Vendor,B,64,MEDIUM,52.1,NEW,2025-02-06,2025-03-06,SYNTHETIC / DEMO ONLY. Defensive analytics record.,Discovery,Network Service Discovery
THR-2026-01556,Synthetic Malware Observation,MALWARE,DOMAIN,example.com,Public Threat Feed,B,96,INFORMATIONAL,53.5,CLOSED,2025-02-11,2025-03-03,SYNTHETIC / DEMO ONLY. Defensive analytics record.,Exfiltration,Valid Accounts
THR-2026-01557,Synthetic Malware Observation,MALWARE,URL,https://example.com/demo/1557,Community Submission,C,84,MEDIUM,73.65,CLOSED,2025-04-25,2025-04-29,SYNTHETIC / DEMO ONLY. Defensive analytics record.,Credential Access,Application Layer Protocol
THR-2026-01558,Synthetic Social Engineering Observation,SOCIAL ENGINEERING,CVE ID,CVE-2026-2558,Unknown Source,D,72,HIGH,69.2,MONITORING,2025-12-29,2026-01-02,SYNTHETIC / DEMO ONLY. Defensive analytics record.,Exfiltration,Valid Accounts
THR-2026-01559,Synthetic Network Threats Observation,NETWORK THREATS,URL,https://example.com/demo/1559,Internal SOC,A,62,LOW,52.15,NEW,2025-10-25,2025-10-31,SYNTHETIC / DEMO ONLY. Defensive analytics record.,Credential Access,Valid Accounts
THR-2026-01560,Synthetic Account Security Observation,ACCOUNT SECURITY,DOMAIN,example.com,Unknown Source,D,35,HIGH,64.0,CLOSED,2025-11-15,2025-11-16,SYNTHETIC / DEMO ONLY. Defensive analytics record.,Initial Access,Phishing
THR-2026-01561,Synthetic Data Exposure Observation,DATA EXPOSURE,DOMAIN,example.org,Research Report,C,55,MEDIUM,60.65,FALSE_POSITIVE,2025-07-09,2025-07-09,SYNTHETIC / DEMO ONLY. Defensive analytics record.,Credential Access,Application Layer Protocol
THR-2026-01562,Synthetic Vulnerability Exposure Observation,VULNERABILITY EXPOSURE,EMAIL/SENDER DOMAIN,example.com,Unknown Source,D,93,HIGH,65.6,MONITORING,2025-05-01,2025-05-15,SYNTHETIC / DEMO ONLY. Defensive analytics record.,Discovery,Network Service Discovery
THR-2026-01563,Synthetic Data Exposure Observation,DATA EXPOSURE,CVE ID,CVE-2026-2563,Security Vendor,B,83,MEDIUM,63.1,FALSE_POSITIVE,2025-07-19,2025-07-23,SYNTHETIC / DEMO ONLY. Defensive analytics record.,Initial Access,Data from Local System
THR-2026-01564,Synthetic Social Engineering Observation,SOCIAL ENGINEERING,FILE HASH,e07ecc2acd30eb1d54c1deec1e5962a0e33c6c4de7165712bf7392199fa4a569,Community Submission,C,65,HIGH,67.2,UNDER_REVIEW,2025-12-05,2025-12-22,SYNTHETIC / DEMO ONLY. Defensive analytics record.,Command and Control,Phishing
THR-2026-01565,Synthetic Social Engineering Observation,SOCIAL ENGINEERING,DOMAIN,example.org,Unknown Source,D,62,LOW,47.1,FALSE_POSITIVE,2025-03-18,2025-04-07,SYNTHETIC / DEMO ONLY. Defensive analytics record.,Credential Access,Phishing
THR-2026-01566,Synthetic Network Threats Observation,NETWORK THREATS,DOMAIN,example.net,Community Submission,C,62,LOW,54.4,CLOSED,2025-11-11,2025-12-04,SYNTHETIC / DEMO ONLY. Defensive analytics record.,Discovery,Data from Local System
THR-2026-01567,Synthetic Malware Observation,MALWARE,CVE ID,CVE-2026-2567,Community Submission,C,53,MEDIUM,51.0,UNDER_REVIEW,2025-02-01,2025-02-12,SYNTHETIC / DEMO ONLY. Defensive analytics record.,Exfiltration,Data from Local System
THR-2026-01568,Synthetic Credential Threats Observation,CREDENTIAL THREATS,URL,https://example.com/demo/1568,Public Threat Feed,B,69,MEDIUM,60.7,CLOSED,2025-02-05,2025-02-19,SYNTHETIC / DEMO ONLY. Defensive analytics record.,Credential Access,Valid Accounts
THR-2026-01569,Synthetic Vulnerability Exposure Observation,VULNERABILITY EXPOSURE,URL,https://example.com/demo/1569,Internal SOC,A,77,LOW,58.35,NEW,2025-04-21,2025-05-10,SYNTHETIC / DEMO ONLY. Defensive analytics record.,Credential Access,Application Layer Protocol
THR-2026-01570,Synthetic Account Security Observation,ACCOUNT SECURITY,EMAIL/SENDER DOMAIN,example.com,Security Vendor,B,57,MEDIUM,53.45,UNDER_REVIEW,2025-12-04,2025-12-14,SYNTHETIC / DEMO ONLY. Defensive analytics record.,Exfiltration,Application Layer Protocol
THR-2026-01571,Synthetic Data Exposure Observation,DATA EXPOSURE,FILE HASH,d2a769895a6c0f8fa3b8937b314529fe87cd6d48ac71ff123f504328eccb47b1,Security Vendor,B,97,HIGH,77.6,FALSE_POSITIVE,2025-03-11,2025-04-10,SYNTHETIC / DEMO ONLY. Defensive analytics record.,Exfiltration,Valid Accounts
THR-2026-01572,Synthetic Ransomware Observation,RANSOMWARE,DOMAIN,example.com,Unknown Source,D,47,INFORMATIONAL,38.65,UNDER_REVIEW,2025-12-05,2025-12-22,SYNTHETIC / DEMO ONLY. Defensive analytics record.,Credential Access,Phishing
THR-2026-01573,Synthetic Phishing Observation,PHISHING,URL,https://example.com/demo/1573,Research Report,C,94,HIGH,82.5,MONITORING,2025-03-16,2025-03-30,SYNTHETIC / DEMO ONLY. Defensive analytics record.,Credential Access,Network Service Discovery
THR-2026-01574,Synthetic Data Exposure Observation,DATA EXPOSURE,URL,https://example.com/demo/1574,Unknown Source,D,85,LOW,42.0,MONITORING,2025-12-24,2026-01-01,SYNTHETIC / DEMO ONLY. Defensive analytics record.,Credential Access,Application Layer Protocol
THR-2026-01575,Synthetic Malware Observation,MALWARE,EMAIL/SENDER DOMAIN,example.org,Community Submission,C,76,HIGH,64.5,UNDER_REVIEW,2025-07-08,2025-08-03,SYNTHETIC / DEMO ONLY. Defensive analytics record.,Credential Access,Data from Local System
THR-2026-01576,Synthetic Malware Observation,MALWARE,IP ADDRESS,192.0.2.53,Unknown Source,D,56,HIGH,71.15,NEW,2025-01-27,2025-01-27,SYNTHETIC / DEMO ONLY. Defensive analytics record.,Discovery,Valid Accounts
THR-2026-01577,Synthetic Social Engineering Observation,SOCIAL ENGINEERING,URL,https://example.com/demo/1577,Unknown Source,D,59,HIGH,61.45,CLOSED,2025-12-30,2026-01-17,SYNTHETIC / DEMO ONLY. Defensive analytics record.,Command and Control,Phishing
THR-2026-01578,Synthetic Credential Threats Observation,CREDENTIAL THREATS,CVE ID,CVE-2026-2578,Internal SOC,A,49,MEDIUM,52.85,UNDER_REVIEW,2025-02-11,2025-02-15,SYNTHETIC / DEMO ONLY. Defensive analytics record.,Initial Access,Valid Accounts
THR-2026-01579,Synthetic Ransomware Observation,RANSOMWARE,IP ADDRESS,192.0.2.56,Unknown Source,D,93,HIGH,72.3,FALSE_POSITIVE,2025-12-05,2025-12-08,SYNTHETIC / DEMO ONLY. Defensive analytics record.,Initial Access,Phishing
THR-2026-01580,Synthetic Malware Observation,MALWARE,FILE HASH,4ca4ed4c13ee80d474cfd31936271cf21b658687ad9bd552910db7dfe0d6809b,Security Vendor,B,58,MEDIUM,53.65,UNDER_REVIEW,2025-12-16,2025-12-30,SYNTHETIC / DEMO ONLY. Defensive analytics record.,Discovery,Data from Local System
THR-2026-01581,Synthetic Social Engineering Observation,SOCIAL ENGINEERING,DOMAIN,example.org,Community Submission,C,62,LOW,48.35,CLOSED,2025-09-25,2025-10-08,SYNTHETIC / DEMO ONLY. Defensive analytics record.,Discovery,Valid Accounts
THR-2026-01582,Synthetic Data Exposure Observation,DATA EXPOSURE,IP ADDRESS,192.0.2.59,Research Report,C,73,HIGH,65.1,NEW,2025-08-10,2025-08-15,SYNTHETIC / DEMO ONLY. Defensive analytics record.,Initial Access,Network Service Discovery
THR-2026-01583,Synthetic Phishing Observation,PHISHING,EMAIL/SENDER DOMAIN,example.org,Unknown Source,D,52,HIGH,57.95,UNDER_REVIEW,2025-01-26,2025-02-05,SYNTHETIC / DEMO ONLY. Defensive analytics record.,Credential Access,Data from Local System
THR-2026-01584,Synthetic Web Threats Observation,WEB THREATS,FILE HASH,6977a1e617af4d522df9b6f69d090b10abdf8da340cd402eea1fa64671a5cd1c,Community Submission,C,59,LOW,55.05,NEW,2025-06-21,2025-07-17,SYNTHETIC / DEMO ONLY. Defensive analytics record.,Initial Access,Valid Accounts
THR-2026-01585,Synthetic Account Security Observation,ACCOUNT SECURITY,EMAIL/SENDER DOMAIN,example.org,Unknown Source,D,98,MEDIUM,54.2,UNDER_REVIEW,2025-05-14,2025-05-17,SYNTHETIC / DEMO ONLY. Defensive analytics record.,Discovery,Valid Accounts
THR-2026-01586,Synthetic Vulnerability Exposure Observation,VULNERABILITY EXPOSURE,URL,https://example.com/demo/1586,Community Submission,C,81,MEDIUM,61.2,NEW,2025-09-15,2025-10-12,SYNTHETIC / DEMO ONLY. Defensive analytics record.,Discovery,Phishing
THR-2026-01587,Synthetic Ransomware Observation,RANSOMWARE,IP ADDRESS,192.0.2.64,Research Report,C,41,LOW,43.1,CLOSED,2025-02-21,2025-02-26,SYNTHETIC / DEMO ONLY. Defensive analytics record.,Credential Access,Data from Local System
THR-2026-01588,Synthetic Social Engineering Observation,SOCIAL ENGINEERING,URL,https://example.com/demo/1588,Community Submission,C,42,LOW,44.5,FALSE_POSITIVE,2025-05-28,2025-06-24,SYNTHETIC / DEMO ONLY. Defensive analytics record.,Initial Access,Application Layer Protocol
THR-2026-01589,Synthetic Credential Threats Observation,CREDENTIAL THREATS,DOMAIN,example.org,Public Threat Feed,B,48,LOW,47.8,NEW,2025-10-12,2025-11-07,SYNTHETIC / DEMO ONLY. Defensive analytics record.,Credential Access,Network Service Discovery
THR-2026-01590,Synthetic Phishing Observation,PHISHING,DOMAIN,example.net,Internal SOC,A,81,LOW,65.9,MONITORING,2025-02-08,2025-02-22,SYNTHETIC / DEMO ONLY. Defensive analytics record.,Command and Control,Network Service Discovery
THR-2026-01591,Synthetic Account Security Observation,ACCOUNT SECURITY,IP ADDRESS,192.0.2.68,Community Submission,C,79,MEDIUM,63.05,UNDER_REVIEW,2025-10-05,2025-11-04,SYNTHETIC / DEMO ONLY. Defensive analytics record.,Discovery,Application Layer Protocol
THR-2026-01592,Synthetic Malware Observation,MALWARE,DOMAIN,example.com,Public Threat Feed,B,94,HIGH,67.4,NEW,2025-12-10,2025-12-27,SYNTHETIC / DEMO ONLY. Defensive analytics record.,Initial Access,Data from Local System
THR-2026-01593,Synthetic Malware Observation,MALWARE,IP ADDRESS,192.0.2.70,Unknown Source,D,87,LOW,52.8,MONITORING,2025-05-16,2025-05-28,SYNTHETIC / DEMO ONLY. Defensive analytics record.,Initial Access,Application Layer Protocol
THR-2026-01594,Synthetic Ransomware Observation,RANSOMWARE,FILE HASH,2bf7fe73e8bf72e452f90a0755deb0ae8cd86b43e56840eddf8e7cde97ff408a,Community Submission,C,36,MEDIUM,50.9,UNDER_REVIEW,2025-05-17,2025-05-20,SYNTHETIC / DEMO ONLY. Defensive analytics record.,Exfiltration,Phishing
THR-2026-01595,Synthetic Malware Observation,MALWARE,URL,https://example.com/demo/1595,Research Report,C,45,HIGH,59.5,NEW,2025-06-06,2025-06-20,SYNTHETIC / DEMO ONLY. Defensive analytics record.,Credential Access,Phishing
THR-2026-01596,Synthetic Social Engineering Observation,SOCIAL ENGINEERING,CVE ID,CVE-2026-2596,Internal SOC,A,41,LOW,50.85,MONITORING,2025-08-13,2025-08-28,SYNTHETIC / DEMO ONLY. Defensive analytics record.,Credential Access,Application Layer Protocol
THR-2026-01597,Synthetic Ransomware Observation,RANSOMWARE,IP ADDRESS,192.0.2.74,Internal SOC,A,37,HIGH,66.8,FALSE_POSITIVE,2025-07-07,2025-07-24,SYNTHETIC / DEMO ONLY. Defensive analytics record.,Discovery,Application Layer Protocol
THR-2026-01598,Synthetic Vulnerability Exposure Observation,VULNERABILITY EXPOSURE,CVE ID,CVE-2026-2598,Public Threat Feed,B,98,MEDIUM,58.9,MONITORING,2025-03-20,2025-03-20,SYNTHETIC / DEMO ONLY. Defensive analytics record.,Credential Access,Valid Accounts
THR-2026-01599,Synthetic Account Security Observation,ACCOUNT SECURITY,FILE HASH,1215b8d276a265e8de624787fc68f17c9ba933dc032cb418e68f8ff6a17d7f7d,Research Report,C,67,LOW,55.75,MONITORING,2025-10-17,2025-10-19,SYNTHETIC / DEMO ONLY. Defensive analytics record.,Exfiltration,Phishing
THR-2026-01600,Synthetic Data Exposure Observation,DATA EXPOSURE,DOMAIN,example.com,Unknown Source,D,95,HIGH,57.55,CLOSED,2025-08-18,2025-08-30,SYNTHETIC / DEMO ONLY. Defensive analytics record.,Command and Control,Phishing
THR-2026-01601,Synthetic Web Threats Observation,WEB THREATS,URL,https://example.com/demo/1601,Internal SOC,A,43,HIGH,56.35,CLOSED,2025-03-06,2025-03-21,SYNTHETIC / DEMO ONLY. Defensive analytics record.,Initial Access,Network Service Discovery
THR-2026-01602,Synthetic Phishing Observation,PHISHING,IP ADDRESS,192.0.2.79,Public Threat Feed,B,65,HIGH,72.05,MONITORING,2025-03-19,2025-04-12,SYNTHETIC / DEMO ONLY. Defensive analytics record.,Exfiltration,Phishing
THR-2026-01603,Synthetic Network Threats Observation,NETWORK THREATS,DOMAIN,demo.invalid,Unknown Source,D,43,HIGH,52.05,FALSE_POSITIVE,2025-08-24,2025-09-12,SYNTHETIC / DEMO ONLY. Defensive analytics record.,Exfiltration,Phishing
THR-2026-01604,Synthetic Account Security Observation,ACCOUNT SECURITY,URL,https://example.com/demo/1604,Community Submission,C,98,HIGH,83.75,UNDER_REVIEW,2025-04-24,2025-05-14,SYNTHETIC / DEMO ONLY. Defensive analytics record.,Initial Access,Valid Accounts
THR-2026-01605,Synthetic Social Engineering Observation,SOCIAL ENGINEERING,EMAIL/SENDER DOMAIN,example.org,Internal SOC,A,88,MEDIUM,77.15,CLOSED,2025-08-05,2025-08-08,SYNTHETIC / DEMO ONLY. Defensive analytics record.,Command and Control,Phishing
THR-2026-01606,Synthetic Ransomware Observation,RANSOMWARE,DOMAIN,example.net,Internal SOC,A,97,MEDIUM,76.1,UNDER_REVIEW,2025-08-27,2025-09-03,SYNTHETIC / DEMO ONLY. Defensive analytics record.,Discovery,Application Layer Protocol
THR-2026-01607,Synthetic Ransomware Observation,RANSOMWARE,DOMAIN,demo.invalid,Community Submission,C,72,HIGH,74.2,NEW,2025-02-23,2025-03-09,SYNTHETIC / DEMO ONLY. Defensive analytics record.,Initial Access,Network Service Discovery
THR-2026-01608,Synthetic Ransomware Observation,RANSOMWARE,FILE HASH,36be429037f41c52d211aaeffcc6fb292fd153be71d35cefccfbc0f51e954ead,Unknown Source,D,52,HIGH,55.45,CLOSED,2025-12-06,2025-12-22,SYNTHETIC / DEMO ONLY. Defensive analytics record.,Exfiltration,Valid Accounts
THR-2026-01609,Synthetic Malware Observation,MALWARE,IP ADDRESS,192.0.2.86,Security Vendor,B,38,MEDIUM,62.8,FALSE_POSITIVE,2025-11-14,2025-12-11,SYNTHETIC / DEMO ONLY. Defensive analytics record.,Initial Access,Valid Accounts
THR-2026-01610,Synthetic Network Threats Observation,NETWORK THREATS,CVE ID,CVE-2026-2610,Community Submission,C,92,HIGH,63.1,NEW,2025-05-19,2025-06-18,SYNTHETIC / DEMO ONLY. Defensive analytics record.,Exfiltration,Data from Local System
THR-2026-01611,Synthetic Account Security Observation,ACCOUNT SECURITY,URL,https://example.com/demo/1611,Community Submission,C,38,CRITICAL,66.95,FALSE_POSITIVE,2025-08-21,2025-08-30,SYNTHETIC / DEMO ONLY. Defensive analytics record.,Credential Access,Valid Accounts
THR-2026-01612,Synthetic Malware Observation,MALWARE,FILE HASH,49f5ba80b25ceb42a44b3de655f5b4a288352844b36eda6a9050120b063b6568,Public Threat Feed,B,64,CRITICAL,82.3,NEW,2025-06-24,2025-07-08,SYNTHETIC / DEMO ONLY. Defensive analytics record.,Exfiltration,Valid Accounts
THR-2026-01613,Synthetic Phishing Observation,PHISHING,IP ADDRESS,192.0.2.90,Internal SOC,A,88,MEDIUM,71.5,UNDER_REVIEW,2025-01-25,2025-01-27,SYNTHETIC / DEMO ONLY. Defensive analytics record.,Credential Access,Application Layer Protocol
THR-2026-01614,Synthetic Account Security Observation,ACCOUNT SECURITY,IP ADDRESS,192.0.2.91,Research Report,C,46,MEDIUM,51.5,CLOSED,2025-04-15,2025-05-13,SYNTHETIC / DEMO ONLY. Defensive analytics record.,Exfiltration,Network Service Discovery
THR-2026-01615,Synthetic Ransomware Observation,RANSOMWARE,EMAIL/SENDER DOMAIN,example.org,Community Submission,C,54,HIGH,70.4,CLOSED,2025-01-23,2025-02-21,SYNTHETIC / DEMO ONLY. Defensive analytics record.,Initial Access,Network Service Discovery
THR-2026-01616,Synthetic Phishing Observation,PHISHING,EMAIL/SENDER DOMAIN,example.com,Unknown Source,D,50,MEDIUM,50.55,MONITORING,2025-05-30,2025-06-02,SYNTHETIC / DEMO ONLY. Defensive analytics record.,Command and Control,Phishing
THR-2026-01617,Synthetic Social Engineering Observation,SOCIAL ENGINEERING,EMAIL/SENDER DOMAIN,example.org,Security Vendor,B,97,HIGH,82.35,CLOSED,2025-09-09,2025-09-19,SYNTHETIC / DEMO ONLY. Defensive analytics record.,Discovery,Phishing
THR-2026-01618,Synthetic Social Engineering Observation,SOCIAL ENGINEERING,EMAIL/SENDER DOMAIN,example.com,Unknown Source,D,85,HIGH,61.8,CLOSED,2025-02-26,2025-03-27,SYNTHETIC / DEMO ONLY. Defensive analytics record.,Discovery,Data from Local System
THR-2026-01619,Synthetic Vulnerability Exposure Observation,VULNERABILITY EXPOSURE,FILE HASH,be3b9247afc97859b24cbed2c3539dd0b0fa289fcccefdcc6c50d3477aa511a5,Unknown Source,D,68,MEDIUM,59.4,FALSE_POSITIVE,2025-08-18,2025-09-01,SYNTHETIC / DEMO ONLY. Defensive analytics record.,Discovery,Valid Accounts
THR-2026-01620,Synthetic Malware Observation,MALWARE,FILE HASH,bdee034dd2238d550ff1af61beba44b67637da9c5398bc41bb6b63f601d449a1,Community Submission,C,78,INFORMATIONAL,45.15,MONITORING,2025-10-12,2025-11-10,SYNTHETIC / DEMO ONLY. Defensive analytics record.,Exfiltration,Valid Accounts
THR-2026-01621,Synthetic Vulnerability Exposure Observation,VULNERABILITY EXPOSURE,URL,https://example.com/demo/1621,Security Vendor,B,35,MEDIUM,59.5,CLOSED,2025-08-18,2025-09-04,SYNTHETIC / DEMO ONLY. Defensive analytics record.,Exfiltration,Data from Local System
THR-2026-01622,Synthetic Credential Threats Observation,CREDENTIAL THREATS,EMAIL/SENDER DOMAIN,example.com,Research Report,C,52,INFORMATIONAL,46.1,FALSE_POSITIVE,2025-10-16,2025-11-09,SYNTHETIC / DEMO ONLY. Defensive analytics record.,Command and Control,Data from Local System
THR-2026-01623,Synthetic Account Security Observation,ACCOUNT SECURITY,IP ADDRESS,192.0.2.100,Community Submission,C,43,MEDIUM,45.85,NEW,2025-09-14,2025-10-10,SYNTHETIC / DEMO ONLY. Defensive analytics record.,Exfiltration,Valid Accounts
THR-2026-01624,Synthetic Network Threats Observation,NETWORK THREATS,CVE ID,CVE-2026-2624,Community Submission,C,55,HIGH,60.85,CLOSED,2025-09-04,2025-09-10,SYNTHETIC / DEMO ONLY. Defensive analytics record.,Command and Control,Phishing
THR-2026-01625,Synthetic Network Threats Observation,NETWORK THREATS,DOMAIN,example.org,Internal SOC,A,67,CRITICAL,82.9,MONITORING,2025-11-14,2025-11-26,SYNTHETIC / DEMO ONLY. Defensive analytics record.,Initial Access,Valid Accounts
THR-2026-01626,Synthetic Network Threats Observation,NETWORK THREATS,URL,https://example.com/demo/1626,Research Report,C,53,HIGH,62.3,MONITORING,2025-11-13,2025-11-26,SYNTHETIC / DEMO ONLY. Defensive analytics record.,Initial Access,Valid Accounts
THR-2026-01627,Synthetic Web Threats Observation,WEB THREATS,URL,https://example.com/demo/1627,Community Submission,C,88,INFORMATIONAL,50.7,NEW,2025-04-29,2025-05-27,SYNTHETIC / DEMO ONLY. Defensive analytics record.,Exfiltration,Valid Accounts
THR-2026-01628,Synthetic Web Threats Observation,WEB THREATS,EMAIL/SENDER DOMAIN,example.com,Community Submission,C,40,MEDIUM,55.85,FALSE_POSITIVE,2025-06-10,2025-06-24,SYNTHETIC / DEMO ONLY. Defensive analytics record.,Credential Access,Phishing
THR-2026-01629,Synthetic Web Threats Observation,WEB THREATS,IP ADDRESS,192.0.2.106,Research Report,C,48,MEDIUM,56.55,CLOSED,2025-09-29,2025-10-28,SYNTHETIC / DEMO ONLY. Defensive analytics record.,Command and Control,Network Service Discovery
THR-2026-01630,Synthetic Data Exposure Observation,DATA EXPOSURE,FILE HASH,4236000a5e8836444f7756e25758e7369a5996399c6ce2650d64899ce357f7cd,Community Submission,C,66,HIGH,76.6,FALSE_POSITIVE,2025-01-10,2025-01-29,SYNTHETIC / DEMO ONLY. Defensive analytics record.,Command and Control,Network Service Discovery
THR-2026-01631,Synthetic Data Exposure Observation,DATA EXPOSURE,FILE HASH,693df63967ba2f620bc1a64b7002902a3c38291865884852abed0c25f5cddd01,Unknown Source,D,46,MEDIUM,55.45,NEW,2025-08-21,2025-08-31,SYNTHETIC / DEMO ONLY. Defensive analytics record.,Initial Access,Phishing
THR-2026-01632,Synthetic Account Security Observation,ACCOUNT SECURITY,DOMAIN,example.com,Unknown Source,D,58,HIGH,60.75,CLOSED,2025-08-28,2025-09-19,SYNTHETIC / DEMO ONLY. Defensive analytics record.,Initial Access,Network Service Discovery
THR-2026-01633,Synthetic Malware Observation,MALWARE,IP ADDRESS,192.0.2.110,Research Report,C,42,MEDIUM,59.2,CLOSED,2025-03-23,2025-04-17,SYNTHETIC / DEMO ONLY. Defensive analytics record.,Credential Access,Application Layer Protocol
THR-2026-01634,Synthetic Network Threats Observation,NETWORK THREATS,DOMAIN,example.net,Unknown Source,D,51,MEDIUM,55.9,MONITORING,2025-08-21,2025-08-31,SYNTHETIC / DEMO ONLY. Defensive analytics record.,Exfiltration,Phishing
THR-2026-01635,Synthetic Vulnerability Exposure Observation,VULNERABILITY EXPOSURE,FILE HASH,ba937c9886cfdd2fc7c968118e372fc01cfa960a8a4bf6bf0cfba062ed04ac00,Internal SOC,A,73,INFORMATIONAL,51.15,UNDER_REVIEW,2025-03-10,2025-03-18,SYNTHETIC / DEMO ONLY. Defensive analytics record.,Initial Access,Network Service Discovery
THR-2026-01636,Synthetic Vulnerability Exposure Observation,VULNERABILITY EXPOSURE,FILE HASH,20c57484d61257093bd1529d92a12c961f022e4bdac0653880503dd25a8fdf1d,Public Threat Feed,B,90,HIGH,79.65,CLOSED,2025-12-07,2025-12-17,SYNTHETIC / DEMO ONLY. Defensive analytics record.,Discovery,Valid Accounts
THR-2026-01637,Synthetic Phishing Observation,PHISHING,URL,https://example.com/demo/1637,Public Threat Feed,B,97,MEDIUM,73.5,CLOSED,2025-12-18,2026-01-05,SYNTHETIC / DEMO ONLY. Defensive analytics record.,Discovery,Network Service Discovery
THR-2026-01638,Synthetic Credential Threats Observation,CREDENTIAL THREATS,DOMAIN,example.net,Community Submission,C,38,HIGH,56.0,CLOSED,2025-06-26,2025-07-04,SYNTHETIC / DEMO ONLY. Defensive analytics record.,Command and Control,Valid Accounts
THR-2026-01639,Synthetic Ransomware Observation,RANSOMWARE,FILE HASH,ad6dbff00c49826b945ef0f54b7e2c0d39891acbf8a92a185878022a92130a8a,Public Threat Feed,B,41,MEDIUM,55.75,FALSE_POSITIVE,2025-07-14,2025-08-02,SYNTHETIC / DEMO ONLY. Defensive analytics record.,Discovery,Valid Accounts
THR-2026-01640,Synthetic Phishing Observation,PHISHING,IP ADDRESS,192.0.2.117,Unknown Source,D,89,HIGH,61.7,MONITORING,2025-10-04,2025-10-08,SYNTHETIC / DEMO ONLY. Defensive analytics record.,Credential Access,Application Layer Protocol
THR-2026-01641,Synthetic Vulnerability Exposure Observation,VULNERABILITY EXPOSURE,FILE HASH,439a190e5e8fbae28f6d776767b021fcdd5e948be614b425a95891ddd5d8ca3c,Research Report,C,74,HIGH,66.05,CLOSED,2025-02-22,2025-02-24,SYNTHETIC / DEMO ONLY. Defensive analytics record.,Initial Access,Phishing
THR-2026-01642,Synthetic Malware Observation,MALWARE,DOMAIN,example.net,Internal SOC,A,46,MEDIUM,59.8,FALSE_POSITIVE,2025-04-03,2025-04-28,SYNTHETIC / DEMO ONLY. Defensive analytics record.,Command and Control,Phishing
THR-2026-01643,Synthetic Phishing Observation,PHISHING,EMAIL/SENDER DOMAIN,example.org,Research Report,C,85,INFORMATIONAL,60.3,NEW,2025-10-28,2025-11-03,SYNTHETIC / DEMO ONLY. Defensive analytics record.,Credential Access,Data from Local System
THR-2026-01644,Synthetic Account Security Observation,ACCOUNT SECURITY,URL,https://example.com/demo/1644,Internal SOC,A,69,MEDIUM,62.5,UNDER_REVIEW,2025-08-20,2025-09-16,SYNTHETIC / DEMO ONLY. Defensive analytics record.,Command and Control,Phishing
THR-2026-01645,Synthetic Ransomware Observation,RANSOMWARE,CVE ID,CVE-2026-2645,Security Vendor,B,41,LOW,48.0,CLOSED,2025-09-06,2025-09-29,SYNTHETIC / DEMO ONLY. Defensive analytics record.,Discovery,Valid Accounts
THR-2026-01646,Synthetic Vulnerability Exposure Observation,VULNERABILITY EXPOSURE,URL,https://example.com/demo/1646,Unknown Source,D,84,HIGH,68.3,UNDER_REVIEW,2025-03-24,2025-04-04,SYNTHETIC / DEMO ONLY. Defensive analytics record.,Discovery,Network Service Discovery
THR-2026-01647,Synthetic Data Exposure Observation,DATA EXPOSURE,DOMAIN,demo.invalid,Internal SOC,A,64,MEDIUM,63.85,MONITORING,2025-06-30,2025-07-25,SYNTHETIC / DEMO ONLY. Defensive analytics record.,Initial Access,Phishing
THR-2026-01648,Synthetic Vulnerability Exposure Observation,VULNERABILITY EXPOSURE,URL,https://example.com/demo/1648,Public Threat Feed,B,71,MEDIUM,68.9,UNDER_REVIEW,2025-10-19,2025-11-15,SYNTHETIC / DEMO ONLY. Defensive analytics record.,Initial Access,Phishing
THR-2026-01649,Synthetic Ransomware Observation,RANSOMWARE,DOMAIN,example.org,Unknown Source,D,92,LOW,62.5,FALSE_POSITIVE,2025-04-25,2025-05-16,SYNTHETIC / DEMO ONLY. Defensive analytics record.,Initial Access,Application Layer Protocol
THR-2026-01650,Synthetic Social Engineering Observation,SOCIAL ENGINEERING,FILE HASH,a14831dc999770c1877d8d1323859572661dce3c2bfe377c1ebc87080d99d3ac,Security Vendor,B,72,HIGH,72.85,UNDER_REVIEW,2025-10-07,2025-10-07,SYNTHETIC / DEMO ONLY. Defensive analytics record.,Exfiltration,Data from Local System
THR-2026-01651,Synthetic Vulnerability Exposure Observation,VULNERABILITY EXPOSURE,CVE ID,CVE-2026-2651,Internal SOC,A,95,LOW,58.8,NEW,2025-12-01,2025-12-26,SYNTHETIC / DEMO ONLY. Defensive analytics record.,Exfiltration,Application Layer Protocol
THR-2026-01652,Synthetic Credential Threats Observation,CREDENTIAL THREATS,IP ADDRESS,192.0.2.129,Unknown Source,D,59,MEDIUM,54.8,FALSE_POSITIVE,2025-09-06,2025-09-16,SYNTHETIC / DEMO ONLY. Defensive analytics record.,Exfiltration,Valid Accounts
THR-2026-01653,Synthetic Web Threats Observation,WEB THREATS,EMAIL/SENDER DOMAIN,example.org,Public Threat Feed,B,64,HIGH,57.05,NEW,2025-01-08,2025-02-02,SYNTHETIC / DEMO ONLY. Defensive analytics record.,Exfiltration,Phishing
THR-2026-01654,Synthetic Vulnerability Exposure Observation,VULNERABILITY EXPOSURE,FILE HASH,82654c7f34316463524ff293bfd4d0dd9d2e07151e81d9332ca46eafd60d7b44,Public Threat Feed,B,43,MEDIUM,54.55,MONITORING,2025-08-12,2025-08-20,SYNTHETIC / DEMO ONLY. Defensive analytics record.,Discovery,Network Service Discovery
THR-2026-01655,Synthetic Web Threats Observation,WEB THREATS,FILE HASH,abe42946800fc93a2e238b54b547698081a9a8807c7bf54b3d007e99d9b547a3,Community Submission,C,61,LOW,50.95,FALSE_POSITIVE,2025-05-03,2025-05-22,SYNTHETIC / DEMO ONLY. Defensive analytics record.,Credential Access,Application Layer Protocol
THR-2026-01656,Synthetic Data Exposure Observation,DATA EXPOSURE,IP ADDRESS,192.0.2.133,Unknown Source,D,76,INFORMATIONAL,47.9,CLOSED,2025-10-18,2025-11-04,SYNTHETIC / DEMO ONLY. Defensive analytics record.,Exfiltration,Data from Local System
THR-2026-01657,Synthetic Web Threats Observation,WEB THREATS,EMAIL/SENDER DOMAIN,example.org,Community Submission,C,89,HIGH,82.8,FALSE_POSITIVE,2025-10-14,2025-11-11,SYNTHETIC / DEMO ONLY. Defensive analytics record.,Initial Access,Network Service Discovery
THR-2026-01658,Synthetic Network Threats Observation,NETWORK THREATS,FILE HASH,0eea399eff02ec4b0958aa6ae95393fe972aa21fb75c52018e6ff92dc2c90929,Security Vendor,B,96,MEDIUM,64.95,MONITORING,2025-01-18,2025-01-22,SYNTHETIC / DEMO ONLY. Defensive analytics record.,Command and Control,Valid Accounts
THR-2026-01659,Synthetic Phishing Observation,PHISHING,IP ADDRESS,192.0.2.136,Community Submission,C,83,HIGH,71.75,UNDER_REVIEW,2025-08-17,2025-08-21,SYNTHETIC / DEMO ONLY. Defensive analytics record.,Exfiltration,Valid Accounts
THR-2026-01660,Synthetic Account Security Observation,ACCOUNT SECURITY,FILE HASH,bec9c0b92165089fa6179b63b415499ea9bb334d9b30b92e0236a218c73841af,Security Vendor,B,65,LOW,50.6,FALSE_POSITIVE,2025-11-05,2025-11-25,SYNTHETIC / DEMO ONLY. Defensive analytics record.,Command and Control,Phishing
THR-2026-01661,Synthetic Vulnerability Exposure Observation,VULNERABILITY EXPOSURE,DOMAIN,example.org,Community Submission,C,61,CRITICAL,74.65,FALSE_POSITIVE,2025-12-07,2025-12-29,SYNTHETIC / DEMO ONLY. Defensive analytics record.,Exfiltration,Valid Accounts
THR-2026-01662,Synthetic Ransomware Observation,RANSOMWARE,DOMAIN,example.net,Internal SOC,A,36,LOW,40.55,NEW,2025-12-31,2025-12-31,SYNTHETIC / DEMO ONLY. Defensive analytics record.,Exfiltration,Application Layer Protocol
THR-2026-01663,Synthetic Social Engineering Observation,SOCIAL ENGINEERING,FILE HASH,b305dab67b27d56deab6efb9999951f6ac7dc79452fe807b2f1b3fc57976b475,Internal SOC,A,38,MEDIUM,67.6,FALSE_POSITIVE,2025-01-23,2025-02-19,SYNTHETIC / DEMO ONLY. Defensive analytics record.,Command and Control,Application Layer Protocol
THR-2026-01664,Synthetic Malware Observation,MALWARE,IP ADDRESS,192.0.2.141,Public Threat Feed,B,59,MEDIUM,57.2,UNDER_REVIEW,2025-08-07,2025-08-08,SYNTHETIC / DEMO ONLY. Defensive analytics record.,Exfiltration,Network Service Discovery
THR-2026-01665,Synthetic Network Threats Observation,NETWORK THREATS,CVE ID,CVE-2026-2665,Internal SOC,A,41,LOW,50.8,UNDER_REVIEW,2025-03-26,2025-04-15,SYNTHETIC / DEMO ONLY. Defensive analytics record.,Credential Access,Network Service Discovery
THR-2026-01666,Synthetic Web Threats Observation,WEB THREATS,FILE HASH,9da2577a09654090318925f849331a93ca72f7e91817e260808e2c075f2561b2,Community Submission,C,75,HIGH,64.95,NEW,2025-12-31,2026-01-06,SYNTHETIC / DEMO ONLY. Defensive analytics record.,Command and Control,Application Layer Protocol
THR-2026-01667,Synthetic Ransomware Observation,RANSOMWARE,IP ADDRESS,192.0.2.144,Public Threat Feed,B,77,MEDIUM,73.3,NEW,2025-05-22,2025-06-17,SYNTHETIC / DEMO ONLY. Defensive analytics record.,Discovery,Phishing
THR-2026-01668,Synthetic Phishing Observation,PHISHING,FILE HASH,290b9b3afad4b65d26b99e18e2c44c9b721d3917929bae3c9196e104c0215ea9,Unknown Source,D,84,MEDIUM,58.2,CLOSED,2025-11-25,2025-11-25,SYNTHETIC / DEMO ONLY. Defensive analytics record.,Discovery,Network Service Discovery
THR-2026-01669,Synthetic Malware Observation,MALWARE,CVE ID,CVE-2026-2669,Security Vendor,B,71,LOW,54.7,CLOSED,2025-07-20,2025-07-23,SYNTHETIC / DEMO ONLY. Defensive analytics record.,Exfiltration,Data from Local System
THR-2026-01670,Synthetic Web Threats Observation,WEB THREATS,EMAIL/SENDER DOMAIN,example.com,Community Submission,C,36,MEDIUM,54.55,FALSE_POSITIVE,2025-05-26,2025-06-08,SYNTHETIC / DEMO ONLY. Defensive analytics record.,Credential Access,Network Service Discovery
THR-2026-01671,Synthetic Data Exposure Observation,DATA EXPOSURE,DOMAIN,demo.invalid,Unknown Source,D,86,MEDIUM,63.55,NEW,2025-05-11,2025-06-05,SYNTHETIC / DEMO ONLY. Defensive analytics record.,Exfiltration,Valid Accounts
THR-2026-01672,Synthetic Data Exposure Observation,DATA EXPOSURE,FILE HASH,c66de185391582a7a7e5c35d64c074e14716513a9731b066204d25fdcc1c980e,Community Submission,C,50,MEDIUM,63.25,MONITORING,2025-02-21,2025-02-23,SYNTHETIC / DEMO ONLY. Defensive analytics record.,Initial Access,Network Service Discovery
THR-2026-01673,Synthetic Account Security Observation,ACCOUNT SECURITY,FILE HASH,07224dd3c40ce125ead51456c57f05d98cd3ff7b5fd4da85876e5d893427b833,Research Report,C,44,LOW,53.5,FALSE_POSITIVE,2025-12-21,2026-01-12,SYNTHETIC / DEMO ONLY. Defensive analytics record.,Credential Access,Valid Accounts
THR-2026-01674,Synthetic Phishing Observation,PHISHING,IP ADDRESS,192.0.2.151,Unknown Source,D,80,LOW,63.1,UNDER_REVIEW,2025-03-12,2025-03-29,SYNTHETIC / DEMO ONLY. Defensive analytics record.,Command and Control,Phishing
THR-2026-01675,Synthetic Web Threats Observation,WEB THREATS,IP ADDRESS,192.0.2.152,Internal SOC,A,82,MEDIUM,60.25,FALSE_POSITIVE,2025-07-01,2025-07-11,SYNTHETIC / DEMO ONLY. Defensive analytics record.,Discovery,Phishing
THR-2026-01676,Synthetic Social Engineering Observation,SOCIAL ENGINEERING,FILE HASH,4b993fcf1fd8f88f5f1a16c379405865fa9af1ff3e9df9fedc9226ce962cc18e,Unknown Source,D,46,MEDIUM,54.25,FALSE_POSITIVE,2025-08-03,2025-08-15,SYNTHETIC / DEMO ONLY. Defensive analytics record.,Credential Access,Phishing
THR-2026-01677,Synthetic Malware Observation,MALWARE,EMAIL/SENDER DOMAIN,example.org,Unknown Source,D,53,HIGH,59.1,CLOSED,2025-01-02,2025-01-20,SYNTHETIC / DEMO ONLY. Defensive analytics record.,Credential Access,Application Layer Protocol
THR-2026-01678,Synthetic Web Threats Observation,WEB THREATS,DOMAIN,example.net,Community Submission,C,96,LOW,66.25,NEW,2025-11-24,2025-12-08,SYNTHETIC / DEMO ONLY. Defensive analytics record.,Discovery,Network Service Discovery
THR-2026-01679,Synthetic Web Threats Observation,WEB THREATS,DOMAIN,demo.invalid,Community Submission,C,79,LOW,59.0,NEW,2025-04-28,2025-05-24,SYNTHETIC / DEMO ONLY. Defensive analytics record.,Discovery,Application Layer Protocol
THR-2026-01680,Synthetic Data Exposure Observation,DATA EXPOSURE,DOMAIN,example.com,Community Submission,C,53,INFORMATIONAL,43.95,FALSE_POSITIVE,2026-01-01,2026-01-23,SYNTHETIC / DEMO ONLY. Defensive analytics record.,Initial Access,Phishing
THR-2026-01681,Synthetic Malware Observation,MALWARE,CVE ID,CVE-2026-2681,Unknown Source,D,78,MEDIUM,56.35,UNDER_REVIEW,2025-05-11,2025-05-16,SYNTHETIC / DEMO ONLY. Defensive analytics record.,Credential Access,Network Service Discovery
THR-2026-01682,Synthetic Social Engineering Observation,SOCIAL ENGINEERING,DOMAIN,example.net,Community Submission,C,76,MEDIUM,60.75,CLOSED,2025-12-03,2025-12-05,SYNTHETIC / DEMO ONLY. Defensive analytics record.,Exfiltration,Data from Local System
THR-2026-01683,Synthetic Ransomware Observation,RANSOMWARE,DOMAIN,demo.invalid,Unknown Source,D,92,HIGH,61.85,CLOSED,2025-06-01,2025-06-03,SYNTHETIC / DEMO ONLY. Defensive analytics record.,Exfiltration,Network Service Discovery
THR-2026-01684,Synthetic Phishing Observation,PHISHING,FILE HASH,1df0b226e3bb3042686c42dee2740d2cb591167700ecb52840e8ebe50bdbd71c,Public Threat Feed,B,42,LOW,42.4,FALSE_POSITIVE,2025-06-25,2025-06-25,SYNTHETIC / DEMO ONLY. Defensive analytics record.,Credential Access,Application Layer Protocol
THR-2026-01685,Synthetic Malware Observation,MALWARE,CVE ID,CVE-2026-2685,Security Vendor,B,89,LOW,50.1,CLOSED,2025-09-07,2025-10-07,SYNTHETIC / DEMO ONLY. Defensive analytics record.,Initial Access,Data from Local System
THR-2026-01686,Synthetic Ransomware Observation,RANSOMWARE,DOMAIN,example.net,Research Report,C,44,INFORMATIONAL,47.75,NEW,2025-01-18,2025-01-18,SYNTHETIC / DEMO ONLY. Defensive analytics record.,Command and Control,Network Service Discovery
THR-2026-01687,Synthetic Malware Observation,MALWARE,EMAIL/SENDER DOMAIN,example.org,Public Threat Feed,B,76,MEDIUM,65.45,FALSE_POSITIVE,2025-02-05,2025-02-09,SYNTHETIC / DEMO ONLY. Defensive analytics record.,Exfiltration,Application Layer Protocol
THR-2026-01688,Synthetic Vulnerability Exposure Observation,VULNERABILITY EXPOSURE,EMAIL/SENDER DOMAIN,example.com,Security Vendor,B,87,MEDIUM,65.75,CLOSED,2025-08-23,2025-08-31,SYNTHETIC / DEMO ONLY. Defensive analytics record.,Initial Access,Application Layer Protocol
THR-2026-01689,Synthetic Malware Observation,MALWARE,EMAIL/SENDER DOMAIN,example.org,Community Submission,C,53,HIGH,62.9,UNDER_REVIEW,2025-04-01,2025-04-03,SYNTHETIC / DEMO ONLY. Defensive analytics record.,Initial Access,Phishing
THR-2026-01690,Synthetic Web Threats Observation,WEB THREATS,URL,https://example.com/demo/1690,Public Threat Feed,B,86,INFORMATIONAL,45.75,MONITORING,2025-05-07,2025-06-04,SYNTHETIC / DEMO ONLY. Defensive analytics record.,Credential Access,Network Service Discovery
THR-2026-01691,Synthetic Social Engineering Observation,SOCIAL ENGINEERING,URL,https://example.com/demo/1691,Security Vendor,B,78,MEDIUM,65.15,MONITORING,2025-12-02,2025-12-14,SYNTHETIC / DEMO ONLY. Defensive analytics record.,Exfiltration,Application Layer Protocol
THR-2026-01692,Synthetic Phishing Observation,PHISHING,CVE ID,CVE-2026-2692,Security Vendor,B,63,MEDIUM,62.35,UNDER_REVIEW,2025-03-30,2025-04-15,SYNTHETIC / DEMO ONLY. Defensive analytics record.,Exfiltration,Network Service Discovery
THR-2026-01693,Synthetic Ransomware Observation,RANSOMWARE,URL,https://example.com/demo/1693,Research Report,C,73,HIGH,68.7,MONITORING,2025-12-08,2025-12-18,SYNTHETIC / DEMO ONLY. Defensive analytics record.,Initial Access,Application Layer Protocol
THR-2026-01694,Synthetic Social Engineering Observation,SOCIAL ENGINEERING,URL,https://example.com/demo/1694,Research Report,C,81,HIGH,78.3,MONITORING,2025-07-05,2025-07-07,SYNTHETIC / DEMO ONLY. Defensive analytics record.,Command and Control,Valid Accounts
THR-2026-01695,Synthetic Credential Threats Observation,CREDENTIAL THREATS,EMAIL/SENDER DOMAIN,example.org,Internal SOC,A,39,LOW,51.15,CLOSED,2025-11-08,2025-11-09,SYNTHETIC / DEMO ONLY. Defensive analytics record.,Discovery,Phishing
THR-2026-01696,Synthetic Account Security Observation,ACCOUNT SECURITY,IP ADDRESS,192.0.2.173,Internal SOC,A,45,HIGH,65.5,FALSE_POSITIVE,2025-06-17,2025-06-20,SYNTHETIC / DEMO ONLY. Defensive analytics record.,Initial Access,Valid Accounts
THR-2026-01697,Synthetic Network Threats Observation,NETWORK THREATS,URL,https://example.com/demo/1697,Research Report,C,84,HIGH,61.4,CLOSED,2025-02-11,2025-02-11,SYNTHETIC / DEMO ONLY. Defensive analytics record.,Exfiltration,Network Service Discovery
THR-2026-01698,Synthetic Credential Threats Observation,CREDENTIAL THREATS,URL,https://example.com/demo/1698,Public Threat Feed,B,45,HIGH,60.05,UNDER_REVIEW,2025-11-20,2025-12-11,SYNTHETIC / DEMO ONLY. Defensive analytics record.,Credential Access,Application Layer Protocol
THR-2026-01699,Synthetic Network Threats Observation,NETWORK THREATS,EMAIL/SENDER DOMAIN,example.org,Internal SOC,A,36,MEDIUM,50.05,NEW,2025-11-22,2025-12-02,SYNTHETIC / DEMO ONLY. Defensive analytics record.,Discovery,Valid Accounts
THR-2026-01700,Synthetic Ransomware Observation,RANSOMWARE,URL,https://example.com/demo/1700,Unknown Source,D,68,CRITICAL,78.65,MONITORING,2025-12-16,2025-12-30,SYNTHETIC / DEMO ONLY. Defensive analytics record.,Initial Access,Application Layer Protocol
THR-2026-01701,Synthetic Malware Observation,MALWARE,FILE HASH,84ae87cc8cb193f91ab3ea6fd98756d380bad750b3496074ae8ea5c8edbe9b93,Security Vendor,B,94,HIGH,80.1,FALSE_POSITIVE,2025-07-04,2025-07-26,SYNTHETIC / DEMO ONLY. Defensive analytics record.,Discovery,Phishing
THR-2026-01702,Synthetic Credential Threats Observation,CREDENTIAL THREATS,CVE ID,CVE-2026-2702,Internal SOC,A,41,HIGH,59.35,UNDER_REVIEW,2025-01-20,2025-02-08,SYNTHETIC / DEMO ONLY. Defensive analytics record.,Discovery,Phishing
THR-2026-01703,Synthetic Credential Threats Observation,CREDENTIAL THREATS,CVE ID,CVE-2026-2703,Internal SOC,A,35,HIGH,58.95,UNDER_REVIEW,2025-12-16,2026-01-13,SYNTHETIC / DEMO ONLY. Defensive analytics record.,Command and Control,Phishing
THR-2026-01704,Synthetic Data Exposure Observation,DATA EXPOSURE,EMAIL/SENDER DOMAIN,example.com,Public Threat Feed,B,43,HIGH,62.4,NEW,2025-02-15,2025-03-06,SYNTHETIC / DEMO ONLY. Defensive analytics record.,Credential Access,Network Service Discovery
THR-2026-01705,Synthetic Account Security Observation,ACCOUNT SECURITY,EMAIL/SENDER DOMAIN,example.org,Community Submission,C,80,HIGH,69.35,MONITORING,2025-01-15,2025-02-02,SYNTHETIC / DEMO ONLY. Defensive analytics record.,Credential Access,Phishing
THR-2026-01706,Synthetic Network Threats Observation,NETWORK THREATS,FILE HASH,80d1a3defa26fa6a62fbd43695abd6554e83b3f17e82fe945cab0d88264ff260,Internal SOC,A,87,LOW,69.85,NEW,2025-12-26,2026-01-15,SYNTHETIC / DEMO ONLY. Defensive analytics record.,Command and Control,Data from Local System
THR-2026-01707,Synthetic Vulnerability Exposure Observation,VULNERABILITY EXPOSURE,EMAIL/SENDER DOMAIN,example.org,Community Submission,C,84,LOW,64.5,UNDER_REVIEW,2025-08-20,2025-08-21,SYNTHETIC / DEMO ONLY. Defensive analytics record.,Command and Control,Data from Local System
THR-2026-01708,Synthetic Web Threats Observation,WEB THREATS,CVE ID,CVE-2026-2708,Unknown Source,D,62,HIGH,67.8,FALSE_POSITIVE,2025-08-07,2025-08-16,SYNTHETIC / DEMO ONLY. Defensive analytics record.,Discovery,Valid Accounts
THR-2026-01709,Synthetic Phishing Observation,PHISHING,IP ADDRESS,192.0.2.186,Research Report,C,83,MEDIUM,60.65,UNDER_REVIEW,2025-12-28,2026-01-03,SYNTHETIC / DEMO ONLY. Defensive analytics record.,Discovery,Phishing
THR-2026-01710,Synthetic Malware Observation,MALWARE,FILE HASH,260a9ef2c2faa68f9afd6d523b2de0125f500616086fb4163e886b0b592914ce,Research Report,C,75,LOW,50.15,NEW,2025-09-29,2025-10-08,SYNTHETIC / DEMO ONLY. Defensive analytics record.,Command and Control,Data from Local System
THR-2026-01711,Synthetic Web Threats Observation,WEB THREATS,DOMAIN,demo.invalid,Unknown Source,D,58,MEDIUM,61.35,UNDER_REVIEW,2025-09-11,2025-10-06,SYNTHETIC / DEMO ONLY. Defensive analytics record.,Discovery,Network Service Discovery
THR-2026-01712,Synthetic Malware Observation,MALWARE,IP ADDRESS,192.0.2.189,Internal SOC,A,40,INFORMATIONAL,45.95,NEW,2025-07-03,2025-07-10,SYNTHETIC / DEMO ONLY. Defensive analytics record.,Exfiltration,Data from Local System
THR-2026-01713,Synthetic Vulnerability Exposure Observation,VULNERABILITY EXPOSURE,EMAIL/SENDER DOMAIN,example.org,Internal SOC,A,54,MEDIUM,51.55,UNDER_REVIEW,2025-06-14,2025-06-28,SYNTHETIC / DEMO ONLY. Defensive analytics record.,Credential Access,Data from Local System
THR-2026-01714,Synthetic Phishing Observation,PHISHING,URL,https://example.com/demo/1714,Public Threat Feed,B,93,HIGH,82.65,MONITORING,2025-03-29,2025-04-12,SYNTHETIC / DEMO ONLY. Defensive analytics record.,Exfiltration,Valid Accounts
THR-2026-01715,Synthetic Malware Observation,MALWARE,DOMAIN,demo.invalid,Community Submission,C,89,MEDIUM,61.9,UNDER_REVIEW,2025-12-09,2025-12-16,SYNTHETIC / DEMO ONLY. Defensive analytics record.,Command and Control,Valid Accounts
THR-2026-01716,Synthetic Phishing Observation,PHISHING,CVE ID,CVE-2026-2716,Public Threat Feed,B,80,LOW,53.85,CLOSED,2025-08-24,2025-09-07,SYNTHETIC / DEMO ONLY. Defensive analytics record.,Initial Access,Data from Local System
THR-2026-01717,Synthetic Ransomware Observation,RANSOMWARE,IP ADDRESS,192.0.2.194,Internal SOC,A,46,CRITICAL,66.3,FALSE_POSITIVE,2025-01-01,2025-01-25,SYNTHETIC / DEMO ONLY. Defensive analytics record.,Initial Access,Valid Accounts
THR-2026-01718,Synthetic Credential Threats Observation,CREDENTIAL THREATS,FILE HASH,03d089ab4122d7ed1167ca9ed2cd8e3ed3e547440000146b1f49ec3b9443e234,Security Vendor,B,47,HIGH,70.9,FALSE_POSITIVE,2025-11-28,2025-12-09,SYNTHETIC / DEMO ONLY. Defensive analytics record.,Initial Access,Data from Local System
THR-2026-01719,Synthetic Account Security Observation,ACCOUNT SECURITY,FILE HASH,3ab875dce9687ca71a39669ef8181cd9aa120f7f94d823beb8bfa3b0310ff44a,Unknown Source,D,81,HIGH,69.05,NEW,2025-11-08,2025-12-02,SYNTHETIC / DEMO ONLY. Defensive analytics record.,Exfiltration,Application Layer Protocol
THR-2026-01720,Synthetic Credential Threats Observation,CREDENTIAL THREATS,EMAIL/SENDER DOMAIN,example.com,Community Submission,C,45,MEDIUM,63.0,CLOSED,2025-03-16,2025-04-08,SYNTHETIC / DEMO ONLY. Defensive analytics record.,Command and Control,Valid Accounts
THR-2026-01721,Synthetic Malware Observation,MALWARE,FILE HASH,b605607fc673aaf66b44447223b974471e58807b2e75592af162eeb10c50056b,Internal SOC,A,41,MEDIUM,56.35,FALSE_POSITIVE,2025-04-03,2025-04-27,SYNTHETIC / DEMO ONLY. Defensive analytics record.,Credential Access,Phishing
THR-2026-01722,Synthetic Data Exposure Observation,DATA EXPOSURE,FILE HASH,54051c6761bf669b0b4407d0d53479b5be2811d95b86b2fe97af31309c5a14d5,Security Vendor,B,96,HIGH,75.75,MONITORING,2025-07-16,2025-08-15,SYNTHETIC / DEMO ONLY. Defensive analytics record.,Initial Access,Phishing
THR-2026-01723,Synthetic Data Exposure Observation,DATA EXPOSURE,DOMAIN,demo.invalid,Research Report,C,55,LOW,36.85,FALSE_POSITIVE,2025-03-25,2025-03-31,SYNTHETIC / DEMO ONLY. Defensive analytics record.,Discovery,Data from Local System
THR-2026-01724,Synthetic Ransomware Observation,RANSOMWARE,CVE ID,CVE-2026-2724,Security Vendor,B,52,CRITICAL,68.05,MONITORING,2025-08-25,2025-08-27,SYNTHETIC / DEMO ONLY. Defensive analytics record.,Discovery,Application Layer Protocol
THR-2026-01725,Synthetic Web Threats Observation,WEB THREATS,CVE ID,CVE-2026-2725,Security Vendor,B,49,LOW,47.3,UNDER_REVIEW,2025-03-12,2025-03-31,SYNTHETIC / DEMO ONLY. Defensive analytics record.,Initial Access,Valid Accounts
THR-2026-01726,Synthetic Phishing Observation,PHISHING,DOMAIN,example.net,Security Vendor,B,41,INFORMATIONAL,36.9,CLOSED,2025-10-26,2025-10-30,SYNTHETIC / DEMO ONLY. Defensive analytics record.,Command and Control,Network Service Discovery
THR-2026-01727,Synthetic Ransomware Observation,RANSOMWARE,CVE ID,CVE-2026-2727,Security Vendor,B,82,HIGH,70.1,NEW,2025-10-27,2025-11-12,SYNTHETIC / DEMO ONLY. Defensive analytics record.,Command and Control,Network Service Discovery
THR-2026-01728,Synthetic Phishing Observation,PHISHING,FILE HASH,9747ac94706e5c4ea827008b801c4c896cfbaef00fc4069d08732f6d91e7d24a,Security Vendor,B,35,MEDIUM,52.2,CLOSED,2025-03-03,2025-03-10,SYNTHETIC / DEMO ONLY. Defensive analytics record.,Command and Control,Application Layer Protocol
THR-2026-01729,Synthetic Network Threats Observation,NETWORK THREATS,FILE HASH,8933673670d2465e90b894aadd1fa34fc8a8e4c8d7870d9e92365ca02d47f300,Internal SOC,A,63,CRITICAL,63.3,FALSE_POSITIVE,2025-02-02,2025-02-07,SYNTHETIC / DEMO ONLY. Defensive analytics record.,Initial Access,Application Layer Protocol
THR-2026-01730,Synthetic Malware Observation,MALWARE,FILE HASH,0d94291768493435f425591115f87d208bb9eab5ba5c630db34332cd317848e9,Community Submission,C,40,MEDIUM,57.3,NEW,2025-09-12,2025-09-15,SYNTHETIC / DEMO ONLY. Defensive analytics record.,Discovery,Valid Accounts
THR-2026-01731,Synthetic Data Exposure Observation,DATA EXPOSURE,URL,https://example.com/demo/1731,Research Report,C,85,LOW,53.3,UNDER_REVIEW,2025-11-21,2025-12-16,SYNTHETIC / DEMO ONLY. Defensive analytics record.,Initial Access,Application Layer Protocol
THR-2026-01732,Synthetic Social Engineering Observation,SOCIAL ENGINEERING,IP ADDRESS,192.0.2.209,Public Threat Feed,B,86,MEDIUM,70.85,NEW,2025-06-14,2025-06-28,SYNTHETIC / DEMO ONLY. Defensive analytics record.,Command and Control,Valid Accounts
THR-2026-01733,Synthetic Vulnerability Exposure Observation,VULNERABILITY EXPOSURE,DOMAIN,example.org,Community Submission,C,85,LOW,53.85,MONITORING,2025-07-30,2025-08-17,SYNTHETIC / DEMO ONLY. Defensive analytics record.,Discovery,Network Service Discovery
THR-2026-01734,Synthetic Phishing Observation,PHISHING,FILE HASH,622bdc6fcfc58a495edd95839fe55721bb0ff57f6e6c0800374db1c33770c02a,Research Report,C,60,CRITICAL,78.55,UNDER_REVIEW,2025-09-27,2025-10-19,SYNTHETIC / DEMO ONLY. Defensive analytics record.,Exfiltration,Application Layer Protocol
THR-2026-01735,Synthetic Network Threats Observation,NETWORK THREATS,IP ADDRESS,192.0.2.212,Community Submission,C,83,MEDIUM,61.35,UNDER_REVIEW,2025-10-27,2025-11-23,SYNTHETIC / DEMO ONLY. Defensive analytics record.,Command and Control,Valid Accounts
THR-2026-01736,Synthetic Vulnerability Exposure Observation,VULNERABILITY EXPOSURE,IP ADDRESS,192.0.2.213,Security Vendor,B,67,LOW,50.75,FALSE_POSITIVE,2025-07-10,2025-08-09,SYNTHETIC / DEMO ONLY. Defensive analytics record.,Discovery,Network Service Discovery
THR-2026-01737,Synthetic Ransomware Observation,RANSOMWARE,IP ADDRESS,192.0.2.214,Community Submission,C,40,HIGH,70.05,NEW,2025-01-15,2025-02-03,SYNTHETIC / DEMO ONLY. Defensive analytics record.,Exfiltration,Application Layer Protocol
THR-2026-01738,Synthetic Ransomware Observation,RANSOMWARE,CVE ID,CVE-2026-2738,Public Threat Feed,B,45,LOW,60.45,MONITORING,2025-01-17,2025-01-29,SYNTHETIC / DEMO ONLY. Defensive analytics record.,Credential Access,Valid Accounts
THR-2026-01739,Synthetic Data Exposure Observation,DATA EXPOSURE,URL,https://example.com/demo/1739,Security Vendor,B,71,HIGH,69.3,MONITORING,2025-01-25,2025-01-26,SYNTHETIC / DEMO ONLY. Defensive analytics record.,Exfiltration,Valid Accounts
THR-2026-01740,Synthetic Credential Threats Observation,CREDENTIAL THREATS,DOMAIN,example.com,Security Vendor,B,39,MEDIUM,53.15,MONITORING,2025-11-22,2025-12-14,SYNTHETIC / DEMO ONLY. Defensive analytics record.,Exfiltration,Application Layer Protocol
THR-2026-01741,Synthetic Vulnerability Exposure Observation,VULNERABILITY EXPOSURE,IP ADDRESS,192.0.2.218,Unknown Source,D,69,MEDIUM,61.0,MONITORING,2025-01-13,2025-01-31,SYNTHETIC / DEMO ONLY. Defensive analytics record.,Command and Control,Network Service Discovery
THR-2026-01742,Synthetic Social Engineering Observation,SOCIAL ENGINEERING,FILE HASH,3aca3f5f37712d14e86e0cbcdd9eb2deda8d7d05aa18497236fb853f8f117bd4,Unknown Source,D,69,MEDIUM,60.05,UNDER_REVIEW,2025-07-01,2025-07-31,SYNTHETIC / DEMO ONLY. Defensive analytics record.,Command and Control,Network Service Discovery
THR-2026-01743,Synthetic Account Security Observation,ACCOUNT SECURITY,FILE HASH,0fa9509f468844e5176c2b8a3421bdbc65976c2ebdefbda1f4f4692398a83b00,Public Threat Feed,B,85,CRITICAL,87.55,NEW,2025-06-20,2025-07-20,SYNTHETIC / DEMO ONLY. Defensive analytics record.,Command and Control,Valid Accounts
THR-2026-01744,Synthetic Web Threats Observation,WEB THREATS,DOMAIN,example.com,Public Threat Feed,B,71,LOW,51.35,NEW,2025-01-09,2025-02-07,SYNTHETIC / DEMO ONLY. Defensive analytics record.,Exfiltration,Network Service Discovery
THR-2026-01745,Synthetic Account Security Observation,ACCOUNT SECURITY,URL,https://example.com/demo/1745,Public Threat Feed,B,58,MEDIUM,62.7,MONITORING,2025-07-20,2025-08-14,SYNTHETIC / DEMO ONLY. Defensive analytics record.,Exfiltration,Application Layer Protocol
THR-2026-01746,Synthetic Vulnerability Exposure Observation,VULNERABILITY EXPOSURE,URL,https://example.com/demo/1746,Security Vendor,B,49,HIGH,57.7,UNDER_REVIEW,2025-08-13,2025-08-17,SYNTHETIC / DEMO ONLY. Defensive analytics record.,Discovery,Data from Local System
THR-2026-01747,Synthetic Malware Observation,MALWARE,URL,https://example.com/demo/1747,Internal SOC,A,71,LOW,52.6,UNDER_REVIEW,2025-03-09,2025-03-15,SYNTHETIC / DEMO ONLY. Defensive analytics record.,Credential Access,Application Layer Protocol
THR-2026-01748,Synthetic Malware Observation,MALWARE,URL,https://example.com/demo/1748,Public Threat Feed,B,62,HIGH,67.75,UNDER_REVIEW,2025-03-17,2025-03-30,SYNTHETIC / DEMO ONLY. Defensive analytics record.,Command and Control,Valid Accounts
THR-2026-01749,Synthetic Malware Observation,MALWARE,CVE ID,CVE-2026-2749,Internal SOC,A,50,CRITICAL,78.05,NEW,2025-10-08,2025-10-12,SYNTHETIC / DEMO ONLY. Defensive analytics record.,Initial Access,Network Service Discovery
THR-2026-01750,Synthetic Data Exposure Observation,DATA EXPOSURE,FILE HASH,b0ed716127b2f39e957db1c29bce5c43f436271fd6975f7be1962f5402699143,Community Submission,C,70,LOW,48.1,MONITORING,2025-06-30,2025-07-26,SYNTHETIC / DEMO ONLY. Defensive analytics record.,Credential Access,Application Layer Protocol
THR-2026-01751,Synthetic Data Exposure Observation,DATA EXPOSURE,FILE HASH,46cdb396f533267768f289a734b28d336dc355585c5cec74a7332ae2b52795ce,Unknown Source,D,98,MEDIUM,57.9,UNDER_REVIEW,2025-09-24,2025-10-14,SYNTHETIC / DEMO ONLY. Defensive analytics record.,Initial Access,Data from Local System
THR-2026-01752,Synthetic Vulnerability Exposure Observation,VULNERABILITY EXPOSURE,URL,https://example.com/demo/1752,Security Vendor,B,63,HIGH,73.8,CLOSED,2025-10-26,2025-11-13,SYNTHETIC / DEMO ONLY. Defensive analytics record.,Command and Control,Network Service Discovery
THR-2026-01753,Synthetic Vulnerability Exposure Observation,VULNERABILITY EXPOSURE,DOMAIN,example.org,Internal SOC,A,49,LOW,40.8,MONITORING,2025-02-13,2025-03-07,SYNTHETIC / DEMO ONLY. Defensive analytics record.,Credential Access,Application Layer Protocol
THR-2026-01754,Synthetic Data Exposure Observation,DATA EXPOSURE,IP ADDRESS,192.0.2.231,Public Threat Feed,B,76,INFORMATIONAL,55.4,UNDER_REVIEW,2025-12-14,2025-12-14,SYNTHETIC / DEMO ONLY. Defensive analytics record.,Command and Control,Valid Accounts
THR-2026-01755,Synthetic Ransomware Observation,RANSOMWARE,IP ADDRESS,192.0.2.232,Public Threat Feed,B,94,MEDIUM,66.6,FALSE_POSITIVE,2025-05-29,2025-05-29,SYNTHETIC / DEMO ONLY. Defensive analytics record.,Discovery,Valid Accounts
THR-2026-01756,Synthetic Account Security Observation,ACCOUNT SECURITY,CVE ID,CVE-2026-2756,Security Vendor,B,85,HIGH,78.85,NEW,2025-04-23,2025-04-28,SYNTHETIC / DEMO ONLY. Defensive analytics record.,Credential Access,Phishing
THR-2026-01757,Synthetic Credential Threats Observation,CREDENTIAL THREATS,FILE HASH,2f5fe0f7c87907d5baed3a1ac483b5ad2581ad28393806c34f3cec41f2f430d8,Public Threat Feed,B,54,HIGH,67.7,UNDER_REVIEW,2025-12-19,2026-01-07,SYNTHETIC / DEMO ONLY. Defensive analytics record.,Exfiltration,Application Layer Protocol
THR-2026-01758,Synthetic Credential Threats Observation,CREDENTIAL THREATS,URL,https://example.com/demo/1758,Public Threat Feed,B,80,LOW,57.55,UNDER_REVIEW,2025-10-18,2025-10-23,SYNTHETIC / DEMO ONLY. Defensive analytics record.,Command and Control,Valid Accounts
THR-2026-01759,Synthetic Account Security Observation,ACCOUNT SECURITY,DOMAIN,demo.invalid,Community Submission,C,57,HIGH,59.25,UNDER_REVIEW,2025-05-04,2025-05-26,SYNTHETIC / DEMO ONLY. Defensive analytics record.,Discovery,Valid Accounts
THR-2026-01760,Synthetic Ransomware Observation,RANSOMWARE,DOMAIN,example.com,Internal SOC,A,79,MEDIUM,64.25,NEW,2025-11-16,2025-12-15,SYNTHETIC / DEMO ONLY. Defensive analytics record.,Exfiltration,Application Layer Protocol
THR-2026-01761,Synthetic Phishing Observation,PHISHING,EMAIL/SENDER DOMAIN,example.org,Community Submission,C,98,LOW,57.1,NEW,2025-09-21,2025-10-03,SYNTHETIC / DEMO ONLY. Defensive analytics record.,Initial Access,Phishing
THR-2026-01762,Synthetic Social Engineering Observation,SOCIAL ENGINEERING,IP ADDRESS,192.0.2.239,Internal SOC,A,80,LOW,65.3,FALSE_POSITIVE,2025-03-22,2025-04-12,SYNTHETIC / DEMO ONLY. Defensive analytics record.,Credential Access,Phishing
THR-2026-01763,Synthetic Social Engineering Observation,SOCIAL ENGINEERING,CVE ID,CVE-2026-2763,Unknown Source,D,90,HIGH,75.75,CLOSED,2025-08-22,2025-09-15,SYNTHETIC / DEMO ONLY. Defensive analytics record.,Command and Control,Valid Accounts
THR-2026-01764,Synthetic Network Threats Observation,NETWORK THREATS,FILE HASH,1135e1664e084f2a86ce9d1ec1c226152fac402a9ed12e2578be65dde184c5d2,Security Vendor,B,53,HIGH,58.7,UNDER_REVIEW,2025-10-21,2025-11-20,SYNTHETIC / DEMO ONLY. Defensive analytics record.,Exfiltration,Phishing
THR-2026-01765,Synthetic Malware Observation,MALWARE,EMAIL/SENDER DOMAIN,example.org,Security Vendor,B,79,MEDIUM,69.45,UNDER_REVIEW,2025-01-26,2025-02-16,SYNTHETIC / DEMO ONLY. Defensive analytics record.,Credential Access,Network Service Discovery
THR-2026-01766,Synthetic Vulnerability Exposure Observation,VULNERABILITY EXPOSURE,IP ADDRESS,192.0.2.243,Community Submission,C,78,MEDIUM,57.65,CLOSED,2025-06-16,2025-06-23,SYNTHETIC / DEMO ONLY. Defensive analytics record.,Credential Access,Phishing
THR-2026-01767,Synthetic Malware Observation,MALWARE,EMAIL/SENDER DOMAIN,example.org,Research Report,C,97,LOW,53.2,MONITORING,2025-12-29,2026-01-13,SYNTHETIC / DEMO ONLY. Defensive analytics record.,Credential Access,Data from Local System
THR-2026-01768,Synthetic Web Threats Observation,WEB THREATS,IP ADDRESS,192.0.2.245,Public Threat Feed,B,54,HIGH,54.15,CLOSED,2025-06-18,2025-06-23,SYNTHETIC / DEMO ONLY. Defensive analytics record.,Initial Access,Data from Local System
THR-2026-01769,Synthetic Web Threats Observation,WEB THREATS,CVE ID,CVE-2026-2769,Community Submission,C,95,MEDIUM,72.05,MONITORING,2025-11-30,2025-12-10,SYNTHETIC / DEMO ONLY. Defensive analytics record.,Command and Control,Phishing
THR-2026-01770,Synthetic Network Threats Observation,NETWORK THREATS,URL,https://example.com/demo/1770,Internal SOC,A,57,MEDIUM,59.65,MONITORING,2025-11-18,2025-12-01,SYNTHETIC / DEMO ONLY. Defensive analytics record.,Initial Access,Phishing
THR-2026-01771,Synthetic Account Security Observation,ACCOUNT SECURITY,CVE ID,CVE-2026-2771,Research Report,C,69,MEDIUM,56.65,CLOSED,2025-03-12,2025-04-04,SYNTHETIC / DEMO ONLY. Defensive analytics record.,Exfiltration,Valid Accounts
THR-2026-01772,Synthetic Account Security Observation,ACCOUNT SECURITY,URL,https://example.com/demo/1772,Research Report,C,80,MEDIUM,56.65,UNDER_REVIEW,2026-01-01,2026-01-26,SYNTHETIC / DEMO ONLY. Defensive analytics record.,Initial Access,Network Service Discovery
THR-2026-01773,Synthetic Ransomware Observation,RANSOMWARE,FILE HASH,aa49453cb5deecff6871ed4d273ca249983744b0183c7d2a0c5f6a92f587db8b,Unknown Source,D,36,CRITICAL,66.65,NEW,2025-11-13,2025-11-17,SYNTHETIC / DEMO ONLY. Defensive analytics record.,Credential Access,Network Service Discovery
THR-2026-01774,Synthetic Malware Observation,MALWARE,DOMAIN,example.net,Unknown Source,D,90,MEDIUM,70.05,CLOSED,2025-04-04,2025-04-22,SYNTHETIC / DEMO ONLY. Defensive analytics record.,Command and Control,Phishing
THR-2026-01775,Synthetic Account Security Observation,ACCOUNT SECURITY,EMAIL/SENDER DOMAIN,example.org,Internal SOC,A,56,MEDIUM,65.9,FALSE_POSITIVE,2025-09-05,2025-09-07,SYNTHETIC / DEMO ONLY. Defensive analytics record.,Credential Access,Valid Accounts
THR-2026-01776,Synthetic Social Engineering Observation,SOCIAL ENGINEERING,CVE ID,CVE-2026-2776,Internal SOC,A,93,MEDIUM,76.4,CLOSED,2025-04-03,2025-04-22,SYNTHETIC / DEMO ONLY. Defensive analytics record.,Exfiltration,Application Layer Protocol
THR-2026-01777,Synthetic Network Threats Observation,NETWORK THREATS,DOMAIN,example.org,Security Vendor,B,74,HIGH,67.8,CLOSED,2025-11-16,2025-12-06,SYNTHETIC / DEMO ONLY. Defensive analytics record.,Discovery,Network Service Discovery
THR-2026-01778,Synthetic Credential Threats Observation,CREDENTIAL THREATS,IP ADDRESS,192.0.2.1,Unknown Source,D,77,CRITICAL,65.6,UNDER_REVIEW,2025-10-19,2025-10-20,SYNTHETIC / DEMO ONLY. Defensive analytics record.,Initial Access,Data from Local System
THR-2026-01779,Synthetic Malware Observation,MALWARE,URL,https://example.com/demo/1779,Public Threat Feed,B,97,HIGH,75.45,CLOSED,2025-03-19,2025-04-08,SYNTHETIC / DEMO ONLY. Defensive analytics record.,Discovery,Application Layer Protocol
THR-2026-01780,Synthetic Phishing Observation,PHISHING,CVE ID,CVE-2026-2780,Security Vendor,B,88,INFORMATIONAL,60.85,FALSE_POSITIVE,2025-07-29,2025-08-07,SYNTHETIC / DEMO ONLY. Defensive analytics record.,Command and Control,Application Layer Protocol
THR-2026-01781,Synthetic Vulnerability Exposure Observation,VULNERABILITY EXPOSURE,URL,https://example.com/demo/1781,Community Submission,C,92,MEDIUM,61.45,MONITORING,2025-09-20,2025-10-02,SYNTHETIC / DEMO ONLY. Defensive analytics record.,Command and Control,Phishing
THR-2026-01782,Synthetic Web Threats Observation,WEB THREATS,URL,https://example.com/demo/1782,Research Report,C,66,INFORMATIONAL,45.8,NEW,2025-05-06,2025-05-12,SYNTHETIC / DEMO ONLY. Defensive analytics record.,Exfiltration,Application Layer Protocol
THR-2026-01783,Synthetic Web Threats Observation,WEB THREATS,EMAIL/SENDER DOMAIN,example.org,Security Vendor,B,94,MEDIUM,62.4,MONITORING,2025-02-10,2025-02-28,SYNTHETIC / DEMO ONLY. Defensive analytics record.,Credential Access,Data from Local System
THR-2026-01784,Synthetic Vulnerability Exposure Observation,VULNERABILITY EXPOSURE,DOMAIN,example.com,Internal SOC,A,82,MEDIUM,68.95,MONITORING,2025-10-02,2025-10-13,SYNTHETIC / DEMO ONLY. Defensive analytics record.,Initial Access,Valid Accounts
THR-2026-01785,Synthetic Data Exposure Observation,DATA EXPOSURE,DOMAIN,example.org,Unknown Source,D,61,MEDIUM,54.95,MONITORING,2025-11-22,2025-12-19,SYNTHETIC / DEMO ONLY. Defensive analytics record.,Exfiltration,Network Service Discovery
THR-2026-01786,Synthetic Data Exposure Observation,DATA EXPOSURE,EMAIL/SENDER DOMAIN,example.com,Community Submission,C,77,HIGH,75.15,CLOSED,2025-08-10,2025-08-23,SYNTHETIC / DEMO ONLY. Defensive analytics record.,Credential Access,Network Service Discovery
THR-2026-01787,Synthetic Network Threats Observation,NETWORK THREATS,URL,https://example.com/demo/1787,Public Threat Feed,B,63,HIGH,61.95,NEW,2025-07-29,2025-08-17,SYNTHETIC / DEMO ONLY. Defensive analytics record.,Command and Control,Data from Local System
THR-2026-01788,Synthetic Account Security Observation,ACCOUNT SECURITY,EMAIL/SENDER DOMAIN,example.com,Community Submission,C,66,LOW,53.95,MONITORING,2025-03-11,2025-03-25,SYNTHETIC / DEMO ONLY. Defensive analytics record.,Credential Access,Data from Local System
THR-2026-01789,Synthetic Web Threats Observation,WEB THREATS,FILE HASH,858a887e02a4d7e57378af12cf81dc7a9e8220020790b81464fe356fcbeb4ec9,Community Submission,C,56,MEDIUM,48.3,FALSE_POSITIVE,2025-03-04,2025-03-14,SYNTHETIC / DEMO ONLY. Defensive analytics record.,Command and Control,Valid Accounts
THR-2026-01790,Synthetic Account Security Observation,ACCOUNT SECURITY,CVE ID,CVE-2026-2790,Security Vendor,B,69,MEDIUM,53.9,NEW,2025-11-09,2025-12-09,SYNTHETIC / DEMO ONLY. Defensive analytics record.,Exfiltration,Application Layer Protocol
THR-2026-01791,Synthetic Ransomware Observation,RANSOMWARE,IP ADDRESS,192.0.2.14,Internal SOC,A,96,HIGH,75.25,FALSE_POSITIVE,2025-07-31,2025-08-28,SYNTHETIC / DEMO ONLY. Defensive analytics record.,Discovery,Valid Accounts
THR-2026-01792,Synthetic Web Threats Observation,WEB THREATS,CVE ID,CVE-2026-2792,Research Report,C,82,HIGH,76.9,UNDER_REVIEW,2025-10-26,2025-11-22,SYNTHETIC / DEMO ONLY. Defensive analytics record.,Initial Access,Valid Accounts
THR-2026-01793,Synthetic Phishing Observation,PHISHING,IP ADDRESS,192.0.2.16,Community Submission,C,90,MEDIUM,62.0,FALSE_POSITIVE,2025-10-18,2025-11-10,SYNTHETIC / DEMO ONLY. Defensive analytics record.,Credential Access,Data from Local System
THR-2026-01794,Synthetic Phishing Observation,PHISHING,IP ADDRESS,192.0.2.17,Unknown Source,D,80,LOW,42.45,CLOSED,2025-09-19,2025-10-12,SYNTHETIC / DEMO ONLY. Defensive analytics record.,Discovery,Application Layer Protocol
THR-2026-01795,Synthetic Network Threats Observation,NETWORK THREATS,EMAIL/SENDER DOMAIN,example.org,Research Report,C,59,HIGH,70.15,CLOSED,2025-02-14,2025-03-07,SYNTHETIC / DEMO ONLY. Defensive analytics record.,Initial Access,Data from Local System
THR-2026-01796,Synthetic Vulnerability Exposure Observation,VULNERABILITY EXPOSURE,IP ADDRESS,192.0.2.19,Community Submission,C,62,CRITICAL,67.05,UNDER_REVIEW,2025-03-25,2025-04-03,SYNTHETIC / DEMO ONLY. Defensive analytics record.,Discovery,Network Service Discovery
THR-2026-01797,Synthetic Vulnerability Exposure Observation,VULNERABILITY EXPOSURE,FILE HASH,ab070043e30439624e7533420b4c6e3795845c4f32db18461e2634210ea44cea,Internal SOC,A,63,LOW,61.95,UNDER_REVIEW,2025-12-08,2026-01-05,SYNTHETIC / DEMO ONLY. Defensive analytics record.,Discovery,Valid Accounts
THR-2026-01798,Synthetic Credential Threats Observation,CREDENTIAL THREATS,FILE HASH,d11f243c0ec0feacc512893f99bf5ea015033aa3a3a05f984f207b38184f70b1,Unknown Source,D,52,LOW,37.55,MONITORING,2025-07-27,2025-08-10,SYNTHETIC / DEMO ONLY. Defensive analytics record.,Credential Access,Network Service Discovery
THR-2026-01799,Synthetic Vulnerability Exposure Observation,VULNERABILITY EXPOSURE,DOMAIN,demo.invalid,Internal SOC,A,73,HIGH,75.2,CLOSED,2025-06-03,2025-06-19,SYNTHETIC / DEMO ONLY. Defensive analytics record.,Exfiltration,Phishing
THR-2026-01800,Synthetic Phishing Observation,PHISHING,EMAIL/SENDER DOMAIN,example.com,Unknown Source,D,75,HIGH,70.15,FALSE_POSITIVE,2025-08-11,2025-08-23,SYNTHETIC / DEMO ONLY. Defensive analytics record.,Initial Access,Valid Accounts
THR-2026-01801,Synthetic Malware Observation,MALWARE,CVE ID,CVE-2026-2801,Research Report,C,91,HIGH,68.85,NEW,2025-08-20,2025-08-26,SYNTHETIC / DEMO ONLY. Defensive analytics record.,Discovery,Valid Accounts
THR-2026-01802,Synthetic Network Threats Observation,NETWORK THREATS,IP ADDRESS,192.0.2.25,Community Submission,C,81,LOW,45.25,MONITORING,2025-03-21,2025-04-09,SYNTHETIC / DEMO ONLY. Defensive analytics record.,Command and Control,Application Layer Protocol
THR-2026-01803,Synthetic Network Threats Observation,NETWORK THREATS,DOMAIN,demo.invalid,Public Threat Feed,B,55,MEDIUM,51.2,FALSE_POSITIVE,2025-04-10,2025-04-14,SYNTHETIC / DEMO ONLY. Defensive analytics record.,Credential Access,Phishing
THR-2026-01804,Synthetic Ransomware Observation,RANSOMWARE,IP ADDRESS,192.0.2.27,Research Report,C,48,LOW,39.0,UNDER_REVIEW,2025-09-06,2025-09-06,SYNTHETIC / DEMO ONLY. Defensive analytics record.,Credential Access,Network Service Discovery
THR-2026-01805,Synthetic Vulnerability Exposure Observation,VULNERABILITY EXPOSURE,FILE HASH,cde80f3868728dc32df32fc14700c7929dfa64690bd80fad14f7674101eb3526,Unknown Source,D,50,MEDIUM,60.4,NEW,2025-06-29,2025-07-28,SYNTHETIC / DEMO ONLY. Defensive analytics record.,Command and Control,Application Layer Protocol
THR-2026-01806,Synthetic Ransomware Observation,RANSOMWARE,FILE HASH,b49dd39c069ebccccc801bc8e6ade5e59d9ce0f88154db5297e1fbf74837d0cf,Public Threat Feed,B,75,HIGH,61.5,MONITORING,2025-08-12,2025-09-01,SYNTHETIC / DEMO ONLY. Defensive analytics record.,Credential Access,Phishing
THR-2026-01807,Synthetic Malware Observation,MALWARE,DOMAIN,demo.invalid,Unknown Source,D,68,CRITICAL,68.65,MONITORING,2025-12-18,2025-12-24,SYNTHETIC / DEMO ONLY. Defensive analytics record.,Credential Access,Phishing
THR-2026-01808,Synthetic Ransomware Observation,RANSOMWARE,EMAIL/SENDER DOMAIN,example.com,Internal SOC,A,37,MEDIUM,51.45,UNDER_REVIEW,2025-10-10,2025-10-31,SYNTHETIC / DEMO ONLY. Defensive analytics record.,Discovery,Phishing
THR-2026-01809,Synthetic Network Threats Observation,NETWORK THREATS,IP ADDRESS,192.0.2.32,Unknown Source,D,87,MEDIUM,67.0,CLOSED,2025-11-10,2025-12-06,SYNTHETIC / DEMO ONLY. Defensive analytics record.,Command and Control,Network Service Discovery
THR-2026-01810,Synthetic Web Threats Observation,WEB THREATS,FILE HASH,1f4489fd3f9fce7f8aa52d280f78a45c2b6089f5ff5a4c12385bce93da85f738,Community Submission,C,58,LOW,44.3,FALSE_POSITIVE,2025-07-01,2025-07-21,SYNTHETIC / DEMO ONLY. Defensive analytics record.,Credential Access,Data from Local System
THR-2026-01811,Synthetic Social Engineering Observation,SOCIAL ENGINEERING,DOMAIN,demo.invalid,Research Report,C,53,HIGH,63.65,MONITORING,2025-10-01,2025-10-05,SYNTHETIC / DEMO ONLY. Defensive analytics record.,Exfiltration,Phishing
THR-2026-01812,Synthetic Account Security Observation,ACCOUNT SECURITY,CVE ID,CVE-2026-2812,Research Report,C,71,MEDIUM,65.45,UNDER_REVIEW,2025-10-18,2025-11-17,SYNTHETIC / DEMO ONLY. Defensive analytics record.,Command and Control,Valid Accounts
THR-2026-01813,Synthetic Credential Threats Observation,CREDENTIAL THREATS,FILE HASH,dc51a14476783766fc6bcc04da4c5cf7136143f823307533213fe7de305c1c9e,Internal SOC,A,58,MEDIUM,49.4,NEW,2025-11-18,2025-11-19,SYNTHETIC / DEMO ONLY. Defensive analytics record.,Exfiltration,Application Layer Protocol
THR-2026-01814,Synthetic Data Exposure Observation,DATA EXPOSURE,IP ADDRESS,192.0.2.37,Public Threat Feed,B,88,LOW,64.8,NEW,2025-01-24,2025-02-22,SYNTHETIC / DEMO ONLY. Defensive analytics record.,Command and Control,Phishing
THR-2026-01815,Synthetic Social Engineering Observation,SOCIAL ENGINEERING,URL,https://example.com/demo/1815,Unknown Source,D,63,HIGH,64.6,FALSE_POSITIVE,2025-11-09,2025-11-27,SYNTHETIC / DEMO ONLY. Defensive analytics record.,Exfiltration,Network Service Discovery
THR-2026-01816,Synthetic Network Threats Observation,NETWORK THREATS,DOMAIN,example.com,Unknown Source,D,49,MEDIUM,48.4,CLOSED,2025-10-04,2025-10-08,SYNTHETIC / DEMO ONLY. Defensive analytics record.,Command and Control,Network Service Discovery
THR-2026-01817,Synthetic Credential Threats Observation,CREDENTIAL THREATS,DOMAIN,example.org,Security Vendor,B,55,MEDIUM,53.35,NEW,2025-10-17,2025-10-21,SYNTHETIC / DEMO ONLY. Defensive analytics record.,Command and Control,Valid Accounts
THR-2026-01818,Synthetic Vulnerability Exposure Observation,VULNERABILITY EXPOSURE,CVE ID,CVE-2026-2818,Public Threat Feed,B,83,MEDIUM,56.35,UNDER_REVIEW,2025-01-12,2025-01-29,SYNTHETIC / DEMO ONLY. Defensive analytics record.,Credential Access,Network Service Discovery
THR-2026-01819,Synthetic Web Threats Observation,WEB THREATS,URL,https://example.com/demo/1819,Internal SOC,A,74,MEDIUM,73.2,FALSE_POSITIVE,2025-04-16,2025-05-05,SYNTHETIC / DEMO ONLY. Defensive analytics record.,Discovery,Phishing
THR-2026-01820,Synthetic Web Threats Observation,WEB THREATS,FILE HASH,519dac677b9473e6a62212e94eeaa05cf807b59ea741f5739493d35704c98397,Security Vendor,B,36,INFORMATIONAL,47.5,MONITORING,2025-04-17,2025-05-08,SYNTHETIC / DEMO ONLY. Defensive analytics record.,Initial Access,Data from Local System
THR-2026-01821,Synthetic Network Threats Observation,NETWORK THREATS,DOMAIN,example.org,Research Report,C,98,HIGH,77.65,UNDER_REVIEW,2025-06-12,2025-06-25,SYNTHETIC / DEMO ONLY. Defensive analytics record.,Credential Access,Data from Local System
THR-2026-01822,Synthetic Network Threats Observation,NETWORK THREATS,FILE HASH,6603d20baf638336f3b66ac96d78ca02745c145e4dc39bae7963330fc9704211,Security Vendor,B,92,LOW,64.5,MONITORING,2025-10-06,2025-10-11,SYNTHETIC / DEMO ONLY. Defensive analytics record.,Exfiltration,Valid Accounts
THR-2026-01823,Synthetic Phishing Observation,PHISHING,FILE HASH,f91d700b5407aa0278edab445577c262f71a3fd509b07795a8397a8d4de02ad8,Research Report,C,79,LOW,51.05,NEW,2025-02-26,2025-03-02,SYNTHETIC / DEMO ONLY. Defensive analytics record.,Discovery,Data from Local System
THR-2026-01824,Synthetic Ransomware Observation,RANSOMWARE,DOMAIN,example.com,Internal SOC,A,44,MEDIUM,57.0,FALSE_POSITIVE,2025-12-11,2025-12-15,SYNTHETIC / DEMO ONLY. Defensive analytics record.,Discovery,Network Service Discovery
THR-2026-01825,Synthetic Account Security Observation,ACCOUNT SECURITY,FILE HASH,b775c303ec7f2868fd66712b2a52a32a7c6aa0b850c03881a3d4cdba05c6ef2b,Security Vendor,B,94,LOW,62.05,FALSE_POSITIVE,2025-10-05,2025-10-31,SYNTHETIC / DEMO ONLY. Defensive analytics record.,Discovery,Valid Accounts
THR-2026-01826,Synthetic Phishing Observation,PHISHING,FILE HASH,84f9f0f93cd8e5ae1865dba90c6c375a4e5f8d5e274d69c97190fdd6b055b519,Public Threat Feed,B,68,MEDIUM,65.05,FALSE_POSITIVE,2025-02-05,2025-02-26,SYNTHETIC / DEMO ONLY. Defensive analytics record.,Discovery,Phishing
THR-2026-01827,Synthetic Credential Threats Observation,CREDENTIAL THREATS,DOMAIN,demo.invalid,Security Vendor,B,40,HIGH,58.9,UNDER_REVIEW,2025-04-03,2025-04-30,SYNTHETIC / DEMO ONLY. Defensive analytics record.,Credential Access,Phishing
THR-2026-01828,Synthetic Malware Observation,MALWARE,DOMAIN,example.com,Internal SOC,A,57,HIGH,64.0,NEW,2025-04-15,2025-05-06,SYNTHETIC / DEMO ONLY. Defensive analytics record.,Discovery,Data from Local System
THR-2026-01829,Synthetic Ransomware Observation,RANSOMWARE,FILE HASH,cb0c20a3ae271f181b77b34c5c1bec7192bae9d3373ff090656d828c2ba622e6,Community Submission,C,98,MEDIUM,63.8,FALSE_POSITIVE,2025-11-09,2025-12-03,SYNTHETIC / DEMO ONLY. Defensive analytics record.,Initial Access,Data from Local System
THR-2026-01830,Synthetic Network Threats Observation,NETWORK THREATS,URL,https://example.com/demo/1830,Internal SOC,A,84,MEDIUM,63.05,NEW,2025-01-22,2025-01-22,SYNTHETIC / DEMO ONLY. Defensive analytics record.,Command and Control,Valid Accounts
THR-2026-01831,Synthetic Account Security Observation,ACCOUNT SECURITY,EMAIL/SENDER DOMAIN,example.org,Research Report,C,91,CRITICAL,88.9,MONITORING,2025-08-29,2025-09-24,SYNTHETIC / DEMO ONLY. Defensive analytics record.,Exfiltration,Network Service Discovery
THR-2026-01832,Synthetic Vulnerability Exposure Observation,VULNERABILITY EXPOSURE,CVE ID,CVE-2026-2832,Research Report,C,74,MEDIUM,64.85,UNDER_REVIEW,2025-05-24,2025-06-16,SYNTHETIC / DEMO ONLY. Defensive analytics record.,Credential Access,Network Service Discovery
THR-2026-01833,Synthetic Ransomware Observation,RANSOMWARE,IP ADDRESS,192.0.2.56,Unknown Source,D,90,HIGH,61.2,NEW,2025-09-25,2025-09-30,SYNTHETIC / DEMO ONLY. Defensive analytics record.,Discovery,Phishing
THR-2026-01834,Synthetic Phishing Observation,PHISHING,URL,https://example.com/demo/1834,Public Threat Feed,B,62,LOW,49.6,FALSE_POSITIVE,2025-04-15,2025-05-14,SYNTHETIC / DEMO ONLY. Defensive analytics record.,Initial Access,Phishing
THR-2026-01835,Synthetic Social Engineering Observation,SOCIAL ENGINEERING,EMAIL/SENDER DOMAIN,example.org,Research Report,C,70,MEDIUM,65.25,FALSE_POSITIVE,2025-02-02,2025-02-07,SYNTHETIC / DEMO ONLY. Defensive analytics record.,Credential Access,Phishing
THR-2026-01836,Synthetic Data Exposure Observation,DATA EXPOSURE,IP ADDRESS,192.0.2.59,Research Report,C,89,LOW,50.65,NEW,2025-01-05,2025-01-05,SYNTHETIC / DEMO ONLY. Defensive analytics record.,Initial Access,Network Service Discovery
THR-2026-01837,Synthetic Credential Threats Observation,CREDENTIAL THREATS,CVE ID,CVE-2026-2837,Public Threat Feed,B,59,LOW,54.15,MONITORING,2025-11-13,2025-11-13,SYNTHETIC / DEMO ONLY. Defensive analytics record.,Initial Access,Network Service Discovery
THR-2026-01838,Synthetic Ransomware Observation,RANSOMWARE,URL,https://example.com/demo/1838,Community Submission,C,65,LOW,48.75,UNDER_REVIEW,2025-03-24,2025-04-15,SYNTHETIC / DEMO ONLY. Defensive analytics record.,Command and Control,Data from Local System
THR-2026-01839,Synthetic Ransomware Observation,RANSOMWARE,CVE ID,CVE-2026-2839,Community Submission,C,42,HIGH,59.05,CLOSED,2025-04-03,2025-04-25,SYNTHETIC / DEMO ONLY. Defensive analytics record.,Credential Access,Application Layer Protocol
THR-2026-01840,Synthetic Vulnerability Exposure Observation,VULNERABILITY EXPOSURE,DOMAIN,example.com,Security Vendor,B,61,HIGH,76.35,UNDER_REVIEW,2025-01-22,2025-02-16,SYNTHETIC / DEMO ONLY. Defensive analytics record.,Credential Access,Application Layer Protocol
THR-2026-01841,Synthetic Vulnerability Exposure Observation,VULNERABILITY EXPOSURE,CVE ID,CVE-2026-2841,Public Threat Feed,B,49,LOW,58.2,CLOSED,2025-10-03,2025-10-15,SYNTHETIC / DEMO ONLY. Defensive analytics record.,Initial Access,Valid Accounts
THR-2026-01842,Synthetic Vulnerability Exposure Observation,VULNERABILITY EXPOSURE,EMAIL/SENDER DOMAIN,example.com,Internal SOC,A,35,MEDIUM,45.75,UNDER_REVIEW,2025-01-27,2025-02-12,SYNTHETIC / DEMO ONLY. Defensive analytics record.,Credential Access,Valid Accounts
THR-2026-01843,Synthetic Account Security Observation,ACCOUNT SECURITY,DOMAIN,demo.invalid,Community Submission,C,63,LOW,50.1,NEW,2025-02-28,2025-03-23,SYNTHETIC / DEMO ONLY. Defensive analytics record.,Exfiltration,Application Layer Protocol
THR-2026-01844,Synthetic Network Threats Observation,NETWORK THREATS,CVE ID,CVE-2026-2844,Unknown Source,D,37,CRITICAL,69.2,NEW,2025-06-18,2025-06-21,SYNTHETIC / DEMO ONLY. Defensive analytics record.,Command and Control,Network Service Discovery
THR-2026-01845,Synthetic Account Security Observation,ACCOUNT SECURITY,DOMAIN,example.org,Community Submission,C,47,INFORMATIONAL,44.45,UNDER_REVIEW,2025-11-24,2025-12-13,SYNTHETIC / DEMO ONLY. Defensive analytics record.,Command and Control,Data from Local System
THR-2026-01846,Synthetic Social Engineering Observation,SOCIAL ENGINEERING,FILE HASH,220d46ab665540a2224199506aea9a5d8b7c0b52fe3d699b2999a7ad96155d39,Community Submission,C,49,LOW,53.8,FALSE_POSITIVE,2025-03-11,2025-04-07,SYNTHETIC / DEMO ONLY. Defensive analytics record.,Credential Access,Data from Local System
THR-2026-01847,Synthetic Web Threats Observation,WEB THREATS,URL,https://example.com/demo/1847,Security Vendor,B,37,HIGH,62.6,CLOSED,2025-06-23,2025-07-04,SYNTHETIC / DEMO ONLY. Defensive analytics record.,Exfiltration,Application Layer Protocol
THR-2026-01848,Synthetic Ransomware Observation,RANSOMWARE,EMAIL/SENDER DOMAIN,example.com,Community Submission,C,47,HIGH,60.6,FALSE_POSITIVE,2025-09-19,2025-09-28,SYNTHETIC / DEMO ONLY. Defensive analytics record.,Exfiltration,Data from Local System
THR-2026-01849,Synthetic Account Security Observation,ACCOUNT SECURITY,DOMAIN,example.org,Security Vendor,B,69,MEDIUM,71.5,CLOSED,2025-02-10,2025-02-10,SYNTHETIC / DEMO ONLY. Defensive analytics record.,Discovery,Valid Accounts
THR-2026-01850,Synthetic Account Security Observation,ACCOUNT SECURITY,EMAIL/SENDER DOMAIN,example.com,Public Threat Feed,B,95,INFORMATIONAL,59.8,MONITORING,2025-05-30,2025-06-17,SYNTHETIC / DEMO ONLY. Defensive analytics record.,Initial Access,Application Layer Protocol
THR-2026-01851,Synthetic Account Security Observation,ACCOUNT SECURITY,EMAIL/SENDER DOMAIN,example.org,Internal SOC,A,35,MEDIUM,64.45,CLOSED,2025-07-28,2025-08-18,SYNTHETIC / DEMO ONLY. Defensive analytics record.,Discovery,Data from Local System
THR-2026-01852,Synthetic Network Threats Observation,NETWORK THREATS,CVE ID,CVE-2026-2852,Community Submission,C,71,HIGH,64.9,FALSE_POSITIVE,2025-04-16,2025-04-22,SYNTHETIC / DEMO ONLY. Defensive analytics record.,Exfiltration,Network Service Discovery
THR-2026-01853,Synthetic Malware Observation,MALWARE,FILE HASH,06bbe5a7ef657dc799d08664d8856d0180c5d77563881379b85f9d833654e704,Public Threat Feed,B,93,MEDIUM,76.55,FALSE_POSITIVE,2025-09-18,2025-09-30,SYNTHETIC / DEMO ONLY. Defensive analytics record.,Exfiltration,Data from Local System
THR-2026-01854,Synthetic Malware Observation,MALWARE,FILE HASH,0f46a96cbf9b70aa21e456142d319b593e8a5c58a346839ca87e4f904417c0e8,Community Submission,C,38,MEDIUM,50.55,FALSE_POSITIVE,2025-12-27,2026-01-21,SYNTHETIC / DEMO ONLY. Defensive analytics record.,Credential Access,Data from Local System
THR-2026-01855,Synthetic Vulnerability Exposure Observation,VULNERABILITY EXPOSURE,IP ADDRESS,192.0.2.78,Security Vendor,B,50,MEDIUM,49.6,CLOSED,2025-10-22,2025-11-21,SYNTHETIC / DEMO ONLY. Defensive analytics record.,Initial Access,Application Layer Protocol
THR-2026-01856,Synthetic Vulnerability Exposure Observation,VULNERABILITY EXPOSURE,URL,https://example.com/demo/1856,Internal SOC,A,37,MEDIUM,54.45,MONITORING,2025-04-03,2025-04-29,SYNTHETIC / DEMO ONLY. Defensive analytics record.,Discovery,Data from Local System
THR-2026-01857,Synthetic Malware Observation,MALWARE,DOMAIN,example.org,Community Submission,C,59,INFORMATIONAL,44.2,FALSE_POSITIVE,2025-04-29,2025-05-08,SYNTHETIC / DEMO ONLY. Defensive analytics record.,Exfiltration,Valid Accounts
THR-2026-01858,Synthetic Account Security Observation,ACCOUNT SECURITY,EMAIL/SENDER DOMAIN,example.com,Public Threat Feed,B,48,HIGH,68.4,UNDER_REVIEW,2025-09-02,2025-09-02,SYNTHETIC / DEMO ONLY. Defensive analytics record.,Command and Control,Network Service Discovery
THR-2026-01859,Synthetic Phishing Observation,PHISHING,IP ADDRESS,192.0.2.82,Internal SOC,A,79,INFORMATIONAL,59.7,FALSE_POSITIVE,2025-11-10,2025-11-28,SYNTHETIC / DEMO ONLY. Defensive analytics record.,Discovery,Valid Accounts
THR-2026-01860,Synthetic Phishing Observation,PHISHING,URL,https://example.com/demo/1860,Internal SOC,A,68,MEDIUM,65.7,MONITORING,2025-03-30,2025-04-20,SYNTHETIC / DEMO ONLY. Defensive analytics record.,Command and Control,Application Layer Protocol
THR-2026-01861,Synthetic Account Security Observation,ACCOUNT SECURITY,IP ADDRESS,192.0.2.84,Research Report,C,37,MEDIUM,54.7,CLOSED,2025-05-05,2025-05-10,SYNTHETIC / DEMO ONLY. Defensive analytics record.,Initial Access,Phishing
THR-2026-01862,Synthetic Malware Observation,MALWARE,CVE ID,CVE-2026-2862,Research Report,C,82,HIGH,67.35,MONITORING,2025-09-05,2025-09-13,SYNTHETIC / DEMO ONLY. Defensive analytics record.,Discovery,Network Service Discovery
THR-2026-01863,Synthetic Ransomware Observation,RANSOMWARE,EMAIL/SENDER DOMAIN,example.org,Internal SOC,A,85,MEDIUM,68.3,CLOSED,2025-05-30,2025-06-16,SYNTHETIC / DEMO ONLY. Defensive analytics record.,Discovery,Valid Accounts
THR-2026-01864,Synthetic Web Threats Observation,WEB THREATS,IP ADDRESS,192.0.2.87,Security Vendor,B,49,MEDIUM,60.65,CLOSED,2025-03-02,2025-03-15,SYNTHETIC / DEMO ONLY. Defensive analytics record.,Credential Access,Network Service Discovery
THR-2026-01865,Synthetic Vulnerability Exposure Observation,VULNERABILITY EXPOSURE,DOMAIN,example.org,Security Vendor,B,50,LOW,47.35,MONITORING,2025-09-03,2025-09-09,SYNTHETIC / DEMO ONLY. Defensive analytics record.,Command and Control,Phishing
THR-2026-01866,Synthetic Web Threats Observation,WEB THREATS,FILE HASH,ac41c0d50124cde373f383b422b5552b509c174b76bc69618ec8ddf8a9b5900a,Research Report,C,73,MEDIUM,63.25,UNDER_REVIEW,2025-06-25,2025-07-14,SYNTHETIC / DEMO ONLY. Defensive analytics record.,Exfiltration,Application Layer Protocol
THR-2026-01867,Synthetic Network Threats Observation,NETWORK THREATS,DOMAIN,demo.invalid,Security Vendor,B,63,LOW,48.45,MONITORING,2025-11-21,2025-11-25,SYNTHETIC / DEMO ONLY. Defensive analytics record.,Discovery,Network Service Discovery
THR-2026-01868,Synthetic Credential Threats Observation,CREDENTIAL THREATS,IP ADDRESS,192.0.2.91,Community Submission,C,42,LOW,40.15,UNDER_REVIEW,2025-10-28,2025-11-18,SYNTHETIC / DEMO ONLY. Defensive analytics record.,Initial Access,Phishing
THR-2026-01869,Synthetic Social Engineering Observation,SOCIAL ENGINEERING,DOMAIN,example.org,Unknown Source,D,53,CRITICAL,75.9,MONITORING,2025-10-13,2025-10-26,SYNTHETIC / DEMO ONLY. Defensive analytics record.,Exfiltration,Data from Local System
THR-2026-01870,Synthetic Credential Threats Observation,CREDENTIAL THREATS,EMAIL/SENDER DOMAIN,example.com,Public Threat Feed,B,76,MEDIUM,64.25,MONITORING,2025-10-01,2025-10-19,SYNTHETIC / DEMO ONLY. Defensive analytics record.,Credential Access,Network Service Discovery
THR-2026-01871,Synthetic Ransomware Observation,RANSOMWARE,CVE ID,CVE-2026-2871,Internal SOC,A,86,HIGH,74.2,FALSE_POSITIVE,2025-04-26,2025-05-07,SYNTHETIC / DEMO ONLY. Defensive analytics record.,Initial Access,Application Layer Protocol
THR-2026-01872,Synthetic Malware Observation,MALWARE,IP ADDRESS,192.0.2.95,Internal SOC,A,41,MEDIUM,59.2,CLOSED,2025-11-15,2025-11-23,SYNTHETIC / DEMO ONLY. Defensive analytics record.,Command and Control,Network Service Discovery
THR-2026-01873,Synthetic Web Threats Observation,WEB THREATS,FILE HASH,ccb4b5b61c1a9797bbb6f227b9699c4308eddb9451c1dada8d7345e15b9299ee,Public Threat Feed,B,62,LOW,48.5,FALSE_POSITIVE,2025-05-22,2025-06-18,SYNTHETIC / DEMO ONLY. Defensive analytics record.,Discovery,Phishing
THR-2026-01874,Synthetic Social Engineering Observation,SOCIAL ENGINEERING,IP ADDRESS,192.0.2.97,Public Threat Feed,B,93,MEDIUM,63.9,NEW,2025-02-27,2025-03-05,SYNTHETIC / DEMO ONLY. Defensive analytics record.,Discovery,Valid Accounts
THR-2026-01875,Synthetic Social Engineering Observation,SOCIAL ENGINEERING,EMAIL/SENDER DOMAIN,example.org,Security Vendor,B,59,MEDIUM,57.5,NEW,2025-05-31,2025-06-02,SYNTHETIC / DEMO ONLY. Defensive analytics record.,Credential Access,Valid Accounts
THR-2026-01876,Synthetic Data Exposure Observation,DATA EXPOSURE,EMAIL/SENDER DOMAIN,example.com,Research Report,C,39,CRITICAL,74.15,UNDER_REVIEW,2025-04-03,2025-05-01,SYNTHETIC / DEMO ONLY. Defensive analytics record.,Exfiltration,Phishing
THR-2026-01877,Synthetic Network Threats Observation,NETWORK THREATS,DOMAIN,example.org,Research Report,C,60,MEDIUM,55.0,MONITORING,2025-05-24,2025-05-29,SYNTHETIC / DEMO ONLY. Defensive analytics record.,Initial Access,Network Service Discovery
THR-2026-01878,Synthetic Ransomware Observation,RANSOMWARE,IP ADDRESS,192.0.2.101,Public Threat Feed,B,87,MEDIUM,63.9,FALSE_POSITIVE,2025-09-08,2025-09-23,SYNTHETIC / DEMO ONLY. Defensive analytics record.,Initial Access,Phishing
THR-2026-01879,Synthetic Data Exposure Observation,DATA EXPOSURE,EMAIL/SENDER DOMAIN,example.org,Public Threat Feed,B,89,HIGH,79.3,CLOSED,2025-08-05,2025-08-13,SYNTHETIC / DEMO ONLY. Defensive analytics record.,Command and Control,Phishing
THR-2026-01880,Synthetic Social Engineering Observation,SOCIAL ENGINEERING,FILE HASH,d8af54ec564b5073642262083b6a3c854f8aaa8edee683a9b6209204fc0dcbe0,Security Vendor,B,85,HIGH,71.85,CLOSED,2025-09-09,2025-09-15,SYNTHETIC / DEMO ONLY. Defensive analytics record.,Credential Access,Data from Local System
THR-2026-01881,Synthetic Account Security Observation,ACCOUNT SECURITY,EMAIL/SENDER DOMAIN,example.org,Research Report,C,90,MEDIUM,61.05,FALSE_POSITIVE,2025-02-23,2025-03-13,SYNTHETIC / DEMO ONLY. Defensive analytics record.,Exfiltration,Phishing
THR-2026-01882,Synthetic Phishing Observation,PHISHING,IP ADDRESS,192.0.2.105,Community Submission,C,78,INFORMATIONAL,53.65,UNDER_REVIEW,2025-12-24,2026-01-10,SYNTHETIC / DEMO ONLY. Defensive analytics record.,Discovery,Valid Accounts
THR-2026-01883,Synthetic Malware Observation,MALWARE,CVE ID,CVE-2026-2883,Community Submission,C,87,LOW,64.35,MONITORING,2025-08-07,2025-08-12,SYNTHETIC / DEMO ONLY. Defensive analytics record.,Command and Control,Network Service Discovery
THR-2026-01884,Synthetic Data Exposure Observation,DATA EXPOSURE,EMAIL/SENDER DOMAIN,example.com,Unknown Source,D,93,MEDIUM,69.9,MONITORING,2025-10-06,2025-10-23,SYNTHETIC / DEMO ONLY. Defensive analytics record.,Command and Control,Network Service Discovery
THR-2026-01885,Synthetic Account Security Observation,ACCOUNT SECURITY,URL,https://example.com/demo/1885,Security Vendor,B,49,HIGH,60.85,CLOSED,2025-10-20,2025-10-22,SYNTHETIC / DEMO ONLY. Defensive analytics record.,Exfiltration,Application Layer Protocol
THR-2026-01886,Synthetic Data Exposure Observation,DATA EXPOSURE,EMAIL/SENDER DOMAIN,example.com,Unknown Source,D,44,HIGH,57.9,FALSE_POSITIVE,2025-03-31,2025-04-06,SYNTHETIC / DEMO ONLY. Defensive analytics record.,Command and Control,Phishing
THR-2026-01887,Synthetic Social Engineering Observation,SOCIAL ENGINEERING,IP ADDRESS,192.0.2.110,Community Submission,C,73,CRITICAL,70.75,UNDER_REVIEW,2025-08-18,2025-09-12,SYNTHETIC / DEMO ONLY. Defensive analytics record.,Command and Control,Application Layer Protocol
THR-2026-01888,Synthetic Ransomware Observation,RANSOMWARE,EMAIL/SENDER DOMAIN,example.com,Community Submission,C,48,CRITICAL,60.15,UNDER_REVIEW,2025-02-09,2025-02-09,SYNTHETIC / DEMO ONLY. Defensive analytics record.,Exfiltration,Data from Local System
THR-2026-01889,Synthetic Network Threats Observation,NETWORK THREATS,FILE HASH,fd27a44d22dc9f775c9267836a5399b124d9cc526b59c61987d786edcaaaea44,Internal SOC,A,45,HIGH,70.7,FALSE_POSITIVE,2025-04-25,2025-05-21,SYNTHETIC / DEMO ONLY. Defensive analytics record.,Initial Access,Network Service Discovery
THR-2026-01890,Synthetic Network Threats Observation,NETWORK THREATS,EMAIL/SENDER DOMAIN,example.com,Internal SOC,A,56,INFORMATIONAL,47.8,MONITORING,2025-03-12,2025-03-13,SYNTHETIC / DEMO ONLY. Defensive analytics record.,Discovery,Valid Accounts
THR-2026-01891,Synthetic Data Exposure Observation,DATA EXPOSURE,FILE HASH,29adbfd39979550e8a81059e662851084f5efc3abd915e3c2e1ffa75d6d94f11,Community Submission,C,61,CRITICAL,67.4,MONITORING,2025-02-14,2025-03-12,SYNTHETIC / DEMO ONLY. Defensive analytics record.,Exfiltration,Data from Local System
THR-2026-01892,Synthetic Phishing Observation,PHISHING,CVE ID,CVE-2026-2892,Unknown Source,D,36,MEDIUM,51.4,CLOSED,2025-10-29,2025-11-19,SYNTHETIC / DEMO ONLY. Defensive analytics record.,Initial Access,Phishing
THR-2026-01893,Synthetic Malware Observation,MALWARE,EMAIL/SENDER DOMAIN,example.org,Community Submission,C,45,LOW,42.7,FALSE_POSITIVE,2025-10-29,2025-11-25,SYNTHETIC / DEMO ONLY. Defensive analytics record.,Command and Control,Network Service Discovery
THR-2026-01894,Synthetic Ransomware Observation,RANSOMWARE,CVE ID,CVE-2026-2894,Public Threat Feed,B,50,HIGH,60.6,FALSE_POSITIVE,2025-03-14,2025-03-15,SYNTHETIC / DEMO ONLY. Defensive analytics record.,Discovery,Data from Local System
THR-2026-01895,Synthetic Malware Observation,MALWARE,EMAIL/SENDER DOMAIN,example.org,Internal SOC,A,71,HIGH,63.5,CLOSED,2025-08-01,2025-08-07,SYNTHETIC / DEMO ONLY. Defensive analytics record.,Credential Access,Application Layer Protocol
THR-2026-01896,Synthetic Malware Observation,MALWARE,URL,https://example.com/demo/1896,Community Submission,C,98,CRITICAL,80.8,CLOSED,2025-10-22,2025-11-20,SYNTHETIC / DEMO ONLY. Defensive analytics record.,Initial Access,Valid Accounts
THR-2026-01897,Synthetic Network Threats Observation,NETWORK THREATS,EMAIL/SENDER DOMAIN,example.org,Research Report,C,66,HIGH,64.25,NEW,2025-02-19,2025-02-20,SYNTHETIC / DEMO ONLY. Defensive analytics record.,Discovery,Data from Local System
THR-2026-01898,Synthetic Network Threats Observation,NETWORK THREATS,FILE HASH,cdff176ea74e78ab50788412d0d8ab6a2bcf3890286d0e5fbd066f2eb8c7fed8,Unknown Source,D,72,LOW,48.25,CLOSED,2025-02-02,2025-02-12,SYNTHETIC / DEMO ONLY. Defensive analytics record.,Command and Control,Valid Accounts
THR-2026-01899,Synthetic Account Security Observation,ACCOUNT SECURITY,FILE HASH,969979b42af0d09f759c45ece0a37e5934755377e0303b27d3997d7a52f063a3,Public Threat Feed,B,79,MEDIUM,56.35,CLOSED,2025-08-06,2025-08-13,SYNTHETIC / DEMO ONLY. Defensive analytics record.,Exfiltration,Phishing
THR-2026-01900,Synthetic Ransomware Observation,RANSOMWARE,EMAIL/SENDER DOMAIN,example.com,Research Report,C,97,CRITICAL,76.25,FALSE_POSITIVE,2025-10-12,2025-10-29,SYNTHETIC / DEMO ONLY. Defensive analytics record.,Command and Control,Application Layer Protocol
THR-2026-01901,Synthetic Vulnerability Exposure Observation,VULNERABILITY EXPOSURE,IP ADDRESS,192.0.2.124,Security Vendor,B,72,MEDIUM,59.9,MONITORING,2025-06-22,2025-07-17,SYNTHETIC / DEMO ONLY. Defensive analytics record.,Discovery,Phishing
THR-2026-01902,Synthetic Vulnerability Exposure Observation,VULNERABILITY EXPOSURE,IP ADDRESS,192.0.2.125,Internal SOC,A,94,INFORMATIONAL,55.1,MONITORING,2025-04-02,2025-04-29,SYNTHETIC / DEMO ONLY. Defensive analytics record.,Command and Control,Network Service Discovery
THR-2026-01903,Synthetic Phishing Observation,PHISHING,URL,https://example.com/demo/1903,Internal SOC,A,59,CRITICAL,85.3,CLOSED,2026-01-01,2026-01-05,SYNTHETIC / DEMO ONLY. Defensive analytics record.,Credential Access,Phishing
THR-2026-01904,Synthetic Web Threats Observation,WEB THREATS,DOMAIN,example.com,Security Vendor,B,89,MEDIUM,64.3,MONITORING,2025-08-20,2025-09-09,SYNTHETIC / DEMO ONLY. Defensive analytics record.,Discovery,Application Layer Protocol
THR-2026-01905,Synthetic Malware Observation,MALWARE,EMAIL/SENDER DOMAIN,example.org,Security Vendor,B,75,HIGH,65.85,NEW,2025-06-05,2025-06-23,SYNTHETIC / DEMO ONLY. Defensive analytics record.,Command and Control,Application Layer Protocol
THR-2026-01906,Synthetic Vulnerability Exposure Observation,VULNERABILITY EXPOSURE,URL,https://example.com/demo/1906,Unknown Source,D,35,HIGH,55.75,MONITORING,2025-04-18,2025-05-05,SYNTHETIC / DEMO ONLY. Defensive analytics record.,Exfiltration,Data from Local System
THR-2026-01907,Synthetic Social Engineering Observation,SOCIAL ENGINEERING,URL,https://example.com/demo/1907,Public Threat Feed,B,49,HIGH,66.45,CLOSED,2025-04-01,2025-04-24,SYNTHETIC / DEMO ONLY. Defensive analytics record.,Credential Access,Application Layer Protocol
THR-2026-01908,Synthetic Malware Observation,MALWARE,FILE HASH,5226cb041b07ce9bda1a9bd1410d1f8a7154a016ddc631459b41afd60481bcb3,Security Vendor,B,37,MEDIUM,62.35,NEW,2025-03-21,2025-03-24,SYNTHETIC / DEMO ONLY. Defensive analytics record.,Command and Control,Network Service Discovery
THR-2026-01909,Synthetic Phishing Observation,PHISHING,DOMAIN,example.org,Security Vendor,B,43,MEDIUM,59.8,CLOSED,2025-03-27,2025-04-11,SYNTHETIC / DEMO ONLY. Defensive analytics record.,Discovery,Data from Local System
THR-2026-01910,Synthetic Credential Threats Observation,CREDENTIAL THREATS,CVE ID,CVE-2026-2910,Research Report,C,71,LOW,53.4,UNDER_REVIEW,2025-08-26,2025-08-29,SYNTHETIC / DEMO ONLY. Defensive analytics record.,Initial Access,Data from Local System
THR-2026-01911,Synthetic Phishing Observation,PHISHING,EMAIL/SENDER DOMAIN,example.org,Public Threat Feed,B,59,CRITICAL,73.4,UNDER_REVIEW,2025-09-28,2025-10-15,SYNTHETIC / DEMO ONLY. Defensive analytics record.,Command and Control,Valid Accounts
THR-2026-01912,Synthetic Network Threats Observation,NETWORK THREATS,URL,https://example.com/demo/1912,Internal SOC,A,68,HIGH,62.05,NEW,2025-11-19,2025-12-08,SYNTHETIC / DEMO ONLY. Defensive analytics record.,Discovery,Application Layer Protocol
THR-2026-01913,Synthetic Social Engineering Observation,SOCIAL ENGINEERING,DOMAIN,example.org,Public Threat Feed,B,43,INFORMATIONAL,35.1,MONITORING,2025-01-13,2025-01-31,SYNTHETIC / DEMO ONLY. Defensive analytics record.,Initial Access,Data from Local System
THR-2026-01914,Synthetic Credential Threats Observation,CREDENTIAL THREATS,DOMAIN,example.net,Security Vendor,B,44,MEDIUM,57.95,MONITORING,2025-01-01,2025-01-20,SYNTHETIC / DEMO ONLY. Defensive analytics record.,Initial Access,Valid Accounts
THR-2026-01915,Synthetic Ransomware Observation,RANSOMWARE,URL,https://example.com/demo/1915,Research Report,C,38,MEDIUM,62.65,CLOSED,2025-10-16,2025-11-08,SYNTHETIC / DEMO ONLY. Defensive analytics record.,Discovery,Data from Local System
THR-2026-01916,Synthetic Vulnerability Exposure Observation,VULNERABILITY EXPOSURE,DOMAIN,example.com,Public Threat Feed,B,45,LOW,47.25,NEW,2025-09-29,2025-10-08,SYNTHETIC / DEMO ONLY. Defensive analytics record.,Discovery,Valid Accounts
THR-2026-01917,Synthetic Ransomware Observation,RANSOMWARE,FILE HASH,bbf66cdbc1cff4054b750f133a6ceed6ba7f8c3110a40747869f9cb7a3664740,Community Submission,C,41,LOW,37.75,CLOSED,2025-06-20,2025-07-06,SYNTHETIC / DEMO ONLY. Defensive analytics record.,Initial Access,Application Layer Protocol
THR-2026-01918,Synthetic Credential Threats Observation,CREDENTIAL THREATS,IP ADDRESS,192.0.2.141,Security Vendor,B,86,MEDIUM,61.35,NEW,2025-10-16,2025-11-09,SYNTHETIC / DEMO ONLY. Defensive analytics record.,Initial Access,Data from Local System
THR-2026-01919,Synthetic Network Threats Observation,NETWORK THREATS,DOMAIN,demo.invalid,Research Report,C,52,MEDIUM,57.05,FALSE_POSITIVE,2025-09-23,2025-10-06,SYNTHETIC / DEMO ONLY. Defensive analytics record.,Exfiltration,Phishing
THR-2026-01920,Synthetic Phishing Observation,PHISHING,URL,https://example.com/demo/1920,Community Submission,C,75,MEDIUM,48.5,UNDER_REVIEW,2025-04-23,2025-04-30,SYNTHETIC / DEMO ONLY. Defensive analytics record.,Discovery,Data from Local System
THR-2026-01921,Synthetic Phishing Observation,PHISHING,IP ADDRESS,192.0.2.144,Security Vendor,B,94,HIGH,65.0,UNDER_REVIEW,2025-01-31,2025-02-14,SYNTHETIC / DEMO ONLY. Defensive analytics record.,Credential Access,Phishing
THR-2026-01922,Synthetic Malware Observation,MALWARE,DOMAIN,example.net,Research Report,C,40,MEDIUM,62.25,CLOSED,2025-11-24,2025-12-14,SYNTHETIC / DEMO ONLY. Defensive analytics record.,Command and Control,Valid Accounts
THR-2026-01923,Synthetic Ransomware Observation,RANSOMWARE,IP ADDRESS,192.0.2.146,Public Threat Feed,B,75,INFORMATIONAL,55.2,NEW,2025-11-05,2025-11-20,SYNTHETIC / DEMO ONLY. Defensive analytics record.,Exfiltration,Valid Accounts
THR-2026-01924,Synthetic Data Exposure Observation,DATA EXPOSURE,IP ADDRESS,192.0.2.147,Internal SOC,A,93,MEDIUM,66.7,UNDER_REVIEW,2025-06-07,2025-06-08,SYNTHETIC / DEMO ONLY. Defensive analytics record.,Credential Access,Network Service Discovery
THR-2026-01925,Synthetic Web Threats Observation,WEB THREATS,DOMAIN,example.org,Security Vendor,B,46,LOW,49.6,UNDER_REVIEW,2025-10-20,2025-10-30,SYNTHETIC / DEMO ONLY. Defensive analytics record.,Credential Access,Data from Local System
THR-2026-01926,Synthetic Web Threats Observation,WEB THREATS,IP ADDRESS,192.0.2.149,Unknown Source,D,37,LOW,44.75,CLOSED,2025-05-18,2025-06-12,SYNTHETIC / DEMO ONLY. Defensive analytics record.,Credential Access,Application Layer Protocol
THR-2026-01927,Synthetic Account Security Observation,ACCOUNT SECURITY,IP ADDRESS,192.0.2.150,Security Vendor,B,88,LOW,69.0,UNDER_REVIEW,2025-07-24,2025-07-27,SYNTHETIC / DEMO ONLY. Defensive analytics record.,Credential Access,Application Layer Protocol
THR-2026-01928,Synthetic Vulnerability Exposure Observation,VULNERABILITY EXPOSURE,IP ADDRESS,192.0.2.151,Community Submission,C,73,HIGH,73.2,MONITORING,2025-01-20,2025-01-24,SYNTHETIC / DEMO ONLY. Defensive analytics record.,Discovery,Network Service Discovery
THR-2026-01929,Synthetic Account Security Observation,ACCOUNT SECURITY,EMAIL/SENDER DOMAIN,example.org,Research Report,C,39,MEDIUM,42.5,NEW,2025-03-13,2025-04-03,SYNTHETIC / DEMO ONLY. Defensive analytics record.,Discovery,Data from Local System
THR-2026-01930,Synthetic Account Security Observation,ACCOUNT SECURITY,IP ADDRESS,192.0.2.153,Research Report,C,86,LOW,63.6,CLOSED,2025-04-02,2025-04-30,SYNTHETIC / DEMO ONLY. Defensive analytics record.,Discovery,Application Layer Protocol
THR-2026-01931,Synthetic Data Exposure Observation,DATA EXPOSURE,FILE HASH,bf00bdbe997420c85e98547cd53ad73ccba06f904727d0cd9fa1437a5e995281,Community Submission,C,88,HIGH,68.95,NEW,2025-06-21,2025-06-22,SYNTHETIC / DEMO ONLY. Defensive analytics record.,Exfiltration,Data from Local System
THR-2026-01932,Synthetic Web Threats Observation,WEB THREATS,URL,https://example.com/demo/1932,Internal SOC,A,64,MEDIUM,65.25,FALSE_POSITIVE,2025-03-18,2025-03-21,SYNTHETIC / DEMO ONLY. Defensive analytics record.,Initial Access,Application Layer Protocol
THR-2026-01933,Synthetic Web Threats Observation,WEB THREATS,EMAIL/SENDER DOMAIN,example.org,Security Vendor,B,45,HIGH,59.95,FALSE_POSITIVE,2025-12-07,2025-12-19,SYNTHETIC / DEMO ONLY. Defensive analytics record.,Exfiltration,Valid Accounts
THR-2026-01934,Synthetic Vulnerability Exposure Observation,VULNERABILITY EXPOSURE,EMAIL/SENDER DOMAIN,example.com,Unknown Source,D,51,CRITICAL,63.3,MONITORING,2025-08-12,2025-08-29,SYNTHETIC / DEMO ONLY. Defensive analytics record.,Exfiltration,Application Layer Protocol
THR-2026-01935,Synthetic Web Threats Observation,WEB THREATS,FILE HASH,6d7659319e5830f7d28a78558922d71f65efd9dd0736d9efceaf5f3e4085049b,Internal SOC,A,55,CRITICAL,70.25,MONITORING,2025-04-06,2025-04-19,SYNTHETIC / DEMO ONLY. Defensive analytics record.,Discovery,Application Layer Protocol
THR-2026-01936,Synthetic Ransomware Observation,RANSOMWARE,DOMAIN,example.com,Internal SOC,A,56,HIGH,58.65,UNDER_REVIEW,2025-04-25,2025-05-16,SYNTHETIC / DEMO ONLY. Defensive analytics record.,Initial Access,Network Service Discovery
THR-2026-01937,Synthetic Network Threats Observation,NETWORK THREATS,IP ADDRESS,192.0.2.160,Security Vendor,B,35,HIGH,45.75,CLOSED,2025-03-27,2025-04-12,SYNTHETIC / DEMO ONLY. Defensive analytics record.,Credential Access,Network Service Discovery
THR-2026-01938,Synthetic Vulnerability Exposure Observation,VULNERABILITY EXPOSURE,FILE HASH,1eacbbbf87e641512aa65d3a7b413b2de5a19923544606688a95bca9e9a51fec,Internal SOC,A,35,LOW,48.25,FALSE_POSITIVE,2025-03-15,2025-04-08,SYNTHETIC / DEMO ONLY. Defensive analytics record.,Initial Access,Phishing
THR-2026-01939,Synthetic Web Threats Observation,WEB THREATS,IP ADDRESS,192.0.2.162,Internal SOC,A,37,MEDIUM,55.3,UNDER_REVIEW,2025-03-17,2025-04-10,SYNTHETIC / DEMO ONLY. Defensive analytics record.,Credential Access,Valid Accounts
THR-2026-01940,Synthetic Social Engineering Observation,SOCIAL ENGINEERING,DOMAIN,example.com,Unknown Source,D,93,CRITICAL,83.1,FALSE_POSITIVE,2025-06-17,2025-06-17,SYNTHETIC / DEMO ONLY. Defensive analytics record.,Discovery,Network Service Discovery
THR-2026-01941,Synthetic Data Exposure Observation,DATA EXPOSURE,IP ADDRESS,192.0.2.164,Community Submission,C,89,CRITICAL,80.1,NEW,2025-08-29,2025-08-30,SYNTHETIC / DEMO ONLY. Defensive analytics record.,Initial Access,Data from Local System
THR-2026-01942,Synthetic Account Security Observation,ACCOUNT SECURITY,EMAIL/SENDER DOMAIN,example.com,Security Vendor,B,66,MEDIUM,54.95,CLOSED,2025-08-29,2025-09-28,SYNTHETIC / DEMO ONLY. Defensive analytics record.,Initial Access,Phishing
THR-2026-01943,Synthetic Data Exposure Observation,DATA EXPOSURE,IP ADDRESS,192.0.2.166,Unknown Source,D,82,MEDIUM,63.65,FALSE_POSITIVE,2025-04-20,2025-04-24,SYNTHETIC / DEMO ONLY. Defensive analytics record.,Discovery,Valid Accounts
THR-2026-01944,Synthetic Phishing Observation,PHISHING,DOMAIN,example.com,Unknown Source,D,36,HIGH,52.0,UNDER_REVIEW,2025-07-20,2025-08-13,SYNTHETIC / DEMO ONLY. Defensive analytics record.,Discovery,Application Layer Protocol
THR-2026-01945,Synthetic Vulnerability Exposure Observation,VULNERABILITY EXPOSURE,IP ADDRESS,192.0.2.168,Research Report,C,67,MEDIUM,62.75,CLOSED,2025-06-08,2025-06-21,SYNTHETIC / DEMO ONLY. Defensive analytics record.,Credential Access,Phishing
THR-2026-01946,Synthetic Malware Observation,MALWARE,IP ADDRESS,192.0.2.169,Public Threat Feed,B,37,MEDIUM,51.7,UNDER_REVIEW,2025-01-14,2025-01-30,SYNTHETIC / DEMO ONLY. Defensive analytics record.,Credential Access,Valid Accounts
THR-2026-01947,Synthetic Data Exposure Observation,DATA EXPOSURE,FILE HASH,36f581abc5ed05c4f5a2113d153df2171331a57e2cf63bb3cb08fcbe0f5063f6,Public Threat Feed,B,35,MEDIUM,49.05,MONITORING,2025-12-15,2025-12-31,SYNTHETIC / DEMO ONLY. Defensive analytics record.,Exfiltration,Phishing
THR-2026-01948,Synthetic Social Engineering Observation,SOCIAL ENGINEERING,URL,https://example.com/demo/1948,Security Vendor,B,94,HIGH,72.15,UNDER_REVIEW,2025-06-05,2025-06-14,SYNTHETIC / DEMO ONLY. Defensive analytics record.,Credential Access,Network Service Discovery
THR-2026-01949,Synthetic Social Engineering Observation,SOCIAL ENGINEERING,IP ADDRESS,192.0.2.172,Internal SOC,A,55,INFORMATIONAL,50.15,MONITORING,2025-10-22,2025-11-08,SYNTHETIC / DEMO ONLY. Defensive analytics record.,Initial Access,Data from Local System
THR-2026-01950,Synthetic Malware Observation,MALWARE,CVE ID,CVE-2026-2950,Internal SOC,A,57,MEDIUM,64.3,MONITORING,2025-03-18,2025-03-18,SYNTHETIC / DEMO ONLY. Defensive analytics record.,Command and Control,Phishing
THR-2026-01951,Synthetic Phishing Observation,PHISHING,IP ADDRESS,192.0.2.174,Security Vendor,B,63,MEDIUM,55.1,NEW,2025-06-06,2025-06-06,SYNTHETIC / DEMO ONLY. Defensive analytics record.,Initial Access,Valid Accounts
THR-2026-01952,Synthetic Data Exposure Observation,DATA EXPOSURE,DOMAIN,example.com,Research Report,C,46,MEDIUM,42.85,UNDER_REVIEW,2025-09-21,2025-10-19,SYNTHETIC / DEMO ONLY. Defensive analytics record.,Exfiltration,Application Layer Protocol
THR-2026-01953,Synthetic Malware Observation,MALWARE,URL,https://example.com/demo/1953,Internal SOC,A,68,LOW,55.15,CLOSED,2025-04-22,2025-05-15,SYNTHETIC / DEMO ONLY. Defensive analytics record.,Command and Control,Network Service Discovery
THR-2026-01954,Synthetic Credential Threats Observation,CREDENTIAL THREATS,CVE ID,CVE-2026-2954,Public Threat Feed,B,74,CRITICAL,71.65,UNDER_REVIEW,2025-01-31,2025-02-05,SYNTHETIC / DEMO ONLY. Defensive analytics record.,Command and Control,Application Layer Protocol
THR-2026-01955,Synthetic Credential Threats Observation,CREDENTIAL THREATS,CVE ID,CVE-2026-2955,Internal SOC,A,48,MEDIUM,57.35,MONITORING,2025-09-02,2025-09-02,SYNTHETIC / DEMO ONLY. Defensive analytics record.,Command and Control,Valid Accounts
THR-2026-01956,Synthetic Web Threats Observation,WEB THREATS,FILE HASH,791982517bcaa2dd2307051041ed6cb1765e50efbb23a73fa778f746da0c379f,Public Threat Feed,B,65,HIGH,73.7,CLOSED,2025-11-20,2025-12-05,SYNTHETIC / DEMO ONLY. Defensive analytics record.,Exfiltration,Valid Accounts
THR-2026-01957,Synthetic Ransomware Observation,RANSOMWARE,URL,https://example.com/demo/1957,Unknown Source,D,51,HIGH,60.7,FALSE_POSITIVE,2025-05-15,2025-05-15,SYNTHETIC / DEMO ONLY. Defensive analytics record.,Command and Control,Application Layer Protocol
THR-2026-01958,Synthetic Vulnerability Exposure Observation,VULNERABILITY EXPOSURE,URL,https://example.com/demo/1958,Research Report,C,54,CRITICAL,62.65,CLOSED,2025-02-17,2025-03-17,SYNTHETIC / DEMO ONLY. Defensive analytics record.,Command and Control,Data from Local System
THR-2026-01959,Synthetic Social Engineering Observation,SOCIAL ENGINEERING,EMAIL/SENDER DOMAIN,example.org,Public Threat Feed,B,72,HIGH,71.35,FALSE_POSITIVE,2025-01-27,2025-02-01,SYNTHETIC / DEMO ONLY. Defensive analytics record.,Initial Access,Valid Accounts
THR-2026-01960,Synthetic Network Threats Observation,NETWORK THREATS,IP ADDRESS,192.0.2.183,Internal SOC,A,73,INFORMATIONAL,61.65,UNDER_REVIEW,2025-07-31,2025-08-04,SYNTHETIC / DEMO ONLY. Defensive analytics record.,Credential Access,Network Service Discovery
THR-2026-01961,Synthetic Web Threats Observation,WEB THREATS,DOMAIN,example.org,Public Threat Feed,B,88,MEDIUM,74.2,NEW,2025-10-15,2025-11-14,SYNTHETIC / DEMO ONLY. Defensive analytics record.,Credential Access,Phishing
THR-2026-01962,Synthetic Network Threats Observation,NETWORK THREATS,CVE ID,CVE-2026-2962,Public Threat Feed,B,80,MEDIUM,60.95,UNDER_REVIEW,2025-03-13,2025-04-07,SYNTHETIC / DEMO ONLY. Defensive analytics record.,Initial Access,Application Layer Protocol
THR-2026-01963,Synthetic Web Threats Observation,WEB THREATS,URL,https://example.com/demo/1963,Internal SOC,A,50,HIGH,69.5,FALSE_POSITIVE,2025-09-23,2025-10-10,SYNTHETIC / DEMO ONLY. Defensive analytics record.,Initial Access,Data from Local System
THR-2026-01964,Synthetic Ransomware Observation,RANSOMWARE,FILE HASH,03c402c325aed81c7a4e490148ad4c8539c8664c6eb83ff1335808499a4f448c,Unknown Source,D,89,LOW,51.4,FALSE_POSITIVE,2025-07-13,2025-08-03,SYNTHETIC / DEMO ONLY. Defensive analytics record.,Discovery,Data from Local System
THR-2026-01965,Synthetic Data Exposure Observation,DATA EXPOSURE,DOMAIN,example.org,Community Submission,C,70,HIGH,76.25,CLOSED,2025-12-21,2026-01-02,SYNTHETIC / DEMO ONLY. Defensive analytics record.,Discovery,Phishing
THR-2026-01966,Synthetic Network Threats Observation,NETWORK THREATS,IP ADDRESS,192.0.2.189,Internal SOC,A,58,HIGH,61.2,MONITORING,2025-07-26,2025-08-01,SYNTHETIC / DEMO ONLY. Defensive analytics record.,Initial Access,Valid Accounts
THR-2026-01967,Synthetic Credential Threats Observation,CREDENTIAL THREATS,IP ADDRESS,192.0.2.190,Research Report,C,41,LOW,52.65,UNDER_REVIEW,2025-05-29,2025-05-29,SYNTHETIC / DEMO ONLY. Defensive analytics record.,Command and Control,Valid Accounts
THR-2026-01968,Synthetic Malware Observation,MALWARE,CVE ID,CVE-2026-2968,Community Submission,C,84,HIGH,59.55,UNDER_REVIEW,2025-10-10,2025-10-11,SYNTHETIC / DEMO ONLY. Defensive analytics record.,Initial Access,Data from Local System
THR-2026-01969,Synthetic Social Engineering Observation,SOCIAL ENGINEERING,EMAIL/SENDER DOMAIN,example.org,Community Submission,C,41,HIGH,51.4,NEW,2025-12-16,2026-01-15,SYNTHETIC / DEMO ONLY. Defensive analytics record.,Credential Access,Network Service Discovery
THR-2026-01970,Synthetic Social Engineering Observation,SOCIAL ENGINEERING,IP ADDRESS,192.0.2.193,Unknown Source,D,98,LOW,60.3,FALSE_POSITIVE,2025-05-08,2025-06-01,SYNTHETIC / DEMO ONLY. Defensive analytics record.,Command and Control,Phishing
THR-2026-01971,Synthetic Malware Observation,MALWARE,CVE ID,CVE-2026-2971,Security Vendor,B,80,HIGH,77.8,NEW,2025-04-17,2025-04-25,SYNTHETIC / DEMO ONLY. Defensive analytics record.,Exfiltration,Network Service Discovery
THR-2026-01972,Synthetic Social Engineering Observation,SOCIAL ENGINEERING,EMAIL/SENDER DOMAIN,example.com,Public Threat Feed,B,36,MEDIUM,50.15,CLOSED,2025-09-18,2025-10-18,SYNTHETIC / DEMO ONLY. Defensive analytics record.,Discovery,Valid Accounts
THR-2026-01973,Synthetic Network Threats Observation,NETWORK THREATS,EMAIL/SENDER DOMAIN,example.org,Internal SOC,A,37,LOW,49.5,CLOSED,2025-04-06,2025-04-27,SYNTHETIC / DEMO ONLY. Defensive analytics record.,Exfiltration,Phishing
THR-2026-01974,Synthetic Social Engineering Observation,SOCIAL ENGINEERING,DOMAIN,example.net,Community Submission,C,42,HIGH,64.75,CLOSED,2025-11-05,2025-12-05,SYNTHETIC / DEMO ONLY. Defensive analytics record.,Initial Access,Application Layer Protocol
THR-2026-01975,Synthetic Phishing Observation,PHISHING,EMAIL/SENDER DOMAIN,example.org,Internal SOC,A,95,HIGH,68.65,FALSE_POSITIVE,2025-01-20,2025-02-08,SYNTHETIC / DEMO ONLY. Defensive analytics record.,Command and Control,Network Service Discovery
THR-2026-01976,Synthetic Social Engineering Observation,SOCIAL ENGINEERING,FILE HASH,0c2962fb306b799ebe6dd8b321aa47716c061ac7db312ad054370c3d015d04b0,Community Submission,C,60,HIGH,66.35,CLOSED,2025-12-12,2025-12-26,SYNTHETIC / DEMO ONLY. Defensive analytics record.,Exfiltration,Phishing
THR-2026-01977,Synthetic Phishing Observation,PHISHING,DOMAIN,example.org,Community Submission,C,36,HIGH,68.1,FALSE_POSITIVE,2025-07-05,2025-07-19,SYNTHETIC / DEMO ONLY. Defensive analytics record.,Initial Access,Phishing
THR-2026-01978,Synthetic Ransomware Observation,RANSOMWARE,CVE ID,CVE-2026-2978,Public Threat Feed,B,59,MEDIUM,54.8,NEW,2025-09-28,2025-10-03,SYNTHETIC / DEMO ONLY. Defensive analytics record.,Command and Control,Data from Local System
THR-2026-01979,Synthetic Phishing Observation,PHISHING,FILE HASH,08db80d61dc1a97bc58e8052472f2fc72a3d4bf284806b71779cc7355953162e,Research Report,C,80,HIGH,71.95,NEW,2025-01-25,2025-02-09,SYNTHETIC / DEMO ONLY. Defensive analytics record.,Command and Control,Application Layer Protocol
THR-2026-01980,Synthetic Network Threats Observation,NETWORK THREATS,IP ADDRESS,192.0.2.203,Unknown Source,D,50,MEDIUM,56.05,UNDER_REVIEW,2025-01-10,2025-02-02,SYNTHETIC / DEMO ONLY. Defensive analytics record.,Initial Access,Network Service Discovery
THR-2026-01981,Synthetic Phishing Observation,PHISHING,CVE ID,CVE-2026-2981,Research Report,C,73,LOW,48.5,NEW,2025-12-30,2026-01-14,SYNTHETIC / DEMO ONLY. Defensive analytics record.,Credential Access,Valid Accounts
THR-2026-01982,Synthetic Network Threats Observation,NETWORK THREATS,IP ADDRESS,192.0.2.205,Unknown Source,D,68,CRITICAL,65.6,NEW,2025-01-07,2025-01-30,SYNTHETIC / DEMO ONLY. Defensive analytics record.,Exfiltration,Data from Local System
THR-2026-01983,Synthetic Credential Threats Observation,CREDENTIAL THREATS,EMAIL/SENDER DOMAIN,example.org,Community Submission,C,72,LOW,50.0,MONITORING,2025-12-20,2025-12-20,SYNTHETIC / DEMO ONLY. Defensive analytics record.,Initial Access,Application Layer Protocol
THR-2026-01984,Synthetic Account Security Observation,ACCOUNT SECURITY,IP ADDRESS,192.0.2.207,Public Threat Feed,B,64,HIGH,56.4,NEW,2025-06-27,2025-07-26,SYNTHETIC / DEMO ONLY. Defensive analytics record.,Command and Control,Application Layer Protocol
THR-2026-01985,Synthetic Network Threats Observation,NETWORK THREATS,CVE ID,CVE-2026-2985,Research Report,C,72,MEDIUM,59.05,FALSE_POSITIVE,2025-01-25,2025-02-21,SYNTHETIC / DEMO ONLY. Defensive analytics record.,Discovery,Valid Accounts
THR-2026-01986,Synthetic Web Threats Observation,WEB THREATS,EMAIL/SENDER DOMAIN,example.com,Internal SOC,A,76,LOW,47.75,MONITORING,2025-04-21,2025-05-04,SYNTHETIC / DEMO ONLY. Defensive analytics record.,Credential Access,Application Layer Protocol
THR-2026-01987,Synthetic Data Exposure Observation,DATA EXPOSURE,EMAIL/SENDER DOMAIN,example.org,Internal SOC,A,75,HIGH,75.4,NEW,2025-07-13,2025-07-23,SYNTHETIC / DEMO ONLY. Defensive analytics record.,Credential Access,Data from Local System
THR-2026-01988,Synthetic Malware Observation,MALWARE,FILE HASH,a805fbe682a235f207b3dd7b848e6611117f0f870be813d3c72961d91eb99648,Public Threat Feed,B,47,CRITICAL,68.1,FALSE_POSITIVE,2025-06-25,2025-07-19,SYNTHETIC / DEMO ONLY. Defensive analytics record.,Command and Control,Data from Local System
THR-2026-01989,Synthetic Malware Observation,MALWARE,URL,https://example.com/demo/1989,Security Vendor,B,83,MEDIUM,67.1,UNDER_REVIEW,2025-05-10,2025-05-15,SYNTHETIC / DEMO ONLY. Defensive analytics record.,Command and Control,Phishing
THR-2026-01990,Synthetic Ransomware Observation,RANSOMWARE,URL,https://example.com/demo/1990,Research Report,C,82,HIGH,73.5,NEW,2025-05-07,2025-05-11,SYNTHETIC / DEMO ONLY. Defensive analytics record.,Discovery,Phishing
THR-2026-01991,Synthetic Social Engineering Observation,SOCIAL ENGINEERING,IP ADDRESS,192.0.2.214,Security Vendor,B,42,INFORMATIONAL,45.85,MONITORING,2025-06-30,2025-07-12,SYNTHETIC / DEMO ONLY. Defensive analytics record.,Command and Control,Data from Local System
THR-2026-01992,Synthetic Credential Threats Observation,CREDENTIAL THREATS,FILE HASH,f999ed17cecf714c6ce4219917638fc64664d85ee198a9b94247e9db57a3fd13,Internal SOC,A,62,HIGH,67.8,FALSE_POSITIVE,2025-07-28,2025-08-04,SYNTHETIC / DEMO ONLY. Defensive analytics record.,Initial Access,Valid Accounts
THR-2026-01993,Synthetic Social Engineering Observation,SOCIAL ENGINEERING,URL,https://example.com/demo/1993,Public Threat Feed,B,76,HIGH,75.5,UNDER_REVIEW,2025-06-19,2025-06-20,SYNTHETIC / DEMO ONLY. Defensive analytics record.,Exfiltration,Valid Accounts
THR-2026-01994,Synthetic Network Threats Observation,NETWORK THREATS,URL,https://example.com/demo/1994,Research Report,C,86,HIGH,69.35,MONITORING,2025-03-23,2025-04-08,SYNTHETIC / DEMO ONLY. Defensive analytics record.,Initial Access,Application Layer Protocol
THR-2026-01995,Synthetic Vulnerability Exposure Observation,VULNERABILITY EXPOSURE,FILE HASH,9da3908c7ca1c8f233b47a5c35064f8014a9fa1ec676aaf1456128bd815d5c55,Internal SOC,A,92,MEDIUM,72.3,NEW,2025-10-20,2025-11-04,SYNTHETIC / DEMO ONLY. Defensive analytics record.,Credential Access,Network Service Discovery
THR-2026-01996,Synthetic Credential Threats Observation,CREDENTIAL THREATS,CVE ID,CVE-2026-2996,Research Report,C,95,MEDIUM,64.3,UNDER_REVIEW,2025-02-26,2025-03-02,SYNTHETIC / DEMO ONLY. Defensive analytics record.,Exfiltration,Application Layer Protocol
THR-2026-01997,Synthetic Data Exposure Observation,DATA EXPOSURE,FILE HASH,c58f369cadbf902f3ca2e95e60f0f735393909af0d79634df091294b9916be49,Research Report,C,38,HIGH,65.0,UNDER_REVIEW,2025-06-14,2025-07-02,SYNTHETIC / DEMO ONLY. Defensive analytics record.,Credential Access,Phishing
THR-2026-01998,Synthetic Network Threats Observation,NETWORK THREATS,URL,https://example.com/demo/1998,Public Threat Feed,B,35,HIGH,57.4,UNDER_REVIEW,2025-02-26,2025-03-22,SYNTHETIC / DEMO ONLY. Defensive analytics record.,Command and Control,Valid Accounts
THR-2026-01999,Synthetic Account Security Observation,ACCOUNT SECURITY,FILE HASH,2ba62562b7bc441c06d33c8964dba1f136aa005298ad285824010be26416641f,Public Threat Feed,B,92,HIGH,70.4,MONITORING,2025-07-25,2025-07-31,SYNTHETIC / DEMO ONLY. Defensive analytics record.,Command and Control,Application Layer Protocol
THR-2026-02000,Synthetic Phishing Observation,PHISHING,CVE ID,CVE-2026-3000,Community Submission,C,94,MEDIUM,68.85,CLOSED,2025-08-24,2025-08-29,SYNTHETIC / DEMO ONLY. Defensive analytics record.,Initial Access,Data from Local System
